nohup: ignoring input
Resuming MAPPO from checkpoint scaffold: /mnt/data/checkpoints/usv_rl/headon41_checkpoints/headon41_step_0665280.pt
Using MAPPO scenario curriculum: ('two_usv_head_on', 'three_usv_crossing', 'three_usv_overtaking')
/home/chenhangwei/.local/lib/python3.12/site-packages/torch/cuda/__init__.py:283: UserWarning: 
    Found GPU0 Quadro P2000 which is of cuda capability 6.1.
    Minimum and Maximum cuda capability supported by this version of PyTorch is
    (7.0) - (12.0)
    
  warnings.warn(
/home/chenhangwei/.local/lib/python3.12/site-packages/torch/cuda/__init__.py:304: UserWarning: 
    Please install PyTorch with a following CUDA
    configurations:  12.6 following instructions at
    https://pytorch.org/get-started/locally/
    
  warnings.warn(matched_cuda_warn.format(matched_arches))
/home/chenhangwei/.local/lib/python3.12/site-packages/torch/cuda/__init__.py:326: UserWarning: 
Quadro P2000 with CUDA capability sm_61 is not compatible with the current PyTorch installation.
The current PyTorch install supports CUDA capabilities sm_70 sm_75 sm_80 sm_86 sm_90 sm_100 sm_120.
If you want to use the Quadro P2000 GPU with PyTorch, please check the instructions at https://pytorch.org/get-started/locally/

  warnings.warn(
Falling back to CPU for MAPPO training: CUDA device Quadro P2000 exposes sm_61, but current PyTorch only supports: sm_100 sm_120 sm_70 sm_75 sm_80 sm_86 sm_90
Using torch runtime: device=cpu, amp=False, tf32=False, torch_threads=8
Using parallel MAPPO samplers: workers=2, base_ros_domain_id=110
Resume state restored: completed_timesteps=665280, optimizer_restored=True, scaler_restored=True, next_checkpoint_step=670000
Observation normalizer state restored from checkpoint.
[INFO] [1774659068.579764673] [usv_01.velocity_controller_node]: 🔍 正在初始化速度控制器... 模式: MPC
[INFO] [1774659068.579818574] [usv_01.velocity_controller_node]: 🔍 正在初始化速度控制器... 模式: MPC
[INFO] [1774659068.581797109] [usv_01.velocity_controller_node]: 🛠️ 正在创建 VelocityPathTracker (MPC)...
[INFO] [1774659068.581855810] [usv_01.velocity_controller_node]: 🛠️ 正在创建 VelocityPathTracker (MPC)...
[INFO] [1774659069.312433042] [usv_01.velocity_controller_node]: ✅ VelocityPathTracker 初始化成功 (模式: MPC v5 标准)
[INFO] [1774659069.313281657] [usv_01.velocity_controller_node]: ✅ VelocityPathTracker 初始化成功 (模式: MPC v5 标准)
[INFO] [1774659069.332696693] [usv_01.velocity_controller_node]: ============================================================
[INFO] [1774659069.332781294] [usv_01.velocity_controller_node]: ============================================================
[INFO] [1774659069.337445075] [usv_01.velocity_controller_node]: USV 速度控制器节点已启动
[INFO] [1774659069.338813799] [usv_01.velocity_controller_node]: USV 速度控制器节点已启动
[INFO] [1774659069.344682100] [usv_01.velocity_controller_node]:   控制模式: velocity
[INFO] [1774659069.346807837] [usv_01.velocity_controller_node]:   控制模式: velocity
[INFO] [1774659069.350750205] [usv_01.velocity_controller_node]:   功能: 常规导航 + 避障 + 旋转机动
[INFO] [1774659069.352928843] [usv_01.velocity_controller_node]:   功能: 常规导航 + 避障 + 旋转机动
[INFO] [1774659069.356615006] [usv_01.velocity_controller_node]:   输出: 速度指令 → setpoint_raw/local
[INFO] [1774659069.358660842] [usv_01.velocity_controller_node]:   输出: 速度指令 → setpoint_raw/local
[INFO] [1774659069.361614993] [usv_01.velocity_controller_node]:   APF避碰: 已启用 (统一邻船话题=apf/neighbors, 安全半径=3.00m)
[INFO] [1774659069.362622110] [usv_01.velocity_controller_node]:   APF避碰: 已启用 (统一邻船话题=apf/neighbors, 安全半径=3.00m)
[INFO] [1774659069.364871549] [usv_01.velocity_controller_node]:   航向估计: L1风格（飞控EKF速度向量优先，低速回退磁力计）
[INFO] [1774659069.366412976] [usv_01.velocity_controller_node]:   航向估计: L1风格（飞控EKF速度向量优先，低速回退磁力计）
[INFO] [1774659069.368192107] [usv_01.velocity_controller_node]:   控制器类型: MPC
[INFO] [1774659069.369509229] [usv_01.velocity_controller_node]:   控制器类型: MPC
[INFO] [1774659069.371312061] [usv_01.velocity_controller_node]:   AMPC 在线辨识: 未启用 (使用固定 tau_omega)
[INFO] [1774659069.372611283] [usv_01.velocity_controller_node]:   AMPC 在线辨识: 未启用 (使用固定 tau_omega)
[INFO] [1774659069.374462915] [usv_01.velocity_controller_node]:   巡航速度: 0.4 m/s
[INFO] [1774659069.375673136] [usv_01.velocity_controller_node]:   巡航速度: 0.4 m/s
[INFO] [1774659069.377533268] [usv_01.velocity_controller_node]:   最大角速度: 0.4 rad/s
[INFO] [1774659069.378732789] [usv_01.velocity_controller_node]:   最大角速度: 0.4 rad/s
[INFO] [1774659069.380600821] [usv_01.velocity_controller_node]:   到达阈值: 0.5 m
[INFO] [1774659069.382130548] [usv_01.velocity_controller_node]:   到达阈值: 0.5 m
[INFO] [1774659069.384520989] [usv_01.velocity_controller_node]:   切换阈值: 1.5 m
[INFO] [1774659069.385258102] [usv_01.velocity_controller_node]:   切换阈值: 1.5 m
[INFO] [1774659069.387632943] [usv_01.velocity_controller_node]: ============================================================
[INFO] [1774659069.388299154] [usv_01.velocity_controller_node]: ============================================================
[INFO] [1774659069.415528825] [usv_02.velocity_controller_node]: 🔍 正在初始化速度控制器... 模式: MPC
[INFO] [1774659069.417935967] [usv_02.velocity_controller_node]: 🔍 正在初始化速度控制器... 模式: MPC
[INFO] [1774659069.418056969] [usv_02.velocity_controller_node]: 🛠️ 正在创建 VelocityPathTracker (MPC)...
[INFO] [1774659069.421077121] [usv_02.velocity_controller_node]: 🛠️ 正在创建 VelocityPathTracker (MPC)...
[INFO] [1774659069.451717151] [usv_02.velocity_controller_node]: ✅ VelocityPathTracker 初始化成功 (模式: MPC v5 标准)
[INFO] [1774659069.453633984] [usv_02.velocity_controller_node]: ✅ VelocityPathTracker 初始化成功 (模式: MPC v5 标准)
[INFO] [1774659069.466104100] [usv_02.velocity_controller_node]: ============================================================
[INFO] [1774659069.469051251] [usv_02.velocity_controller_node]: ============================================================
[INFO] [1774659069.471018685] [usv_02.velocity_controller_node]: USV 速度控制器节点已启动
[INFO] [1774659069.472156504] [usv_02.velocity_controller_node]: USV 速度控制器节点已启动
[INFO] [1774659069.474002736] [usv_02.velocity_controller_node]:   控制模式: velocity
[INFO] [1774659069.475045854] [usv_02.velocity_controller_node]:   控制模式: velocity
[INFO] [1774659069.477201592] [usv_02.velocity_controller_node]:   功能: 常规导航 + 避障 + 旋转机动
[INFO] [1774659069.479991640] [usv_02.velocity_controller_node]:   功能: 常规导航 + 避障 + 旋转机动
[INFO] [1774659069.480110742] [usv_02.velocity_controller_node]:   输出: 速度指令 → setpoint_raw/local
[INFO] [1774659069.483058093] [usv_02.velocity_controller_node]:   APF避碰: 已启用 (统一邻船话题=apf/neighbors, 安全半径=3.00m)
[INFO] [1774659069.483765705] [usv_02.velocity_controller_node]:   输出: 速度指令 → setpoint_raw/local
[INFO] [1774659069.486420151] [usv_02.velocity_controller_node]:   航向估计: L1风格（飞控EKF速度向量优先，低速回退磁力计）
[INFO] [1774659069.486858459] [usv_02.velocity_controller_node]:   APF避碰: 已启用 (统一邻船话题=apf/neighbors, 安全半径=3.00m)
[INFO] [1774659069.489475004] [usv_02.velocity_controller_node]:   控制器类型: MPC
[INFO] [1774659069.490082214] [usv_02.velocity_controller_node]:   航向估计: L1风格（飞控EKF速度向量优先，低速回退磁力计）
[INFO] [1774659069.492550557] [usv_02.velocity_controller_node]:   AMPC 在线辨识: 未启用 (使用固定 tau_omega)
[INFO] [1774659069.493457773] [usv_02.velocity_controller_node]:   控制器类型: MPC
[INFO] [1774659069.495861914] [usv_02.velocity_controller_node]:   巡航速度: 0.4 m/s
[INFO] [1774659069.497510343] [usv_02.velocity_controller_node]:   AMPC 在线辨识: 未启用 (使用固定 tau_omega)
[INFO] [1774659069.499177472] [usv_02.velocity_controller_node]:   最大角速度: 0.4 rad/s
[INFO] [1774659069.501361509] [usv_02.velocity_controller_node]:   巡航速度: 0.4 m/s
[INFO] [1774659069.502397227] [usv_02.velocity_controller_node]:   到达阈值: 0.5 m
[INFO] [1774659069.505532382] [usv_02.velocity_controller_node]:   最大角速度: 0.4 rad/s
[INFO] [1774659069.507483815] [usv_02.velocity_controller_node]:   切换阈值: 1.5 m
[INFO] [1774659069.509188845] [usv_02.velocity_controller_node]:   到达阈值: 0.5 m
[INFO] [1774659069.512298499] [usv_02.velocity_controller_node]:   切换阈值: 1.5 m
[INFO] [1774659069.513517620] [usv_02.velocity_controller_node]: ============================================================
[INFO] [1774659069.515668157] [usv_02.velocity_controller_node]: ============================================================
[INFO] [1774659069.544585057] [usv_03.velocity_controller_node]: 🔍 正在初始化速度控制器... 模式: MPC
[INFO] [1774659069.546150384] [usv_03.velocity_controller_node]: 🔍 正在初始化速度控制器... 模式: MPC
[INFO] [1774659069.549164936] [usv_03.velocity_controller_node]: 🛠️ 正在创建 VelocityPathTracker (MPC)...
[INFO] [1774659069.550503459] [usv_03.velocity_controller_node]: 🛠️ 正在创建 VelocityPathTracker (MPC)...
[INFO] [1774659069.584206642] [usv_03.velocity_controller_node]: ✅ VelocityPathTracker 初始化成功 (模式: MPC v5 标准)
[INFO] [1774659069.587531299] [usv_03.velocity_controller_node]: ✅ VelocityPathTracker 初始化成功 (模式: MPC v5 标准)
[INFO] [1774659069.598610491] [usv_03.velocity_controller_node]: ============================================================
[INFO] [1774659069.602582560] [usv_03.velocity_controller_node]: ============================================================
[INFO] [1774659069.603596577] [usv_03.velocity_controller_node]: USV 速度控制器节点已启动
[INFO] [1774659069.606065020] [usv_03.velocity_controller_node]: USV 速度控制器节点已启动
[INFO] [1774659069.606894634] [usv_03.velocity_controller_node]:   控制模式: velocity
[INFO] [1774659069.609101272] [usv_03.velocity_controller_node]:   控制模式: velocity
[INFO] [1774659069.609801885] [usv_03.velocity_controller_node]:   功能: 常规导航 + 避障 + 旋转机动
[INFO] [1774659069.611956222] [usv_03.velocity_controller_node]:   功能: 常规导航 + 避障 + 旋转机动
[INFO] [1774659069.612735635] [usv_03.velocity_controller_node]:   输出: 速度指令 → setpoint_raw/local
[INFO] [1774659069.615303980] [usv_03.velocity_controller_node]:   输出: 速度指令 → setpoint_raw/local
[INFO] [1774659069.616220796] [usv_03.velocity_controller_node]:   APF避碰: 已启用 (统一邻船话题=apf/neighbors, 安全半径=3.00m)
[INFO] [1774659069.619141746] [usv_03.velocity_controller_node]:   APF避碰: 已启用 (统一邻船话题=apf/neighbors, 安全半径=3.00m)
[INFO] [1774659069.619318649] [usv_03.velocity_controller_node]:   航向估计: L1风格（飞控EKF速度向量优先，低速回退磁力计）
[INFO] [1774659069.622177399] [usv_03.velocity_controller_node]:   航向估计: L1风格（飞控EKF速度向量优先，低速回退磁力计）
[INFO] [1774659069.622361702] [usv_03.velocity_controller_node]:   控制器类型: MPC
[INFO] [1774659069.625461555] [usv_03.velocity_controller_node]:   AMPC 在线辨识: 未启用 (使用固定 tau_omega)
[INFO] [1774659069.625639758] [usv_03.velocity_controller_node]:   控制器类型: MPC
[INFO] [1774659069.628732912] [usv_03.velocity_controller_node]:   巡航速度: 0.4 m/s
[INFO] [1774659069.628791613] [usv_03.velocity_controller_node]:   AMPC 在线辨识: 未启用 (使用固定 tau_omega)
[INFO] [1774659069.632194272] [usv_03.velocity_controller_node]:   最大角速度: 0.4 rad/s
[INFO] [1774659069.632322474] [usv_03.velocity_controller_node]:   巡航速度: 0.4 m/s
[INFO] [1774659069.635428428] [usv_03.velocity_controller_node]:   最大角速度: 0.4 rad/s
[INFO] [1774659069.635487629] [usv_03.velocity_controller_node]:   到达阈值: 0.5 m
[INFO] [1774659069.638551082] [usv_03.velocity_controller_node]:   到达阈值: 0.5 m
[INFO] [1774659069.638868487] [usv_03.velocity_controller_node]:   切换阈值: 1.5 m
[INFO] [1774659069.641592834] [usv_03.velocity_controller_node]:   切换阈值: 1.5 m
[INFO] [1774659069.641991041] [usv_03.velocity_controller_node]: ============================================================
[INFO] [1774659069.645301698] [usv_03.velocity_controller_node]: ============================================================
[INFO] [1774659070.216662778] [usv_01.velocity_controller_node]: 📨 velocity_controller 收到目标 [ID=1001]: (12.13, 0.04), nav_mode=0, control_mode=velocity
[INFO] [1774659070.221184456] [usv_01.velocity_controller_node]: 📊 导航状态: IDLE → ACTIVE (新导航目标[ID=1001])
[INFO] [1774659070.221708765] [usv_01.velocity_controller_node]: 🎯 新导航目标 [ID=1001]: (12.13, 0.04), 速度=0.40 m/s
[INFO] [1774659070.272925451] [usv_01.velocity_controller_node]: 📨 velocity_controller 收到目标 [ID=1001]: (12.13, 0.04), nav_mode=0, control_mode=velocity
[INFO] [1774659070.290325552] [usv_01.velocity_controller_node]: 📨 velocity_controller 收到目标 [ID=1001]: (12.12, 0.17), nav_mode=0, control_mode=velocity
[INFO] [1774659070.290927662] [usv_01.velocity_controller_node]: 📊 导航状态: IDLE → ACTIVE (新导航目标[ID=1001])
[INFO] [1774659070.291391670] [usv_01.velocity_controller_node]: 🎯 新导航目标 [ID=1001]: (12.12, 0.17), 速度=0.40 m/s
[INFO] [1774659070.319419155] [usv_01.velocity_controller_node]: 📨 velocity_controller 收到目标 [ID=1001]: (12.13, 0.04), nav_mode=0, control_mode=velocity
[INFO] [1774659070.341038929] [usv_01.velocity_controller_node]: 📨 velocity_controller 收到目标 [ID=1001]: (12.12, 0.17), nav_mode=0, control_mode=velocity
[INFO] [1774659070.379283790] [usv_01.velocity_controller_node]: 📨 velocity_controller 收到目标 [ID=1001]: (12.13, 0.04), nav_mode=0, control_mode=velocity
[INFO] [1774659070.406975369] [usv_01.velocity_controller_node]: 📨 velocity_controller 收到目标 [ID=1001]: (12.12, 0.17), nav_mode=0, control_mode=velocity
[INFO] [1774659070.420659306] [usv_01.velocity_controller_node]: 📨 velocity_controller 收到目标 [ID=1001]: (12.13, 0.04), nav_mode=0, control_mode=velocity
[INFO] [1774659070.445079528] [usv_01.velocity_controller_node]: 📨 velocity_controller 收到目标 [ID=1001]: (12.12, 0.17), nav_mode=0, control_mode=velocity
[INFO] [1774659070.469036442] [usv_02.velocity_controller_node]: 📨 velocity_controller 收到目标 [ID=2001]: (-0.33, -0.31), nav_mode=0, control_mode=velocity
[INFO] [1774659070.472499802] [usv_02.velocity_controller_node]: 📊 导航状态: IDLE → ACTIVE (新导航目标[ID=2001])
[INFO] [1774659070.472973110] [usv_02.velocity_controller_node]: 🎯 新导航目标 [ID=2001]: (-0.33, -0.31), 速度=0.40 m/s
[INFO] [1774659070.505988281] [usv_01.velocity_controller_node]: 📨 velocity_controller 收到目标 [ID=1001]: (12.12, 0.17), nav_mode=0, control_mode=velocity
[INFO] [1774659070.521756254] [usv_02.velocity_controller_node]: 📨 velocity_controller 收到目标 [ID=2001]: (-0.33, -0.31), nav_mode=0, control_mode=velocity
[INFO] [1774659070.555658740] [usv_02.velocity_controller_node]: 📨 velocity_controller 收到目标 [ID=2001]: (-0.22, -0.11), nav_mode=0, control_mode=velocity
[INFO] [1774659070.559150300] [usv_02.velocity_controller_node]: 📊 导航状态: IDLE → ACTIVE (新导航目标[ID=2001])
[INFO] [1774659070.559635709] [usv_02.velocity_controller_node]: 🎯 新导航目标 [ID=2001]: (-0.22, -0.11), 速度=0.40 m/s
[INFO] [1774659070.572856437] [usv_02.velocity_controller_node]: 📨 velocity_controller 收到目标 [ID=2001]: (-0.33, -0.31), nav_mode=0, control_mode=velocity
[INFO] [1774659070.609483971] [usv_02.velocity_controller_node]: 📨 velocity_controller 收到目标 [ID=2001]: (-0.22, -0.11), nav_mode=0, control_mode=velocity
[INFO] [1774659070.621205373] [usv_02.velocity_controller_node]: 📨 velocity_controller 收到目标 [ID=2001]: (-0.33, -0.31), nav_mode=0, control_mode=velocity
[INFO] [1774659070.657248597] [usv_02.velocity_controller_node]: 📨 velocity_controller 收到目标 [ID=2001]: (-0.22, -0.11), nav_mode=0, control_mode=velocity
[INFO] [1774659070.673017169] [usv_02.velocity_controller_node]: 📨 velocity_controller 收到目标 [ID=2001]: (-0.33, -0.31), nav_mode=0, control_mode=velocity
[INFO] [1774659070.706737052] [usv_02.velocity_controller_node]: 📨 velocity_controller 收到目标 [ID=2001]: (-0.22, -0.11), nav_mode=0, control_mode=velocity
[INFO] [1774659070.722010317] [usv_03.velocity_controller_node]: 📨 velocity_controller 收到目标 [ID=3001]: (-0.27, 13.08), nav_mode=0, control_mode=velocity
[INFO] [1774659070.722449724] [usv_03.velocity_controller_node]: 📊 导航状态: IDLE → ACTIVE (新导航目标[ID=3001])
[INFO] [1774659070.722934833] [usv_03.velocity_controller_node]: 🎯 新导航目标 [ID=3001]: (-0.27, 13.08), 速度=0.40 m/s
[INFO] [1774659070.764194246] [usv_02.velocity_controller_node]: 📨 velocity_controller 收到目标 [ID=2001]: (-0.22, -0.11), nav_mode=0, control_mode=velocity
[INFO] [1774659070.775124735] [usv_03.velocity_controller_node]: 📨 velocity_controller 收到目标 [ID=3001]: (-0.27, 13.08), nav_mode=0, control_mode=velocity
[INFO] [1774659070.801935899] [usv_03.velocity_controller_node]: 📨 velocity_controller 收到目标 [ID=3001]: (-0.26, 13.25), nav_mode=0, control_mode=velocity
[INFO] [1774659070.810482446] [usv_03.velocity_controller_node]: 📊 导航状态: IDLE → ACTIVE (新导航目标[ID=3001])
[INFO] [1774659070.811001855] [usv_03.velocity_controller_node]: 🎯 新导航目标 [ID=3001]: (-0.26, 13.25), 速度=0.40 m/s
[INFO] [1774659070.823206066] [usv_03.velocity_controller_node]: 📨 velocity_controller 收到目标 [ID=3001]: (-0.27, 13.08), nav_mode=0, control_mode=velocity
[INFO] [1774659070.851212951] [usv_03.velocity_controller_node]: 📨 velocity_controller 收到目标 [ID=3001]: (-0.26, 13.25), nav_mode=0, control_mode=velocity
[INFO] [1774659070.886291257] [usv_03.velocity_controller_node]: 📨 velocity_controller 收到目标 [ID=3001]: (-0.27, 13.08), nav_mode=0, control_mode=velocity
[INFO] [1774659070.908889748] [usv_03.velocity_controller_node]: 📨 velocity_controller 收到目标 [ID=3001]: (-0.26, 13.25), nav_mode=0, control_mode=velocity
[INFO] [1774659070.924898625] [usv_03.velocity_controller_node]: 📨 velocity_controller 收到目标 [ID=3001]: (-0.27, 13.08), nav_mode=0, control_mode=velocity
[INFO] [1774659070.956858877] [usv_03.velocity_controller_node]: 📨 velocity_controller 收到目标 [ID=3001]: (-0.26, 13.25), nav_mode=0, control_mode=velocity
[INFO] [1774659071.012620342] [usv_03.velocity_controller_node]: 📨 velocity_controller 收到目标 [ID=3001]: (-0.26, 13.25), nav_mode=0, control_mode=velocity
[INFO] [1774659072.200622584] [usv_01.velocity_controller_node]: 🚀 纯RL导航中: rl(vx=0.40, ω=0.40) -> final(vx=0.40, ω=0.40), raw仅观测(vx=0.35, ω=0.10), 距离=11.86m, 队列=0
[INFO] [1774659072.310291581] [usv_01.velocity_controller_node]: 🚀 纯RL导航中: rl(vx=0.12, ω=-0.40) -> final(vx=0.12, ω=-0.40), raw仅观测(vx=0.23, ω=-0.37), 距离=11.85m, 队列=0
[INFO] [1774659072.487198540] [usv_02.velocity_controller_node]: 🚀 纯RL导航中: rl(vx=0.40, ω=-0.40) -> final(vx=0.40, ω=-0.40), raw仅观测(vx=0.12, ω=0.40), 距离=12.12m, 队列=0
[INFO] [1774659072.536193887] [usv_02.velocity_controller_node]: 🚀 纯RL导航中: rl(vx=0.40, ω=-0.40) -> final(vx=0.40, ω=-0.40), raw仅观测(vx=0.12, ω=0.40), 距离=11.90m, 队列=0
[INFO] [1774659072.711652121] [usv_03.velocity_controller_node]: 🚀 纯RL导航中: rl(vx=0.40, ω=0.31) -> final(vx=0.40, ω=0.31), raw仅观测(vx=0.10, ω=0.14), 距离=1.71m, 队列=0
[INFO] [1774659072.773101284] [usv_03.velocity_controller_node]: 🚀 纯RL导航中: rl(vx=0.12, ω=0.40) -> final(vx=0.12, ω=0.40), raw仅观测(vx=0.40, ω=-0.19), 距离=1.96m, 队列=0
[INFO] [1774659074.208796500] [usv_01.velocity_controller_node]: 🚀 纯RL导航中: rl(vx=0.40, ω=0.40) -> final(vx=0.40, ω=0.40), raw仅观测(vx=0.37, ω=0.27), 距离=11.28m, 队列=0
[INFO] [1774659074.295364596] [usv_01.velocity_controller_node]: 🚀 纯RL导航中: rl(vx=0.12, ω=-0.40) -> final(vx=0.12, ω=-0.40), raw仅观测(vx=0.40, ω=0.21), 距离=11.15m, 队列=0
[INFO] [1774659074.537709083] [usv_02.velocity_controller_node]: 🚀 纯RL导航中: rl(vx=0.12, ω=-0.40) -> final(vx=0.12, ω=-0.40), raw仅观测(vx=0.24, ω=0.33), 距离=11.15m, 队列=0
[INFO] [1774659074.542452765] [usv_02.velocity_controller_node]: 🚀 纯RL导航中: rl(vx=0.12, ω=0.35) -> final(vx=0.12, ω=0.35), raw仅观测(vx=0.40, ω=-0.16), 距离=11.46m, 队列=0
[INFO] [1774659074.741164599] [usv_03.velocity_controller_node]: 🚀 纯RL导航中: rl(vx=0.12, ω=0.40) -> final(vx=0.12, ω=0.40), raw仅观测(vx=0.08, ω=-0.08), 距离=1.05m, 队列=0
[INFO] [1774659074.774051767] [usv_03.velocity_controller_node]: 🚀 纯RL导航中: rl(vx=0.40, ω=-0.40) -> final(vx=0.40, ω=-0.40), raw仅观测(vx=0.10, ω=-0.05), 距离=1.48m, 队列=0
[INFO] [1774659076.204541885] [usv_01.velocity_controller_node]: 🚀 纯RL导航中: rl(vx=0.12, ω=0.33) -> final(vx=0.12, ω=0.33), raw仅观测(vx=0.40, ω=-0.12), 距离=10.72m, 队列=0
[INFO] [1774659076.304325209] [usv_01.velocity_controller_node]: 🚀 纯RL导航中: rl(vx=0.40, ω=0.40) -> final(vx=0.40, ω=0.40), raw仅观测(vx=0.12, ω=0.40), 距离=10.87m, 队列=0
[INFO] [1774659076.530260814] [usv_02.velocity_controller_node]: 🚀 纯RL导航中: rl(vx=0.12, ω=0.40) -> final(vx=0.12, ω=0.40), raw仅观测(vx=0.36, ω=0.21), 距离=10.68m, 队列=0
[INFO] [1774659076.635252228] [usv_02.velocity_controller_node]: 🚀 纯RL导航中: rl(vx=0.12, ω=-0.40) -> final(vx=0.12, ω=-0.40), raw仅观测(vx=0.40, ω=0.22), 距离=10.79m, 队列=0
[INFO] [1774659076.710673031] [usv_03.velocity_controller_node]: 🚀 纯RL导航中: rl(vx=0.12, ω=-0.40) -> final(vx=0.12, ω=-0.40), raw仅观测(vx=0.00, ω=0.00), 距离=0.65m, 队列=0
[INFO] [1774659076.782192167] [usv_03.velocity_controller_node]: 🚀 纯RL导航中: rl(vx=0.40, ω=0.40) -> final(vx=0.40, ω=0.40), raw仅观测(vx=0.05, ω=0.15), 距离=0.77m, 队列=0
[INFO] [1774659078.208784118] [usv_01.velocity_controller_node]: 🚀 纯RL导航中: rl(vx=0.12, ω=-0.40) -> final(vx=0.12, ω=-0.40), raw仅观测(vx=0.40, ω=0.01), 距离=10.26m, 队列=0
[INFO] [1774659078.321383363] [usv_01.velocity_controller_node]: 🚀 纯RL导航中: rl(vx=0.40, ω=-0.40) -> final(vx=0.40, ω=-0.40), raw仅观测(vx=0.12, ω=0.40), 距离=10.47m, 队列=0
[INFO] [1774659078.630277801] [usv_02.velocity_controller_node]: 🚀 纯RL导航中: rl(vx=0.40, ω=0.20) -> final(vx=0.40, ω=0.20), raw仅观测(vx=0.40, ω=0.17), 距离=10.35m, 队列=0
[INFO] [1774659078.708739657] [usv_03.velocity_controller_node]: 🚀 纯RL导航中: rl(vx=0.12, ω=0.20) -> final(vx=0.12, ω=0.20), raw仅观测(vx=0.00, ω=0.00), 距离=0.36m, 队列=0
[INFO] [1774659078.738077763] [usv_02.velocity_controller_node]: 🚀 纯RL导航中: rl(vx=0.40, ω=0.40) -> final(vx=0.40, ω=0.40), raw仅观测(vx=0.14, ω=0.40), 距离=10.41m, 队列=0
[INFO] [1774659078.775033302] [usv_03.velocity_controller_node]: 🚀 纯RL导航中: rl(vx=0.12, ω=-0.40) -> final(vx=0.12, ω=-0.40), raw仅观测(vx=0.00, ω=0.00), 距离=0.22m, 队列=0
[INFO] [1774659080.209988097] [usv_01.velocity_controller_node]: 🚀 纯RL导航中: rl(vx=0.12, ω=-0.40) -> final(vx=0.12, ω=-0.40), raw仅观测(vx=0.33, ω=0.09), 距离=9.74m, 队列=0
[INFO] [1774659080.316071930] [usv_01.velocity_controller_node]: 🚀 纯RL导航中: rl(vx=0.12, ω=0.40) -> final(vx=0.12, ω=0.40), raw仅观测(vx=0.12, ω=0.40), 距离=9.87m, 队列=0
[INFO] [1774659080.709147723] [usv_03.velocity_controller_node]: 🚀 纯RL导航中: rl(vx=0.40, ω=-0.40) -> final(vx=0.40, ω=-0.40), raw仅观测(vx=0.00, ω=0.00), 距离=0.87m, 队列=0
[INFO] [1774659080.751912962] [usv_02.velocity_controller_node]: 🚀 纯RL导航中: rl(vx=0.12, ω=0.40) -> final(vx=0.12, ω=0.40), raw仅观测(vx=0.23, ω=0.27), 距离=9.79m, 队列=0
[INFO] [1774659080.761210422] [usv_03.velocity_controller_node]: 🚀 纯RL导航中: rl(vx=0.31, ω=-0.40) -> final(vx=0.31, ω=-0.40), raw仅观测(vx=0.00, ω=0.00), 距离=0.31m, 队列=0
[INFO] [1774659080.783059000] [usv_02.velocity_controller_node]: 🚀 纯RL导航中: rl(vx=0.40, ω=-0.40) -> final(vx=0.40, ω=-0.40), raw仅观测(vx=0.26, ω=0.22), 距离=9.79m, 队列=0
[INFO] [1774659082.208741139] [usv_01.velocity_controller_node]: 🚀 纯RL导航中: rl(vx=0.40, ω=0.40) -> final(vx=0.40, ω=0.40), raw仅观测(vx=0.18, ω=0.17), 距离=9.22m, 队列=0
[INFO] [1774659082.311380913] [usv_01.velocity_controller_node]: 🚀 纯RL导航中: rl(vx=0.40, ω=0.15) -> final(vx=0.40, ω=0.15), raw仅观测(vx=0.12, ω=0.40), 距离=9.24m, 队列=0
[INFO] [1774659082.708789382] [usv_03.velocity_controller_node]: 🚀 纯RL导航中: rl(vx=0.40, ω=-0.40) -> final(vx=0.40, ω=-0.40), raw仅观测(vx=0.00, ω=0.00), 距离=1.18m, 队列=0
[INFO] [1774659082.760984284] [usv_03.velocity_controller_node]: 🚀 纯RL导航中: rl(vx=0.40, ω=-0.40) -> final(vx=0.40, ω=-0.40), raw仅观测(vx=0.00, ω=0.00), 距离=1.09m, 队列=0
[INFO] [1774659082.786637528] [usv_02.velocity_controller_node]: 🚀 纯RL导航中: rl(vx=0.40, ω=0.40) -> final(vx=0.40, ω=0.40), raw仅观测(vx=0.17, ω=0.36), 距离=9.22m, 队列=0
[INFO] [1774659082.833443537] [usv_02.velocity_controller_node]: 🚀 纯RL导航中: rl(vx=0.12, ω=-0.40) -> final(vx=0.12, ω=-0.40), raw仅观测(vx=0.12, ω=0.40), 距离=8.96m, 队列=0
[INFO] [1774659084.254312597] [usv_01.velocity_controller_node]: 🚀 纯RL导航中: rl(vx=0.40, ω=-0.40) -> final(vx=0.40, ω=-0.40), raw仅观测(vx=0.12, ω=0.40), 距离=8.64m, 队列=0
[INFO] [1774659084.362746571] [usv_01.velocity_controller_node]: 🚀 纯RL导航中: rl(vx=0.40, ω=-0.24) -> final(vx=0.40, ω=-0.24), raw仅观测(vx=0.40, ω=0.03), 距离=8.82m, 队列=0
[INFO] [1774659084.707385128] [usv_03.velocity_controller_node]: 🚀 纯RL导航中: rl(vx=0.40, ω=0.40) -> final(vx=0.40, ω=0.40), raw仅观测(vx=0.00, ω=0.00), 距离=1.67m, 队列=0
[INFO] [1774659084.761840469] [usv_03.velocity_controller_node]: 🚀 纯RL导航中: rl(vx=0.40, ω=-0.40) -> final(vx=0.40, ω=-0.40), raw仅观测(vx=0.00, ω=0.00), 距离=1.48m, 队列=0
[INFO] [1774659084.834297422] [usv_02.velocity_controller_node]: 🚀 纯RL导航中: rl(vx=0.40, ω=0.40) -> final(vx=0.40, ω=0.40), raw仅观测(vx=0.30, ω=0.18), 距离=8.65m, 队列=0
[INFO] [1774659084.884544290] [usv_02.velocity_controller_node]: 🚀 纯RL导航中: rl(vx=0.12, ω=-0.40) -> final(vx=0.12, ω=-0.40), raw仅观测(vx=0.20, ω=0.26), 距离=8.59m, 队列=0
[INFO] [1774659086.261086783] [usv_01.velocity_controller_node]: 🚀 纯RL导航中: rl(vx=0.40, ω=-0.24) -> final(vx=0.40, ω=-0.24), raw仅观测(vx=0.16, ω=0.13), 距离=8.30m, 队列=0
[INFO] [1774659086.365965296] [usv_01.velocity_controller_node]: 🚀 纯RL导航中: rl(vx=0.40, ω=-0.02) -> final(vx=0.40, ω=-0.02), raw仅观测(vx=0.12, ω=0.40), 距离=8.31m, 队列=0
[INFO] [1774659086.708183012] [usv_03.velocity_controller_node]: 🚀 纯RL导航中: rl(vx=0.40, ω=0.40) -> final(vx=0.40, ω=0.40), raw仅观测(vx=0.00, ω=0.00), 距离=2.11m, 队列=0
[INFO] [1774659086.760051608] [usv_03.velocity_controller_node]: 🚀 纯RL导航中: rl(vx=0.12, ω=0.40) -> final(vx=0.12, ω=0.40), raw仅观测(vx=0.00, ω=0.00), 距离=1.89m, 队列=0
[INFO] [1774659086.836221525] [usv_02.velocity_controller_node]: 🚀 纯RL导航中: rl(vx=0.12, ω=-0.40) -> final(vx=0.12, ω=-0.40), raw仅观测(vx=0.37, ω=0.20), 距离=8.02m, 队列=0
[INFO] [1774659086.889636948] [usv_02.velocity_controller_node]: 🚀 纯RL导航中: rl(vx=0.40, ω=0.06) -> final(vx=0.40, ω=0.06), raw仅观测(vx=0.20, ω=0.18), 距离=8.11m, 队列=0
[INFO] [1774659088.251432986] [usv_01.velocity_controller_node]: 🚀 纯RL导航中: rl(vx=0.12, ω=-0.40) -> final(vx=0.12, ω=-0.40), raw仅观测(vx=0.00, ω=0.00), 距离=7.57m, 队列=0
[INFO] [1774659088.408118995] [usv_01.velocity_controller_node]: 🚀 纯RL导航中: rl(vx=0.40, ω=-0.12) -> final(vx=0.40, ω=-0.12), raw仅观测(vx=0.00, ω=0.00), 距离=7.88m, 队列=0
[INFO] [1774659088.702313280] [usv_03.velocity_controller_node]: 🚀 纯RL导航中: rl(vx=0.12, ω=0.40) -> final(vx=0.12, ω=0.40), raw仅观测(vx=0.00, ω=0.00), 距离=2.49m, 队列=0
[INFO] [1774659088.911656598] [usv_03.velocity_controller_node]: 🚀 纯RL导航中: rl(vx=0.12, ω=-0.40) -> final(vx=0.12, ω=-0.40), raw仅观测(vx=0.00, ω=0.00), 距离=2.39m, 队列=0
[INFO] [1774659088.931196436] [usv_02.velocity_controller_node]: 🚀 纯RL导航中: rl(vx=0.40, ω=-0.40) -> final(vx=0.40, ω=-0.40), raw仅观测(vx=0.00, ω=0.00), 距离=7.41m, 队列=0
[INFO] [1774659088.960923350] [usv_02.velocity_controller_node]: 🚀 纯RL导航中: rl(vx=0.12, ω=-0.33) -> final(vx=0.12, ω=-0.33), raw仅观测(vx=0.00, ω=0.00), 距离=7.45m, 队列=0
[INFO] [1774659090.248056816] [usv_01.velocity_controller_node]: 🚀 纯RL导航中: rl(vx=0.12, ω=-0.40) -> final(vx=0.12, ω=-0.40), raw仅观测(vx=0.00, ω=0.00), 距离=7.10m, 队列=0
[INFO] [1774659090.397288999] [usv_01.velocity_controller_node]: 🚀 纯RL导航中: rl(vx=0.12, ω=-0.40) -> final(vx=0.12, ω=-0.40), raw仅观测(vx=0.00, ω=0.00), 距离=7.50m, 队列=0
[INFO] [1774659090.710656223] [usv_03.velocity_controller_node]: 🚀 纯RL导航中: rl(vx=0.40, ω=-0.40) -> final(vx=0.40, ω=-0.40), raw仅观测(vx=0.00, ω=0.00), 距离=2.95m, 队列=0
[INFO] [1774659090.930689532] [usv_03.velocity_controller_node]: 🚀 纯RL导航中: rl(vx=0.40, ω=-0.40) -> final(vx=0.40, ω=-0.40), raw仅观测(vx=0.00, ω=0.00), 距离=2.50m, 队列=0
[INFO] [1774659090.940736106] [usv_02.velocity_controller_node]: 🚀 纯RL导航中: rl(vx=0.12, ω=-0.40) -> final(vx=0.12, ω=-0.40), raw仅观测(vx=0.00, ω=0.00), 距离=7.09m, 队列=0
[INFO] [1774659090.947776328] [usv_02.velocity_controller_node]: 🚀 纯RL导航中: rl(vx=0.12, ω=-0.40) -> final(vx=0.12, ω=-0.40), raw仅观测(vx=0.00, ω=0.00), 距离=6.89m, 队列=0
[INFO] [1774659092.239011077] [usv_01.velocity_controller_node]: 🚀 纯RL导航中: rl(vx=0.40, ω=0.40) -> final(vx=0.40, ω=0.40), raw仅观测(vx=0.00, ω=0.00), 距离=6.55m, 队列=0
[INFO] [1774659092.413644900] [usv_01.velocity_controller_node]: 🚀 纯RL导航中: rl(vx=0.12, ω=-0.40) -> final(vx=0.12, ω=-0.40), raw仅观测(vx=0.00, ω=0.00), 距离=7.19m, 队列=0
[INFO] [1774659092.708483403] [usv_03.velocity_controller_node]: 🚀 纯RL导航中: rl(vx=0.40, ω=-0.40) -> final(vx=0.40, ω=-0.40), raw仅观测(vx=0.00, ω=0.00), 距离=3.14m, 队列=0
[INFO] [1774659092.912499434] [usv_03.velocity_controller_node]: 🚀 纯RL导航中: rl(vx=0.40, ω=-0.40) -> final(vx=0.40, ω=-0.40), raw仅观测(vx=0.00, ω=0.00), 距离=2.75m, 队列=0
[INFO] [1774659092.924179537] [usv_02.velocity_controller_node]: 🚀 纯RL导航中: rl(vx=0.12, ω=0.40) -> final(vx=0.12, ω=0.40), raw仅观测(vx=0.00, ω=0.00), 距离=6.66m, 队列=0
[INFO] [1774659092.926451176] [usv_02.velocity_controller_node]: 🚀 纯RL导航中: rl(vx=0.12, ω=0.40) -> final(vx=0.12, ω=0.40), raw仅观测(vx=0.00, ω=0.00), 距离=6.33m, 队列=0
[MAPPO][update=1156] total_steps=665856 rollout_steps=192 sample_count=576 rollout_time=26.20s rollout_sps=22.0 update_time=0.10s update_sps=17410.4 update_share=0.38% loss=76.5000 mean_reward=-1.4746 episodes=0 entropy_coef=0.0300 lr=3.00e-05 gpu=cpu
[INFO] [1774659094.237087761] [usv_01.velocity_controller_node]: 🚀 纯RL导航中: rl(vx=0.40, ω=0.40) -> final(vx=0.40, ω=0.40), raw仅观测(vx=0.00, ω=0.00), 距离=6.12m, 队列=0
[INFO] [1774659094.391465033] [usv_01.velocity_controller_node]: 🚀 纯RL导航中: rl(vx=0.12, ω=-0.40) -> final(vx=0.12, ω=-0.40), raw仅观测(vx=0.00, ω=0.00), 距离=6.91m, 队列=0
[INFO] [1774659094.704150346] [usv_03.velocity_controller_node]: 🚀 纯RL导航中: rl(vx=0.40, ω=0.01) -> final(vx=0.40, ω=0.01), raw仅观测(vx=0.00, ω=0.00), 距离=3.32m, 队列=0
[INFO] [1774659094.911043527] [usv_03.velocity_controller_node]: 🚀 纯RL导航中: rl(vx=0.40, ω=0.40) -> final(vx=0.40, ω=0.40), raw仅观测(vx=0.00, ω=0.00), 距离=3.30m, 队列=0
[INFO] [1774659094.924135253] [usv_02.velocity_controller_node]: 🚀 纯RL导航中: rl(vx=0.12, ω=0.40) -> final(vx=0.12, ω=0.40), raw仅观测(vx=0.00, ω=0.00), 距离=6.29m, 队列=0
[INFO] [1774659094.925778582] [usv_02.velocity_controller_node]: 🚀 纯RL导航中: rl(vx=0.12, ω=-0.40) -> final(vx=0.12, ω=-0.40), raw仅观测(vx=0.00, ω=0.00), 距离=6.15m, 队列=0
[INFO] [1774659096.236232964] [usv_01.velocity_controller_node]: 🚀 纯RL导航中: rl(vx=0.12, ω=0.40) -> final(vx=0.12, ω=0.40), raw仅观测(vx=0.00, ω=0.00), 距离=5.68m, 队列=0
[INFO] [1774659096.387229978] [usv_01.velocity_controller_node]: 🚀 纯RL导航中: rl(vx=0.40, ω=-0.04) -> final(vx=0.40, ω=-0.04), raw仅观测(vx=0.00, ω=0.00), 距离=6.49m, 队列=0
[INFO] [1774659096.709021047] [usv_03.velocity_controller_node]: 🚀 纯RL导航中: rl(vx=0.40, ω=-0.40) -> final(vx=0.40, ω=-0.40), raw仅观测(vx=0.00, ω=0.00), 距离=3.14m, 队列=0
[INFO] [1774659096.910274931] [usv_03.velocity_controller_node]: 🚀 纯RL导航中: rl(vx=0.40, ω=0.40) -> final(vx=0.40, ω=0.40), raw仅观测(vx=0.00, ω=0.00), 距离=3.54m, 队列=0
[INFO] [1774659096.926223907] [usv_02.velocity_controller_node]: 🚀 纯RL导航中: rl(vx=0.40, ω=-0.08) -> final(vx=0.40, ω=-0.08), raw仅观测(vx=0.00, ω=0.00), 距离=5.34m, 队列=0
[INFO] [1774659096.934192645] [usv_02.velocity_controller_node]: 🚀 纯RL导航中: rl(vx=0.40, ω=0.40) -> final(vx=0.40, ω=0.40), raw仅观测(vx=0.00, ω=0.00), 距离=5.73m, 队列=0
[INFO] [1774659098.238347916] [usv_01.velocity_controller_node]: 🚀 纯RL导航中: rl(vx=0.30, ω=0.40) -> final(vx=0.30, ω=0.40), raw仅观测(vx=0.00, ω=0.00), 距离=5.21m, 队列=0
[INFO] [1774659098.387247093] [usv_01.velocity_controller_node]: 🚀 纯RL导航中: rl(vx=0.12, ω=0.40) -> final(vx=0.12, ω=0.40), raw仅观测(vx=0.00, ω=0.00), 距离=6.28m, 队列=0
[INFO] [1774659098.715806379] [usv_03.velocity_controller_node]: 🚀 纯RL导航中: rl(vx=0.40, ω=-0.40) -> final(vx=0.40, ω=-0.40), raw仅观测(vx=0.00, ω=0.00), 距离=3.32m, 队列=0
[INFO] [1774659098.910928356] [usv_03.velocity_controller_node]: 🚀 纯RL导航中: rl(vx=0.40, ω=-0.40) -> final(vx=0.40, ω=-0.40), raw仅观测(vx=0.00, ω=0.00), 距离=3.91m, 队列=0
[INFO] [1774659098.922391054] [usv_02.velocity_controller_node]: 🚀 纯RL导航中: rl(vx=0.12, ω=0.40) -> final(vx=0.12, ω=0.40), raw仅观测(vx=0.00, ω=0.00), 距离=5.05m, 队列=0
[INFO] [1774659098.925083601] [usv_02.velocity_controller_node]: 🚀 纯RL导航中: rl(vx=0.12, ω=-0.40) -> final(vx=0.12, ω=-0.40), raw仅观测(vx=0.00, ω=0.00), 距离=4.95m, 队列=0
[INFO] [1774659100.233559246] [usv_01.velocity_controller_node]: 🚀 纯RL导航中: rl(vx=0.12, ω=0.40) -> final(vx=0.12, ω=0.40), raw仅观测(vx=0.00, ω=0.00), 距离=5.04m, 队列=0
[INFO] [1774659100.389592646] [usv_01.velocity_controller_node]: 🚀 纯RL导航中: rl(vx=0.40, ω=0.40) -> final(vx=0.40, ω=0.40), raw仅观测(vx=0.00, ω=0.00), 距离=6.18m, 队列=0
[INFO] [1774659100.707300544] [usv_03.velocity_controller_node]: 🚀 纯RL导航中: rl(vx=0.12, ω=-0.40) -> final(vx=0.12, ω=-0.40), raw仅观测(vx=0.00, ω=0.00), 距离=2.74m, 队列=0
[INFO] [1774659100.912039987] [usv_03.velocity_controller_node]: 🚀 纯RL导航中: rl(vx=0.12, ω=-0.40) -> final(vx=0.12, ω=-0.40), raw仅观测(vx=0.00, ω=0.00), 距离=4.00m, 队列=0
[INFO] [1774659100.924411602] [usv_02.velocity_controller_node]: 🚀 纯RL导航中: rl(vx=0.12, ω=-0.40) -> final(vx=0.12, ω=-0.40), raw仅观测(vx=0.00, ω=0.00), 距离=4.68m, 队列=0
[INFO] [1774659100.936040003] [usv_02.velocity_controller_node]: 🚀 纯RL导航中: rl(vx=0.40, ω=-0.40) -> final(vx=0.40, ω=-0.40), raw仅观测(vx=0.00, ω=0.00), 距离=4.07m, 队列=0
[INFO] [1774659102.240796083] [usv_01.velocity_controller_node]: 🚀 纯RL导航中: rl(vx=0.40, ω=0.17) -> final(vx=0.40, ω=0.17), raw仅观测(vx=0.00, ω=0.00), 距离=4.45m, 队列=0
[INFO] [1774659102.388522340] [usv_01.velocity_controller_node]: 🚀 纯RL导航中: rl(vx=0.40, ω=-0.40) -> final(vx=0.40, ω=-0.40), raw仅观测(vx=0.00, ω=0.00), 距离=5.79m, 队列=0
[INFO] [1774659102.707524060] [usv_03.velocity_controller_node]: 🚀 纯RL导航中: rl(vx=0.40, ω=-0.40) -> final(vx=0.40, ω=-0.40), raw仅观测(vx=0.00, ω=0.00), 距离=2.80m, 队列=0
[INFO] [1774659102.912681111] [usv_03.velocity_controller_node]: 🚀 纯RL导航中: rl(vx=0.40, ω=0.40) -> final(vx=0.40, ω=0.40), raw仅观测(vx=0.00, ω=0.00), 距离=3.94m, 队列=0
[INFO] [1774659102.923312295] [usv_02.velocity_controller_node]: 🚀 纯RL导航中: rl(vx=0.12, ω=0.40) -> final(vx=0.12, ω=0.40), raw仅观测(vx=0.00, ω=0.00), 距离=4.08m, 队列=0
[INFO] [1774659102.925382531] [usv_02.velocity_controller_node]: 🚀 纯RL导航中: rl(vx=0.40, ω=-0.40) -> final(vx=0.40, ω=-0.40), raw仅观测(vx=0.00, ω=0.00), 距离=3.79m, 队列=0
[INFO] [1774659104.237318135] [usv_01.velocity_controller_node]: 🚀 纯RL导航中: rl(vx=0.12, ω=-0.40) -> final(vx=0.12, ω=-0.40), raw仅观测(vx=0.00, ω=0.00), 距离=3.86m, 队列=0
[INFO] [1774659104.386601719] [usv_01.velocity_controller_node]: 🚀 纯RL导航中: rl(vx=0.12, ω=-0.32) -> final(vx=0.12, ω=-0.32), raw仅观测(vx=0.00, ω=0.00), 距离=5.54m, 队列=0
[INFO] [1774659104.707083065] [usv_03.velocity_controller_node]: 🚀 纯RL导航中: rl(vx=0.12, ω=0.19) -> final(vx=0.12, ω=0.19), raw仅观测(vx=0.00, ω=0.00), 距离=2.82m, 队列=0
[INFO] [1774659104.907071126] [usv_03.velocity_controller_node]: 🚀 纯RL导航中: rl(vx=0.12, ω=-0.40) -> final(vx=0.12, ω=-0.40), raw仅观测(vx=0.00, ω=0.00), 距离=4.18m, 队列=0
[INFO] [1774659104.923235306] [usv_02.velocity_controller_node]: 🚀 纯RL导航中: rl(vx=0.40, ω=-0.40) -> final(vx=0.40, ω=-0.40), raw仅观测(vx=0.00, ω=0.00), 距离=4.05m, 队列=0
[INFO] [1774659104.924536628] [usv_02.velocity_controller_node]: 🚀 纯RL导航中: rl(vx=0.40, ω=0.40) -> final(vx=0.40, ω=0.40), raw仅观测(vx=0.00, ω=0.00), 距离=3.23m, 队列=0
[INFO] [1774659106.237624753] [usv_01.velocity_controller_node]: 🚀 纯RL导航中: rl(vx=0.12, ω=0.40) -> final(vx=0.12, ω=0.40), raw仅观测(vx=0.00, ω=0.00), 距离=3.37m, 队列=0
[INFO] [1774659106.382782565] [usv_01.velocity_controller_node]: 🚀 纯RL导航中: rl(vx=0.12, ω=-0.40) -> final(vx=0.12, ω=-0.40), raw仅观测(vx=0.00, ω=0.00), 距离=5.46m, 队列=0
[INFO] [1774659106.706097560] [usv_03.velocity_controller_node]: 🚀 纯RL导航中: rl(vx=0.40, ω=-0.40) -> final(vx=0.40, ω=-0.40), raw仅观测(vx=0.00, ω=0.00), 距离=2.53m, 队列=0
[INFO] [1774659106.908616165] [usv_03.velocity_controller_node]: 🚀 纯RL导航中: rl(vx=0.40, ω=-0.40) -> final(vx=0.40, ω=-0.40), raw仅观测(vx=0.00, ω=0.00), 距离=4.52m, 队列=0
[INFO] [1774659106.922648408] [usv_02.velocity_controller_node]: 🚀 纯RL导航中: rl(vx=0.40, ω=0.40) -> final(vx=0.40, ω=0.40), raw仅观测(vx=0.00, ω=0.00), 距离=3.40m, 队列=0
[INFO] [1774659106.924846746] [usv_02.velocity_controller_node]: 🚀 纯RL导航中: rl(vx=0.40, ω=0.23) -> final(vx=0.40, ω=0.23), raw仅观测(vx=0.00, ω=0.00), 距离=2.76m, 队列=0
[INFO] [1774659108.237697067] [usv_01.velocity_controller_node]: 🚀 纯RL导航中: rl(vx=0.40, ω=-0.40) -> final(vx=0.40, ω=-0.40), raw仅观测(vx=0.00, ω=0.00), 距离=2.75m, 队列=0
[INFO] [1774659108.391432327] [usv_01.velocity_controller_node]: 🚀 纯RL导航中: rl(vx=0.12, ω=-0.40) -> final(vx=0.12, ω=-0.40), raw仅观测(vx=0.00, ω=0.00), 距离=4.83m, 队列=0
[INFO] [1774659108.763538267] [usv_03.velocity_controller_node]: 🚀 纯RL导航中: rl(vx=0.40, ω=-0.40) -> final(vx=0.40, ω=-0.40), raw仅观测(vx=0.00, ω=0.00), 距离=2.61m, 队列=0
[INFO] [1774659108.939988621] [usv_02.velocity_controller_node]: 🚀 纯RL导航中: rl(vx=0.40, ω=-0.40) -> final(vx=0.40, ω=-0.40), raw仅观测(vx=0.00, ω=0.00), 距离=2.55m, 队列=0
[INFO] [1774659108.963434127] [usv_03.velocity_controller_node]: 🚀 纯RL导航中: rl(vx=0.12, ω=0.14) -> final(vx=0.12, ω=0.14), raw仅观测(vx=0.00, ω=0.00), 距离=5.02m, 队列=0
[INFO] [1774659108.975424834] [usv_02.velocity_controller_node]: 🚀 纯RL导航中: rl(vx=0.12, ω=-0.30) -> final(vx=0.12, ω=-0.30), raw仅观测(vx=0.00, ω=0.00), 距离=2.94m, 队列=0
[INFO] [1774659110.241142739] [usv_01.velocity_controller_node]: 🚀 纯RL导航中: rl(vx=0.12, ω=-0.40) -> final(vx=0.12, ω=-0.40), raw仅观测(vx=0.00, ω=0.00), 距离=2.29m, 队列=0
[INFO] [1774659110.441444106] [usv_01.velocity_controller_node]: 🚀 纯RL导航中: rl(vx=0.40, ω=-0.40) -> final(vx=0.40, ω=-0.40), raw仅观测(vx=0.00, ω=0.00), 距离=4.67m, 队列=0
[INFO] [1774659110.758083886] [usv_03.velocity_controller_node]: 🚀 纯RL导航中: rl(vx=0.12, ω=0.40) -> final(vx=0.12, ω=0.40), raw仅观测(vx=0.00, ω=0.00), 距离=2.76m, 队列=0
[INFO] [1774659110.924965974] [usv_02.velocity_controller_node]: 🚀 纯RL导航中: rl(vx=0.40, ω=0.40) -> final(vx=0.40, ω=0.40), raw仅观测(vx=0.00, ω=0.00), 距离=2.00m, 队列=0
[INFO] [1774659110.965216870] [usv_03.velocity_controller_node]: 🚀 纯RL导航中: rl(vx=0.12, ω=-0.40) -> final(vx=0.12, ω=-0.40), raw仅观测(vx=0.00, ω=0.00), 距离=5.13m, 队列=0
[INFO] [1774659110.976142359] [usv_02.velocity_controller_node]: 🚀 纯RL导航中: rl(vx=0.12, ω=0.40) -> final(vx=0.12, ω=0.40), raw仅观测(vx=0.00, ω=0.00), 距离=2.49m, 队列=0
[INFO] [1774659112.237603391] [usv_01.velocity_controller_node]: 🚀 纯RL导航中: rl(vx=0.12, ω=-0.40) -> final(vx=0.12, ω=-0.40), raw仅观测(vx=0.00, ω=0.00), 距离=1.89m, 队列=0
[INFO] [1774659112.444702975] [usv_01.velocity_controller_node]: 🚀 纯RL导航中: rl(vx=0.12, ω=0.40) -> final(vx=0.12, ω=0.40), raw仅观测(vx=0.00, ω=0.00), 距离=4.28m, 队列=0
[INFO] [1774659112.762640277] [usv_03.velocity_controller_node]: 🚀 纯RL导航中: rl(vx=0.12, ω=-0.40) -> final(vx=0.12, ω=-0.40), raw仅观测(vx=0.00, ω=0.00), 距离=2.29m, 队列=0
[INFO] [1774659112.937745008] [usv_02.velocity_controller_node]: 🚀 纯RL导航中: rl(vx=0.40, ω=-0.40) -> final(vx=0.40, ω=-0.40), raw仅观测(vx=0.00, ω=0.00), 距离=1.42m, 队列=0
[INFO] [1774659112.966942513] [usv_03.velocity_controller_node]: 🚀 纯RL导航中: rl(vx=0.12, ω=0.40) -> final(vx=0.12, ω=0.40), raw仅观测(vx=0.00, ω=0.00), 距离=5.41m, 队列=0
[INFO] [1774659112.976215774] [usv_02.velocity_controller_node]: 🚀 纯RL导航中: rl(vx=0.40, ω=0.40) -> final(vx=0.40, ω=0.40), raw仅观测(vx=0.00, ω=0.00), 距离=2.05m, 队列=0
[INFO] [1774659114.265397881] [usv_01.velocity_controller_node]: 🚀 纯RL导航中: rl(vx=0.12, ω=0.40) -> final(vx=0.12, ω=0.40), raw仅观测(vx=0.00, ω=0.00), 距离=1.08m, 队列=0
[INFO] [1774659114.529706154] [usv_01.velocity_controller_node]: 🚀 纯RL导航中: rl(vx=0.12, ω=-0.40) -> final(vx=0.12, ω=-0.40), raw仅观测(vx=0.00, ω=0.00), 距离=3.70m, 队列=0
[INFO] [1774659114.803569892] [usv_03.velocity_controller_node]: 🚀 纯RL导航中: rl(vx=0.12, ω=-0.40) -> final(vx=0.12, ω=-0.40), raw仅观测(vx=0.00, ω=0.00), 距离=2.07m, 队列=0
[INFO] [1774659114.985794745] [usv_02.velocity_controller_node]: 🚀 纯RL导航中: rl(vx=0.40, ω=0.40) -> final(vx=0.40, ω=0.40), raw仅观测(vx=0.00, ω=0.00), 距离=0.84m, 队列=0
[INFO] [1774659115.015663662] [usv_03.velocity_controller_node]: 🚀 纯RL导航中: rl(vx=0.40, ω=0.11) -> final(vx=0.40, ω=0.11), raw仅观测(vx=0.00, ω=0.00), 距离=5.54m, 队列=0
[INFO] [1774659115.056518269] [usv_02.velocity_controller_node]: 🚀 纯RL导航中: rl(vx=0.40, ω=0.40) -> final(vx=0.40, ω=0.40), raw仅观测(vx=0.00, ω=0.00), 距离=1.64m, 队列=0
[MAPPO][update=1157] total_steps=666432 rollout_steps=192 sample_count=576 rollout_time=21.91s rollout_sps=26.3 update_time=0.76s update_sps=2261.4 update_share=3.37% loss=230.4168 mean_reward=-3.1981 episodes=0 entropy_coef=0.0300 lr=3.00e-05 gpu=cpu
[INFO] [1774659116.276102470] [usv_01.velocity_controller_node]: 🚀 纯RL导航中: rl(vx=0.12, ω=0.40) -> final(vx=0.12, ω=0.40), raw仅观测(vx=0.00, ω=0.00), 距离=0.74m, 队列=0
[INFO] [1774659116.520180493] [usv_01.velocity_controller_node]: 🚀 纯RL导航中: rl(vx=0.40, ω=0.40) -> final(vx=0.40, ω=0.40), raw仅观测(vx=0.00, ω=0.00), 距离=3.58m, 队列=0
[INFO] [1774659116.963542364] [usv_01.velocity_controller_node]: 📨 velocity_controller 收到目标 [ID=1002]: (12.12, 0.03), nav_mode=0, control_mode=velocity
[INFO] [1774659116.971886108] [usv_01.velocity_controller_node]: 📊 导航状态: IDLE → ACTIVE (新导航目标[ID=1002])
[INFO] [1774659116.977313402] [usv_01.velocity_controller_node]: 🎯 新导航目标 [ID=1002]: (12.12, 0.03), 速度=0.40 m/s
[INFO] [1774659116.992230660] [usv_01.velocity_controller_node]: 📨 velocity_controller 收到目标 [ID=1002]: (12.34, -0.16), nav_mode=0, control_mode=velocity
[INFO] [1774659117.005112483] [usv_01.velocity_controller_node]: 📊 导航状态: IDLE → ACTIVE (新导航目标[ID=1002])
[INFO] [1774659117.005676493] [usv_01.velocity_controller_node]: 🎯 新导航目标 [ID=1002]: (12.34, -0.16), 速度=0.40 m/s
[INFO] [1774659117.018493515] [usv_01.velocity_controller_node]: 📨 velocity_controller 收到目标 [ID=1002]: (12.12, 0.03), nav_mode=0, control_mode=velocity
[INFO] [1774659117.040235291] [usv_01.velocity_controller_node]: 📨 velocity_controller 收到目标 [ID=1002]: (12.34, -0.16), nav_mode=0, control_mode=velocity
[INFO] [1774659117.071150326] [usv_01.velocity_controller_node]: 📨 velocity_controller 收到目标 [ID=1002]: (12.12, 0.03), nav_mode=0, control_mode=velocity
[INFO] [1774659117.108996281] [usv_01.velocity_controller_node]: 📨 velocity_controller 收到目标 [ID=1002]: (12.34, -0.16), nav_mode=0, control_mode=velocity
[INFO] [1774659117.117779033] [usv_01.velocity_controller_node]: 📨 velocity_controller 收到目标 [ID=1002]: (12.12, 0.03), nav_mode=0, control_mode=velocity
[INFO] [1774659117.155156079] [usv_01.velocity_controller_node]: 📨 velocity_controller 收到目标 [ID=1002]: (12.34, -0.16), nav_mode=0, control_mode=velocity
[INFO] [1774659117.171060054] [usv_01.velocity_controller_node]: 📨 velocity_controller 收到目标 [ID=1002]: (12.12, 0.03), nav_mode=0, control_mode=velocity
[INFO] [1774659117.202188593] [usv_01.velocity_controller_node]: 📨 velocity_controller 收到目标 [ID=1002]: (12.34, -0.16), nav_mode=0, control_mode=velocity
[INFO] [1774659117.217919465] [usv_02.velocity_controller_node]: 📨 velocity_controller 收到目标 [ID=2002]: (5.64, 5.43), nav_mode=0, control_mode=velocity
[INFO] [1774659117.218358173] [usv_02.velocity_controller_node]: 📊 导航状态: IDLE → ACTIVE (新导航目标[ID=2002])
[INFO] [1774659117.218810881] [usv_02.velocity_controller_node]: 🎯 新导航目标 [ID=2002]: (5.64, 5.43), 速度=0.40 m/s
[INFO] [1774659117.256811138] [usv_02.velocity_controller_node]: 📨 velocity_controller 收到目标 [ID=2002]: (5.68, 5.75), nav_mode=0, control_mode=velocity
[INFO] [1774659117.260487202] [usv_02.velocity_controller_node]: 📊 导航状态: IDLE → ACTIVE (新导航目标[ID=2002])
[INFO] [1774659117.260966110] [usv_02.velocity_controller_node]: 🎯 新导航目标 [ID=2002]: (5.68, 5.75), 速度=0.40 m/s
[INFO] [1774659117.271275388] [usv_02.velocity_controller_node]: 📨 velocity_controller 收到目标 [ID=2002]: (5.64, 5.43), nav_mode=0, control_mode=velocity
[INFO] [1774659117.307072908] [usv_02.velocity_controller_node]: 📨 velocity_controller 收到目标 [ID=2002]: (5.68, 5.75), nav_mode=0, control_mode=velocity
[INFO] [1774659117.318325702] [usv_02.velocity_controller_node]: 📨 velocity_controller 收到目标 [ID=2002]: (5.64, 5.43), nav_mode=0, control_mode=velocity
[INFO] [1774659117.356966871] [usv_02.velocity_controller_node]: 📨 velocity_controller 收到目标 [ID=2002]: (5.68, 5.75), nav_mode=0, control_mode=velocity
[INFO] [1774659117.376921616] [usv_02.velocity_controller_node]: 📨 velocity_controller 收到目标 [ID=2002]: (5.64, 5.43), nav_mode=0, control_mode=velocity
[INFO] [1774659117.407610747] [usv_02.velocity_controller_node]: 📨 velocity_controller 收到目标 [ID=2002]: (5.68, 5.75), nav_mode=0, control_mode=velocity
[INFO] [1774659117.418995544] [usv_02.velocity_controller_node]: 📨 velocity_controller 收到目标 [ID=2002]: (5.64, 5.43), nav_mode=0, control_mode=velocity
[INFO] [1774659117.453604243] [usv_02.velocity_controller_node]: 📨 velocity_controller 收到目标 [ID=2002]: (5.68, 5.75), nav_mode=0, control_mode=velocity
[INFO] [1774659117.472682573] [usv_03.velocity_controller_node]: 📨 velocity_controller 收到目标 [ID=3002]: (0.31, -0.57), nav_mode=0, control_mode=velocity
[INFO] [1774659117.484921285] [usv_03.velocity_controller_node]: 📊 导航状态: IDLE → ACTIVE (新导航目标[ID=3002])
[INFO] [1774659117.487366327] [usv_03.velocity_controller_node]: 🎯 新导航目标 [ID=3002]: (0.31, -0.57), 速度=0.40 m/s
[INFO] [1774659117.503648609] [usv_03.velocity_controller_node]: 📨 velocity_controller 收到目标 [ID=3002]: (0.43, 0.56), nav_mode=0, control_mode=velocity
[INFO] [1774659117.504164618] [usv_03.velocity_controller_node]: 📊 导航状态: IDLE → ACTIVE (新导航目标[ID=3002])
[INFO] [1774659117.504723727] [usv_03.velocity_controller_node]: 🎯 新导航目标 [ID=3002]: (0.43, 0.56), 速度=0.40 m/s
[INFO] [1774659117.519469283] [usv_03.velocity_controller_node]: 📨 velocity_controller 收到目标 [ID=3002]: (0.31, -0.57), nav_mode=0, control_mode=velocity
[INFO] [1774659117.559341972] [usv_03.velocity_controller_node]: 📨 velocity_controller 收到目标 [ID=3002]: (0.43, 0.56), nav_mode=0, control_mode=velocity
[INFO] [1774659117.573196912] [usv_03.velocity_controller_node]: 📨 velocity_controller 收到目标 [ID=3002]: (0.31, -0.57), nav_mode=0, control_mode=velocity
[INFO] [1774659117.604603155] [usv_03.velocity_controller_node]: 📨 velocity_controller 收到目标 [ID=3002]: (0.43, 0.56), nav_mode=0, control_mode=velocity
[INFO] [1774659117.620988839] [usv_03.velocity_controller_node]: 📨 velocity_controller 收到目标 [ID=3002]: (0.31, -0.57), nav_mode=0, control_mode=velocity
[INFO] [1774659117.656729557] [usv_03.velocity_controller_node]: 📨 velocity_controller 收到目标 [ID=3002]: (0.43, 0.56), nav_mode=0, control_mode=velocity
[INFO] [1774659117.682049795] [usv_03.velocity_controller_node]: 📨 velocity_controller 收到目标 [ID=3002]: (0.31, -0.57), nav_mode=0, control_mode=velocity
[INFO] [1774659117.686812078] [usv_02.velocity_controller_node]: 🚀 纯RL导航中: rl(vx=0.40, ω=0.40) -> final(vx=0.40, ω=0.40), raw仅观测(vx=0.29, ω=-0.28), 距离=11.59m, 队列=0
[INFO] [1774659117.707377034] [usv_03.velocity_controller_node]: 📨 velocity_controller 收到目标 [ID=3002]: (0.43, 0.56), nav_mode=0, control_mode=velocity
[INFO] [1774659117.814813993] [usv_03.velocity_controller_node]: 🚀 纯RL导航中: rl(vx=0.12, ω=-0.40) -> final(vx=0.12, ω=-0.40), raw仅观测(vx=0.18, ω=-0.40), 距离=11.69m, 队列=0
[INFO] [1774659117.836295464] [usv_02.velocity_controller_node]: 🚀 纯RL导航中: rl(vx=0.40, ω=-0.40) -> final(vx=0.40, ω=-0.40), raw仅观测(vx=0.31, ω=-0.15), 距离=11.49m, 队列=0
[INFO] [1774659118.022499686] [usv_03.velocity_controller_node]: 🚀 纯RL导航中: rl(vx=0.12, ω=0.40) -> final(vx=0.12, ω=0.40), raw仅观测(vx=0.15, ω=0.39), 距离=11.72m, 队列=0
[INFO] [1774659118.751195294] [usv_01.velocity_controller_node]: 🚀 纯RL导航中: rl(vx=0.40, ω=-0.21) -> final(vx=0.40, ω=-0.21), raw仅观测(vx=0.11, ω=0.40), 距离=11.75m, 队列=0
[INFO] [1774659118.960039007] [usv_01.velocity_controller_node]: 🚀 纯RL导航中: rl(vx=0.12, ω=-0.40) -> final(vx=0.12, ω=-0.40), raw仅观测(vx=0.13, ω=-0.22), 距离=11.45m, 队列=0
[INFO] [1774659119.691546063] [usv_02.velocity_controller_node]: 🚀 纯RL导航中: rl(vx=0.12, ω=0.40) -> final(vx=0.12, ω=0.40), raw仅观测(vx=0.12, ω=-0.40), 距离=11.05m, 队列=0
[INFO] [1774659119.833392318] [usv_02.velocity_controller_node]: 🚀 纯RL导航中: rl(vx=0.40, ω=-0.40) -> final(vx=0.40, ω=-0.40), raw仅观测(vx=0.12, ω=-0.40), 距离=11.04m, 队列=0
[INFO] [1774659119.863148532] [usv_03.velocity_controller_node]: 🚀 纯RL导航中: rl(vx=0.40, ω=-0.40) -> final(vx=0.40, ω=-0.40), raw仅观测(vx=0.34, ω=-0.05), 距离=11.30m, 队列=0
[INFO] [1774659120.072315051] [usv_03.velocity_controller_node]: 🚀 纯RL导航中: rl(vx=0.40, ω=-0.34) -> final(vx=0.40, ω=-0.34), raw仅观测(vx=0.30, ω=-0.18), 距离=11.51m, 队列=0
[INFO] [1774659120.762580494] [usv_01.velocity_controller_node]: 🚀 纯RL导航中: rl(vx=0.12, ω=0.40) -> final(vx=0.12, ω=0.40), raw仅观测(vx=0.11, ω=0.40), 距离=11.37m, 队列=0
[INFO] [1774659121.018205517] [usv_01.velocity_controller_node]: 🚀 纯RL导航中: rl(vx=0.40, ω=0.40) -> final(vx=0.40, ω=0.40), raw仅观测(vx=0.31, ω=-0.07), 距离=11.09m, 队列=0
[INFO] [1774659121.683249223] [usv_02.velocity_controller_node]: 🚀 纯RL导航中: rl(vx=0.40, ω=0.40) -> final(vx=0.40, ω=0.40), raw仅观测(vx=0.40, ω=0.04), 距离=10.52m, 队列=0
[INFO] [1774659121.842067470] [usv_02.velocity_controller_node]: 🚀 纯RL导航中: rl(vx=0.40, ω=0.40) -> final(vx=0.40, ω=0.40), raw仅观测(vx=0.26, ω=0.26), 距离=10.64m, 队列=0
[INFO] [1774659122.074845596] [usv_03.velocity_controller_node]: 🚀 纯RL导航中: rl(vx=0.12, ω=-0.40) -> final(vx=0.12, ω=-0.40), raw仅观测(vx=0.23, ω=-0.28), 距离=10.51m, 队列=0
[INFO] [1774659122.351272077] [usv_03.velocity_controller_node]: 🚀 纯RL导航中: rl(vx=0.40, ω=-0.03) -> final(vx=0.40, ω=-0.03), raw仅观测(vx=0.32, ω=0.17), 距离=10.75m, 队列=0
[INFO] [1774659122.757697206] [usv_01.velocity_controller_node]: 🚀 纯RL导航中: rl(vx=0.12, ω=0.40) -> final(vx=0.12, ω=0.40), raw仅观测(vx=0.40, ω=-0.08), 距离=10.68m, 队列=0
[INFO] [1774659123.020661355] [usv_01.velocity_controller_node]: 🚀 纯RL导航中: rl(vx=0.17, ω=0.40) -> final(vx=0.17, ω=0.40), raw仅观测(vx=0.25, ω=-0.23), 距离=10.26m, 队列=0
[INFO] [1774659123.687497989] [usv_02.velocity_controller_node]: 🚀 纯RL导航中: rl(vx=0.40, ω=-0.40) -> final(vx=0.40, ω=-0.40), raw仅观测(vx=0.24, ω=0.27), 距离=10.17m, 队列=0
[INFO] [1774659123.836436765] [usv_02.velocity_controller_node]: 🚀 纯RL导航中: rl(vx=0.28, ω=-0.40) -> final(vx=0.28, ω=-0.40), raw仅观测(vx=0.40, ω=0.16), 距离=10.01m, 队列=0
[INFO] [1774659124.265875692] [usv_03.velocity_controller_node]: 🚀 纯RL导航中: rl(vx=0.40, ω=-0.40) -> final(vx=0.40, ω=-0.40), raw仅观测(vx=0.38, ω=0.14), 距离=10.20m, 队列=0
[INFO] [1774659124.372150631] [usv_03.velocity_controller_node]: 🚀 纯RL导航中: rl(vx=0.40, ω=0.40) -> final(vx=0.40, ω=0.40), raw仅观测(vx=0.26, ω=-0.38), 距离=10.43m, 队列=0
[INFO] [1774659124.756966986] [usv_01.velocity_controller_node]: 🚀 纯RL导航中: rl(vx=0.12, ω=-0.40) -> final(vx=0.12, ω=-0.40), raw仅观测(vx=0.34, ω=-0.10), 距离=10.14m, 队列=0
[INFO] [1774659125.007896927] [usv_01.velocity_controller_node]: 🚀 纯RL导航中: rl(vx=0.40, ω=-0.40) -> final(vx=0.40, ω=-0.40), raw仅观测(vx=0.40, ω=0.11), 距离=9.70m, 队列=0
[INFO] [1774659125.685462846] [usv_02.velocity_controller_node]: 🚀 纯RL导航中: rl(vx=0.12, ω=-0.11) -> final(vx=0.12, ω=-0.11), raw仅观测(vx=0.40, ω=0.06), 距离=9.23m, 队列=0
[INFO] [1774659125.829926945] [usv_02.velocity_controller_node]: 🚀 纯RL导航中: rl(vx=0.40, ω=0.40) -> final(vx=0.40, ω=0.40), raw仅观测(vx=0.12, ω=0.34), 距离=9.49m, 队列=0
[INFO] [1774659126.271340879] [usv_03.velocity_controller_node]: 🚀 纯RL导航中: rl(vx=0.18, ω=-0.40) -> final(vx=0.18, ω=-0.40), raw仅观测(vx=0.12, ω=0.40), 距离=9.54m, 队列=0
[INFO] [1774659126.432098960] [usv_03.velocity_controller_node]: 🚀 纯RL导航中: rl(vx=0.12, ω=0.40) -> final(vx=0.12, ω=0.40), raw仅观测(vx=0.38, ω=0.11), 距离=9.81m, 队列=0
[INFO] [1774659126.762542275] [usv_01.velocity_controller_node]: 🚀 纯RL导航中: rl(vx=0.12, ω=0.40) -> final(vx=0.12, ω=0.40), raw仅观测(vx=0.21, ω=0.40), 距离=9.64m, 队列=0
[INFO] [1774659127.005899385] [usv_01.velocity_controller_node]: 🚀 纯RL导航中: rl(vx=0.40, ω=0.40) -> final(vx=0.40, ω=0.40), raw仅观测(vx=0.36, ω=0.01), 距离=8.98m, 队列=0
[INFO] [1774659127.688730195] [usv_02.velocity_controller_node]: 🚀 纯RL导航中: rl(vx=0.40, ω=0.40) -> final(vx=0.40, ω=0.40), raw仅观测(vx=0.19, ω=0.35), 距离=8.62m, 队列=0
[INFO] [1774659127.835667236] [usv_02.velocity_controller_node]: 🚀 纯RL导航中: rl(vx=0.12, ω=-0.13) -> final(vx=0.12, ω=-0.13), raw仅观测(vx=0.32, ω=-0.04), 距离=9.08m, 队列=0
[INFO] [1774659128.264450653] [usv_03.velocity_controller_node]: 🚀 纯RL导航中: rl(vx=0.40, ω=0.40) -> final(vx=0.40, ω=0.40), raw仅观测(vx=0.12, ω=0.40), 距离=8.96m, 队列=0
[INFO] [1774659128.522648619] [usv_03.velocity_controller_node]: 🚀 纯RL导航中: rl(vx=0.12, ω=0.40) -> final(vx=0.12, ω=0.40), raw仅观测(vx=0.15, ω=0.34), 距离=9.64m, 队列=0
[INFO] [1774659128.750707063] [usv_01.velocity_controller_node]: 🚀 纯RL导航中: rl(vx=0.38, ω=0.40) -> final(vx=0.38, ω=0.40), raw仅观测(vx=0.40, ω=-0.07), 距离=9.07m, 队列=0
[INFO] [1774659128.997101825] [usv_01.velocity_controller_node]: 🚀 纯RL导航中: rl(vx=0.40, ω=-0.40) -> final(vx=0.40, ω=-0.40), raw仅观测(vx=0.31, ω=-0.14), 距离=8.46m, 队列=0
[INFO] [1774659129.677081989] [usv_02.velocity_controller_node]: 🚀 纯RL导航中: rl(vx=0.12, ω=0.40) -> final(vx=0.12, ω=0.40), raw仅观测(vx=0.00, ω=0.00), 距离=8.12m, 队列=0
[INFO] [1774659129.835249527] [usv_02.velocity_controller_node]: 🚀 纯RL导航中: rl(vx=0.40, ω=-0.40) -> final(vx=0.40, ω=-0.40), raw仅观测(vx=0.32, ω=0.22), 距离=8.69m, 队列=0
[INFO] [1774659130.262213319] [usv_03.velocity_controller_node]: 🚀 纯RL导航中: rl(vx=0.12, ω=0.40) -> final(vx=0.12, ω=0.40), raw仅观测(vx=0.18, ω=0.36), 距离=8.64m, 队列=0
[INFO] [1774659130.665814106] [usv_03.velocity_controller_node]: 🚀 纯RL导航中: rl(vx=0.12, ω=-0.40) -> final(vx=0.12, ω=-0.40), raw仅观测(vx=0.40, ω=0.05), 距离=8.95m, 队列=0
[INFO] [1774659130.805716228] [usv_01.velocity_controller_node]: 🚀 纯RL导航中: rl(vx=0.12, ω=0.30) -> final(vx=0.12, ω=0.30), raw仅观测(vx=0.25, ω=-0.29), 距离=8.59m, 队列=0
[INFO] [1774659131.002095628] [usv_01.velocity_controller_node]: 🚀 纯RL导航中: rl(vx=0.12, ω=0.29) -> final(vx=0.12, ω=0.29), raw仅观测(vx=0.00, ω=0.00), 距离=7.78m, 队列=0
[INFO] [1774659131.725351150] [usv_02.velocity_controller_node]: 🚀 纯RL导航中: rl(vx=0.40, ω=-0.15) -> final(vx=0.40, ω=-0.15), raw仅观测(vx=0.00, ω=0.00), 距离=7.62m, 队列=0
[INFO] [1774659131.878290198] [usv_02.velocity_controller_node]: 🚀 纯RL导航中: rl(vx=0.40, ω=0.40) -> final(vx=0.40, ω=0.40), raw仅观测(vx=0.00, ω=0.00), 距离=7.79m, 队列=0
[INFO] [1774659132.316490384] [usv_03.velocity_controller_node]: 🚀 纯RL导航中: rl(vx=0.40, ω=-0.40) -> final(vx=0.40, ω=-0.40), raw仅观测(vx=0.40, ω=0.01), 距离=8.32m, 队列=0
[INFO] [1774659132.800585265] [usv_01.velocity_controller_node]: 🚀 纯RL导航中: rl(vx=0.40, ω=-0.40) -> final(vx=0.40, ω=-0.40), raw仅观测(vx=0.22, ω=-0.37), 距离=7.95m, 队列=0
[INFO] [1774659132.821377825] [usv_03.velocity_controller_node]: 🚀 纯RL导航中: rl(vx=0.12, ω=-0.40) -> final(vx=0.12, ω=-0.40), raw仅观测(vx=0.29, ω=-0.17), 距离=8.33m, 队列=0
[INFO] [1774659132.987744806] [usv_01.velocity_controller_node]: 🚀 纯RL导航中: rl(vx=0.28, ω=-0.12) -> final(vx=0.28, ω=-0.12), raw仅观测(vx=0.00, ω=0.00), 距离=7.44m, 队列=0
[INFO] [1774659133.726930503] [usv_02.velocity_controller_node]: 🚀 纯RL导航中: rl(vx=0.40, ω=0.40) -> final(vx=0.40, ω=0.40), raw仅观测(vx=0.00, ω=0.00), 距离=6.96m, 队列=0
[INFO] [1774659133.877742614] [usv_02.velocity_controller_node]: 🚀 纯RL导航中: rl(vx=0.12, ω=0.07) -> final(vx=0.12, ω=0.07), raw仅观测(vx=0.00, ω=0.00), 距离=7.30m, 队列=0
[INFO] [1774659134.356247998] [usv_03.velocity_controller_node]: 🚀 纯RL导航中: rl(vx=0.40, ω=-0.40) -> final(vx=0.40, ω=-0.40), raw仅观测(vx=0.00, ω=0.00), 距离=7.47m, 队列=0
[INFO] [1774659134.786357345] [usv_01.velocity_controller_node]: 🚀 纯RL导航中: rl(vx=0.12, ω=0.40) -> final(vx=0.12, ω=0.40), raw仅观测(vx=0.00, ω=0.00), 距离=7.66m, 队列=0
[INFO] [1774659134.819259214] [usv_03.velocity_controller_node]: 🚀 纯RL导航中: rl(vx=0.40, ω=-0.40) -> final(vx=0.40, ω=-0.40), raw仅观测(vx=0.00, ω=0.00), 距离=7.87m, 队列=0
[INFO] [1774659134.989475661] [usv_01.velocity_controller_node]: 🚀 纯RL导航中: rl(vx=0.40, ω=0.40) -> final(vx=0.40, ω=0.40), raw仅观测(vx=0.00, ω=0.00), 距离=6.66m, 队列=0
[INFO] [1774659135.729806978] [usv_02.velocity_controller_node]: 🚀 纯RL导航中: rl(vx=0.12, ω=0.40) -> final(vx=0.12, ω=0.40), raw仅观测(vx=0.00, ω=0.00), 距离=6.70m, 队列=0
[INFO] [1774659135.873562367] [usv_02.velocity_controller_node]: 🚀 纯RL导航中: rl(vx=0.40, ω=0.40) -> final(vx=0.40, ω=0.40), raw仅观测(vx=0.00, ω=0.00), 距离=7.06m, 队列=0
[INFO] [1774659136.370234166] [usv_03.velocity_controller_node]: 🚀 纯RL导航中: rl(vx=0.12, ω=0.40) -> final(vx=0.12, ω=0.40), raw仅观测(vx=0.00, ω=0.00), 距离=7.13m, 队列=0
[INFO] [1774659136.790439941] [usv_01.velocity_controller_node]: 🚀 纯RL导航中: rl(vx=0.12, ω=-0.20) -> final(vx=0.12, ω=-0.20), raw仅观测(vx=0.00, ω=0.00), 距离=7.16m, 队列=0
[INFO] [1774659136.819628946] [usv_03.velocity_controller_node]: 🚀 纯RL导航中: rl(vx=0.12, ω=-0.28) -> final(vx=0.12, ω=-0.28), raw仅观测(vx=0.00, ω=0.00), 距离=7.61m, 队列=0
[INFO] [1774659136.992497839] [usv_01.velocity_controller_node]: 🚀 纯RL导航中: rl(vx=0.12, ω=0.40) -> final(vx=0.12, ω=0.40), raw仅观测(vx=0.00, ω=0.00), 距离=6.38m, 队列=0
[INFO] [1774659137.737163630] [usv_02.velocity_controller_node]: 🚀 纯RL导航中: rl(vx=0.40, ω=-0.40) -> final(vx=0.40, ω=-0.40), raw仅观测(vx=0.00, ω=0.00), 距离=5.85m, 队列=0
[INFO] [1774659137.885593699] [usv_02.velocity_controller_node]: 🚀 纯RL导航中: rl(vx=0.12, ω=-0.40) -> final(vx=0.12, ω=-0.40), raw仅观测(vx=0.00, ω=0.00), 距离=6.50m, 队列=0
[INFO] [1774659138.359189996] [usv_03.velocity_controller_node]: 🚀 纯RL导航中: rl(vx=0.40, ω=0.40) -> final(vx=0.40, ω=0.40), raw仅观测(vx=0.00, ω=0.00), 距离=6.65m, 队列=0
[INFO] [1774659138.984837824] [usv_01.velocity_controller_node]: 📨 velocity_controller 收到目标 [ID=1003]: (12.08, -0.17), nav_mode=0, control_mode=velocity
[INFO] [1774659138.985504136] [usv_01.velocity_controller_node]: 📊 导航状态: IDLE → ACTIVE (新导航目标[ID=1003])
[INFO] [1774659138.986284549] [usv_01.velocity_controller_node]: 🎯 新导航目标 [ID=1003]: (12.08, -0.17), 速度=0.40 m/s
[INFO] [1774659139.034665586] [usv_01.velocity_controller_node]: 📨 velocity_controller 收到目标 [ID=1003]: (12.08, -0.17), nav_mode=0, control_mode=velocity
[INFO] [1774659139.089375733] [usv_01.velocity_controller_node]: 📨 velocity_controller 收到目标 [ID=1003]: (12.08, -0.17), nav_mode=0, control_mode=velocity
[INFO] [1774659139.137081859] [usv_01.velocity_controller_node]: 📨 velocity_controller 收到目标 [ID=1003]: (12.08, -0.17), nav_mode=0, control_mode=velocity
[INFO] [1774659139.143091863] [usv_01.velocity_controller_node]: 📨 velocity_controller 收到目标 [ID=1003]: (12.17, -0.08), nav_mode=0, control_mode=velocity
[INFO] [1774659139.159441746] [usv_01.velocity_controller_node]: 📊 导航状态: IDLE → ACTIVE (新导航目标[ID=1003])
[INFO] [1774659139.160211459] [usv_01.velocity_controller_node]: 🎯 新导航目标 [ID=1003]: (12.17, -0.08), 速度=0.40 m/s
[INFO] [1774659139.191076193] [usv_01.velocity_controller_node]: 📨 velocity_controller 收到目标 [ID=1003]: (12.08, -0.17), nav_mode=0, control_mode=velocity
[INFO] [1774659139.193752240] [usv_01.velocity_controller_node]: 📨 velocity_controller 收到目标 [ID=1003]: (12.17, -0.08), nav_mode=0, control_mode=velocity
[INFO] [1774659139.234830951] [usv_02.velocity_controller_node]: 📨 velocity_controller 收到目标 [ID=2003]: (11.97, -3.49), nav_mode=0, control_mode=velocity
[INFO] [1774659139.235580064] [usv_02.velocity_controller_node]: 📊 导航状态: IDLE → ACTIVE (新导航目标[ID=2003])
[INFO] [1774659139.236390678] [usv_02.velocity_controller_node]: 🎯 新导航目标 [ID=2003]: (11.97, -3.49), 速度=0.40 m/s
[INFO] [1774659139.248078480] [usv_01.velocity_controller_node]: 📨 velocity_controller 收到目标 [ID=1003]: (12.17, -0.08), nav_mode=0, control_mode=velocity
[INFO] [1774659139.297787740] [usv_02.velocity_controller_node]: 📨 velocity_controller 收到目标 [ID=2003]: (11.97, -3.49), nav_mode=0, control_mode=velocity
[INFO] [1774659139.300666290] [usv_01.velocity_controller_node]: 📨 velocity_controller 收到目标 [ID=1003]: (12.17, -0.08), nav_mode=0, control_mode=velocity
[INFO] [1774659139.344346646] [usv_01.velocity_controller_node]: 🚀 纯RL导航中: rl(vx=0.40, ω=0.40) -> final(vx=0.40, ω=0.40), raw仅观测(vx=0.35, ω=0.11), 距离=12.30m, 队列=0
[INFO] [1774659139.361987951] [usv_02.velocity_controller_node]: 📨 velocity_controller 收到目标 [ID=2003]: (11.97, -3.49), nav_mode=0, control_mode=velocity
[INFO] [1774659139.363060370] [usv_01.velocity_controller_node]: 📨 velocity_controller 收到目标 [ID=1003]: (12.17, -0.08), nav_mode=0, control_mode=velocity
[INFO] [1774659139.413117236] [usv_02.velocity_controller_node]: 📨 velocity_controller 收到目标 [ID=2003]: (11.97, -3.49), nav_mode=0, control_mode=velocity
[INFO] [1774659139.417820018] [usv_02.velocity_controller_node]: 📨 velocity_controller 收到目标 [ID=2003]: (11.85, -3.44), nav_mode=0, control_mode=velocity
[INFO] [1774659139.420164658] [usv_02.velocity_controller_node]: 📊 导航状态: IDLE → ACTIVE (新导航目标[ID=2003])
[INFO] [1774659139.420669467] [usv_02.velocity_controller_node]: 🎯 新导航目标 [ID=2003]: (11.85, -3.44), 速度=0.40 m/s
[INFO] [1774659139.469635614] [usv_02.velocity_controller_node]: 📨 velocity_controller 收到目标 [ID=2003]: (11.85, -3.44), nav_mode=0, control_mode=velocity
[INFO] [1774659139.501531967] [usv_02.velocity_controller_node]: 📨 velocity_controller 收到目标 [ID=2003]: (11.97, -3.49), nav_mode=0, control_mode=velocity
[INFO] [1774659139.516385324] [usv_02.velocity_controller_node]: 📨 velocity_controller 收到目标 [ID=2003]: (11.85, -3.44), nav_mode=0, control_mode=velocity
[INFO] [1774659139.522563030] [usv_03.velocity_controller_node]: 📨 velocity_controller 收到目标 [ID=3003]: (11.39, 2.48), nav_mode=0, control_mode=velocity
[INFO] [1774659139.531043277] [usv_01.velocity_controller_node]: 🚀 纯RL导航中: rl(vx=0.40, ω=0.40) -> final(vx=0.40, ω=0.40), raw仅观测(vx=0.23, ω=-0.27), 距离=12.03m, 队列=0
[INFO] [1774659139.537977797] [usv_03.velocity_controller_node]: 📊 导航状态: IDLE → ACTIVE (新导航目标[ID=3003])
[INFO] [1774659139.555117094] [usv_02.velocity_controller_node]: 📨 velocity_controller 收到目标 [ID=2003]: (11.85, -3.44), nav_mode=0, control_mode=velocity
[INFO] [1774659139.563495539] [usv_03.velocity_controller_node]: 🎯 新导航目标 [ID=3003]: (11.39, 2.48), 速度=0.40 m/s
[INFO] [1774659139.570639163] [usv_03.velocity_controller_node]: 📨 velocity_controller 收到目标 [ID=3003]: (11.39, 2.48), nav_mode=0, control_mode=velocity
[INFO] [1774659139.620687629] [usv_03.velocity_controller_node]: 📨 velocity_controller 收到目标 [ID=3003]: (11.39, 2.48), nav_mode=0, control_mode=velocity
[INFO] [1774659139.621324640] [usv_02.velocity_controller_node]: 📨 velocity_controller 收到目标 [ID=2003]: (11.85, -3.44), nav_mode=0, control_mode=velocity
[INFO] [1774659139.656438648] [usv_03.velocity_controller_node]: 📨 velocity_controller 收到目标 [ID=3003]: (11.39, 2.48), nav_mode=0, control_mode=velocity
[INFO] [1774659139.658381081] [usv_03.velocity_controller_node]: 📨 velocity_controller 收到目标 [ID=3003]: (12.34, 2.25), nav_mode=0, control_mode=velocity
[INFO] [1774659139.658829789] [usv_03.velocity_controller_node]: 📊 导航状态: IDLE → ACTIVE (新导航目标[ID=3003])
[INFO] [1774659139.659484800] [usv_03.velocity_controller_node]: 🎯 新导航目标 [ID=3003]: (12.34, 2.25), 速度=0.40 m/s
[INFO] [1774659139.707775536] [usv_03.velocity_controller_node]: 📨 velocity_controller 收到目标 [ID=3003]: (11.39, 2.48), nav_mode=0, control_mode=velocity
[INFO] [1774659139.710515283] [usv_03.velocity_controller_node]: 📨 velocity_controller 收到目标 [ID=3003]: (12.34, 2.25), nav_mode=0, control_mode=velocity
[INFO] [1774659139.759132825] [usv_03.velocity_controller_node]: 📨 velocity_controller 收到目标 [ID=3003]: (12.34, 2.25), nav_mode=0, control_mode=velocity
[INFO] [1774659139.808830985] [usv_03.velocity_controller_node]: 📨 velocity_controller 收到目标 [ID=3003]: (12.34, 2.25), nav_mode=0, control_mode=velocity
[INFO] [1774659139.823126532] [usv_03.velocity_controller_node]: 🚀 纯RL导航中: rl(vx=0.40, ω=0.40) -> final(vx=0.40, ω=0.40), raw仅观测(vx=0.32, ω=0.23), 距离=9.56m, 队列=0
[INFO] [1774659139.858618447] [usv_03.velocity_controller_node]: 📨 velocity_controller 收到目标 [ID=3003]: (12.34, 2.25), nav_mode=0, control_mode=velocity
[MAPPO][update=1158] total_steps=667008 rollout_steps=192 sample_count=576 rollout_time=24.29s rollout_sps=23.7 update_time=0.09s update_sps=19367.3 update_share=0.37% loss=37.5563 mean_reward=-3.2874 episodes=4 entropy_coef=0.0300 lr=3.00e-05 gpu=cpu
[INFO] [1774659140.533470626] [usv_02.velocity_controller_node]: 🚀 纯RL导航中: rl(vx=0.12, ω=0.40) -> final(vx=0.12, ω=0.40), raw仅观测(vx=0.39, ω=-0.11), 距离=6.30m, 队列=0
[INFO] [1774659140.663886384] [usv_02.velocity_controller_node]: 🚀 纯RL导航中: rl(vx=0.40, ω=-0.40) -> final(vx=0.40, ω=-0.40), raw仅观测(vx=0.28, ω=0.24), 距离=5.77m, 队列=0
[INFO] [1774659141.395549947] [usv_01.velocity_controller_node]: 🚀 纯RL导航中: rl(vx=0.12, ω=0.40) -> final(vx=0.12, ω=0.40), raw仅观测(vx=0.40, ω=0.05), 距离=11.50m, 队列=0
[INFO] [1774659141.435782643] [usv_03.velocity_controller_node]: 🚀 纯RL导航中: rl(vx=0.12, ω=-0.28) -> final(vx=0.12, ω=-0.28), raw仅观测(vx=0.30, ω=0.34), 距离=7.50m, 队列=0
[INFO] [1774659141.590231516] [usv_01.velocity_controller_node]: 🚀 纯RL导航中: rl(vx=0.40, ω=-0.09) -> final(vx=0.40, ω=-0.09), raw仅观测(vx=0.27, ω=-0.33), 距离=11.69m, 队列=0
[INFO] [1774659142.089512657] [usv_03.velocity_controller_node]: 🚀 纯RL导航中: rl(vx=0.12, ω=0.40) -> final(vx=0.12, ω=0.40), raw仅观测(vx=0.16, ω=0.35), 距离=9.03m, 队列=0
[INFO] [1774659143.083632462] [usv_02.velocity_controller_node]: 🚀 纯RL导航中: rl(vx=0.12, ω=-0.40) -> final(vx=0.12, ω=-0.40), raw仅观测(vx=0.31, ω=0.35), 距离=5.42m, 队列=0
[INFO] [1774659143.499021152] [usv_02.velocity_controller_node]: 🚀 纯RL导航中: rl(vx=0.40, ω=0.40) -> final(vx=0.40, ω=0.40), raw仅观测(vx=0.32, ω=0.04), 距离=4.97m, 队列=0
[INFO] [1774659144.728355828] [usv_03.velocity_controller_node]: 🚀 纯RL导航中: rl(vx=0.40, ω=0.40) -> final(vx=0.40, ω=0.40), raw仅观测(vx=0.23, ω=-0.23), 距离=6.71m, 队列=0
[INFO] [1774659144.956282573] [usv_01.velocity_controller_node]: 🚀 纯RL导航中: rl(vx=0.40, ω=-0.40) -> final(vx=0.40, ω=-0.40), raw仅观测(vx=0.40, ω=-0.06), 距离=10.35m, 队列=0
[INFO] [1774659145.092122624] [usv_01.velocity_controller_node]: 🚀 纯RL导航中: rl(vx=0.40, ω=-0.40) -> final(vx=0.40, ω=-0.40), raw仅观测(vx=0.12, ω=-0.40), 距离=10.46m, 队列=0
[INFO] [1774659145.294994935] [usv_03.velocity_controller_node]: 🚀 纯RL导航中: rl(vx=0.40, ω=-0.40) -> final(vx=0.40, ω=-0.40), raw仅观测(vx=0.37, ω=0.08), 距离=8.37m, 队列=0
[INFO] [1774659145.933406383] [usv_02.velocity_controller_node]: 🚀 纯RL导航中: rl(vx=0.12, ω=-0.40) -> final(vx=0.12, ω=-0.40), raw仅观测(vx=0.40, ω=-0.02), 距离=4.90m, 队列=0
[INFO] [1774659146.134691667] [usv_02.velocity_controller_node]: 🚀 纯RL导航中: rl(vx=0.40, ω=-0.40) -> final(vx=0.40, ω=-0.40), raw仅观测(vx=0.29, ω=0.25), 距离=4.50m, 队列=0
[INFO] [1774659146.877629324] [usv_03.velocity_controller_node]: 🚀 纯RL导航中: rl(vx=0.12, ω=-0.40) -> final(vx=0.12, ω=-0.40), raw仅观测(vx=0.10, ω=-0.40), 距离=6.13m, 队列=0
[INFO] [1774659147.108214014] [usv_01.velocity_controller_node]: 🚀 纯RL导航中: rl(vx=0.12, ω=0.40) -> final(vx=0.12, ω=0.40), raw仅观测(vx=0.15, ω=-0.40), 距离=10.08m, 队列=0
[INFO] [1774659147.112794294] [usv_01.velocity_controller_node]: 🚀 纯RL导航中: rl(vx=0.38, ω=-0.40) -> final(vx=0.38, ω=-0.40), raw仅观测(vx=0.28, ω=0.24), 距离=9.55m, 队列=0
[INFO] [1774659147.312414648] [usv_03.velocity_controller_node]: 🚀 纯RL导航中: rl(vx=0.40, ω=0.40) -> final(vx=0.40, ω=0.40), raw仅观测(vx=0.00, ω=0.00), 距离=7.78m, 队列=0
[INFO] [1774659147.953499243] [usv_02.velocity_controller_node]: 🚀 纯RL导航中: rl(vx=0.40, ω=-0.40) -> final(vx=0.40, ω=-0.40), raw仅观测(vx=0.22, ω=0.34), 距离=4.27m, 队列=0
[INFO] [1774659148.133023850] [usv_02.velocity_controller_node]: 🚀 纯RL导航中: rl(vx=0.12, ω=-0.05) -> final(vx=0.12, ω=-0.05), raw仅观测(vx=0.17, ω=0.29), 距离=3.91m, 队列=0
[INFO] [1774659148.857380185] [usv_03.velocity_controller_node]: 🚀 纯RL导航中: rl(vx=0.40, ω=-0.40) -> final(vx=0.40, ω=-0.40), raw仅观测(vx=0.00, ω=0.00), 距离=5.54m, 队列=0
[INFO] [1774659149.097805146] [usv_01.velocity_controller_node]: 🚀 纯RL导航中: rl(vx=0.12, ω=-0.40) -> final(vx=0.12, ω=-0.40), raw仅观测(vx=0.21, ω=0.37), 距离=9.10m, 队列=0
[INFO] [1774659149.105959987] [usv_01.velocity_controller_node]: 🚀 纯RL导航中: rl(vx=0.26, ω=-0.30) -> final(vx=0.26, ω=-0.30), raw仅观测(vx=0.26, ω=-0.36), 距离=9.46m, 队列=0
[INFO] [1774659149.311728148] [usv_03.velocity_controller_node]: 🚀 纯RL导航中: rl(vx=0.40, ω=0.40) -> final(vx=0.40, ω=0.40), raw仅观测(vx=0.00, ω=0.00), 距离=7.36m, 队列=0
[INFO] [1774659149.938820200] [usv_02.velocity_controller_node]: 🚀 纯RL导航中: rl(vx=0.40, ω=0.40) -> final(vx=0.40, ω=0.40), raw仅观测(vx=0.25, ω=0.32), 距离=3.89m, 队列=0
[INFO] [1774659150.129752705] [usv_02.velocity_controller_node]: 🚀 纯RL导航中: rl(vx=0.12, ω=0.40) -> final(vx=0.12, ω=0.40), raw仅观测(vx=0.27, ω=0.22), 距离=3.50m, 队列=0
[INFO] [1774659150.859689437] [usv_03.velocity_controller_node]: 🚀 纯RL导航中: rl(vx=0.12, ω=0.40) -> final(vx=0.12, ω=0.40), raw仅观测(vx=0.00, ω=0.00), 距离=5.08m, 队列=0
[INFO] [1774659151.101740026] [usv_01.velocity_controller_node]: 🚀 纯RL导航中: rl(vx=0.12, ω=0.35) -> final(vx=0.12, ω=0.35), raw仅观测(vx=0.12, ω=0.40), 距离=8.49m, 队列=0
[INFO] [1774659151.111542795] [usv_01.velocity_controller_node]: 🚀 纯RL导航中: rl(vx=0.12, ω=-0.40) -> final(vx=0.12, ω=-0.40), raw仅观测(vx=0.19, ω=0.37), 距离=9.10m, 队列=0
[INFO] [1774659151.314394806] [usv_03.velocity_controller_node]: 🚀 纯RL导航中: rl(vx=0.40, ω=0.40) -> final(vx=0.40, ω=0.40), raw仅观测(vx=0.00, ω=0.00), 距离=6.70m, 队列=0
[INFO] [1774659151.940346439] [usv_02.velocity_controller_node]: 🚀 纯RL导航中: rl(vx=0.40, ω=0.13) -> final(vx=0.40, ω=0.13), raw仅观测(vx=0.12, ω=0.40), 距离=3.31m, 队列=0
[INFO] [1774659152.134538399] [usv_02.velocity_controller_node]: 🚀 纯RL导航中: rl(vx=0.12, ω=0.40) -> final(vx=0.12, ω=0.40), raw仅观测(vx=0.31, ω=0.31), 距离=3.08m, 队列=0
[INFO] [1774659152.861025272] [usv_03.velocity_controller_node]: 🚀 纯RL导航中: rl(vx=0.37, ω=-0.40) -> final(vx=0.37, ω=-0.40), raw仅观测(vx=0.00, ω=0.00), 距离=4.47m, 队列=0
[INFO] [1774659153.090244439] [usv_01.velocity_controller_node]: 🚀 纯RL导航中: rl(vx=0.12, ω=0.40) -> final(vx=0.12, ω=0.40), raw仅观测(vx=0.12, ω=0.40), 距离=8.48m, 队列=0
[INFO] [1774659153.107514837] [usv_01.velocity_controller_node]: 🚀 纯RL导航中: rl(vx=0.12, ω=0.40) -> final(vx=0.12, ω=0.40), raw仅观测(vx=0.40, ω=0.07), 距离=7.88m, 队列=0
[INFO] [1774659153.309820938] [usv_03.velocity_controller_node]: 🚀 纯RL导航中: rl(vx=0.27, ω=-0.40) -> final(vx=0.27, ω=-0.40), raw仅观测(vx=0.00, ω=0.00), 距离=6.09m, 队列=0
[INFO] [1774659153.986171342] [usv_02.velocity_controller_node]: 🚀 纯RL导航中: rl(vx=0.40, ω=0.40) -> final(vx=0.40, ω=0.40), raw仅观测(vx=0.11, ω=0.40), 距离=2.55m, 队列=0
[INFO] [1774659154.187906533] [usv_02.velocity_controller_node]: 🚀 纯RL导航中: rl(vx=0.40, ω=-0.40) -> final(vx=0.40, ω=-0.40), raw仅观测(vx=0.40, ω=0.06), 距离=2.76m, 队列=0
[INFO] [1774659154.857329615] [usv_03.velocity_controller_node]: 🚀 纯RL导航中: rl(vx=0.12, ω=0.40) -> final(vx=0.12, ω=0.40), raw仅观测(vx=0.00, ω=0.00), 距离=3.76m, 队列=0
[INFO] [1774659155.100865029] [usv_01.velocity_controller_node]: 🚀 纯RL导航中: rl(vx=0.12, ω=0.40) -> final(vx=0.12, ω=0.40), raw仅观测(vx=0.38, ω=0.12), 距离=7.39m, 队列=0
[INFO] [1774659155.141704236] [usv_01.velocity_controller_node]: 🚀 纯RL导航中: rl(vx=0.12, ω=-0.20) -> final(vx=0.12, ω=-0.20), raw仅观测(vx=0.00, ω=0.00), 距离=7.91m, 队列=0
[INFO] [1774659155.365787013] [usv_03.velocity_controller_node]: 🚀 纯RL导航中: rl(vx=0.12, ω=0.24) -> final(vx=0.12, ω=0.24), raw仅观测(vx=0.00, ω=0.00), 距离=5.73m, 队列=0
[INFO] [1774659155.988769892] [usv_02.velocity_controller_node]: 🚀 纯RL导航中: rl(vx=0.40, ω=-0.16) -> final(vx=0.40, ω=-0.16), raw仅观测(vx=0.40, ω=0.06), 距离=1.97m, 队列=0
[INFO] [1774659156.187023023] [usv_02.velocity_controller_node]: 🚀 纯RL导航中: rl(vx=0.40, ω=-0.40) -> final(vx=0.40, ω=-0.40), raw仅观测(vx=0.40, ω=0.17), 距离=2.22m, 队列=0
[INFO] [1774659156.853298151] [usv_03.velocity_controller_node]: 🚀 纯RL导航中: rl(vx=0.40, ω=-0.40) -> final(vx=0.40, ω=-0.40), raw仅观测(vx=0.00, ω=0.00), 距离=3.40m, 队列=0
[INFO] [1774659157.086882593] [usv_01.velocity_controller_node]: 🚀 纯RL导航中: rl(vx=0.12, ω=-0.37) -> final(vx=0.12, ω=-0.37), raw仅观测(vx=0.00, ω=0.00), 距离=6.84m, 队列=0
[INFO] [1774659157.136220146] [usv_01.velocity_controller_node]: 🚀 纯RL导航中: rl(vx=0.12, ω=0.40) -> final(vx=0.12, ω=0.40), raw仅观测(vx=0.00, ω=0.00), 距离=7.61m, 队列=0
[INFO] [1774659157.369147377] [usv_03.velocity_controller_node]: 🚀 纯RL导航中: rl(vx=0.28, ω=0.33) -> final(vx=0.28, ω=0.33), raw仅观测(vx=0.00, ω=0.00), 距离=5.31m, 队列=0
[INFO] [1774659157.984168718] [usv_02.velocity_controller_node]: 🚀 纯RL导航中: rl(vx=0.32, ω=-0.40) -> final(vx=0.32, ω=-0.40), raw仅观测(vx=0.07, ω=0.18), 距离=1.46m, 队列=0
[INFO] [1774659158.183751272] [usv_02.velocity_controller_node]: 🚀 纯RL导航中: rl(vx=0.12, ω=-0.24) -> final(vx=0.12, ω=-0.24), raw仅观测(vx=0.06, ω=0.25), 距离=1.28m, 队列=0
[INFO] [1774659158.856703616] [usv_03.velocity_controller_node]: 🚀 纯RL导航中: rl(vx=0.12, ω=0.40) -> final(vx=0.12, ω=0.40), raw仅观测(vx=0.00, ω=0.00), 距离=2.87m, 队列=0
[INFO] [1774659159.087329506] [usv_01.velocity_controller_node]: 🚀 纯RL导航中: rl(vx=0.40, ω=0.40) -> final(vx=0.40, ω=0.40), raw仅观测(vx=0.00, ω=0.00), 距离=6.59m, 队列=0
[INFO] [1774659159.136556958] [usv_01.velocity_controller_node]: 🚀 纯RL导航中: rl(vx=0.12, ω=0.40) -> final(vx=0.12, ω=0.40), raw仅观测(vx=0.00, ω=0.00), 距离=6.95m, 队列=0
[INFO] [1774659159.361227045] [usv_03.velocity_controller_node]: 🚀 纯RL导航中: rl(vx=0.12, ω=-0.40) -> final(vx=0.12, ω=-0.40), raw仅观测(vx=0.00, ω=0.00), 距离=4.69m, 队列=0
[INFO] [1774659159.978185620] [usv_02.velocity_controller_node]: 🚀 纯RL导航中: rl(vx=0.12, ω=-0.40) -> final(vx=0.12, ω=-0.40), raw仅观测(vx=0.00, ω=0.00), 距离=1.11m, 队列=0
[INFO] [1774659160.223206360] [usv_02.velocity_controller_node]: 🚀 纯RL导航中: rl(vx=0.40, ω=0.40) -> final(vx=0.40, ω=0.40), raw仅观测(vx=0.05, ω=0.40), 距离=1.20m, 队列=0
[INFO] [1774659160.867663511] [usv_03.velocity_controller_node]: 🚀 纯RL导航中: rl(vx=0.12, ω=-0.38) -> final(vx=0.12, ω=-0.38), raw仅观测(vx=0.00, ω=0.00), 距离=2.48m, 队列=0
[INFO] [1774659161.088521032] [usv_01.velocity_controller_node]: 🚀 纯RL导航中: rl(vx=0.12, ω=0.40) -> final(vx=0.12, ω=0.40), raw仅观测(vx=0.00, ω=0.00), 距离=6.14m, 队列=0
[INFO] [1774659161.139461714] [usv_01.velocity_controller_node]: 🚀 纯RL导航中: rl(vx=0.12, ω=-0.40) -> final(vx=0.12, ω=-0.40), raw仅观测(vx=0.00, ω=0.00), 距离=6.20m, 队列=0
[INFO] [1774659161.380430683] [usv_03.velocity_controller_node]: 🚀 纯RL导航中: rl(vx=0.40, ω=0.40) -> final(vx=0.40, ω=0.40), raw仅观测(vx=0.00, ω=0.00), 距离=4.30m, 队列=0
[INFO] [1774659161.976754299] [usv_02.velocity_controller_node]: 🚀 纯RL导航中: rl(vx=0.12, ω=0.40) -> final(vx=0.12, ω=0.40), raw仅观测(vx=0.00, ω=0.00), 距离=0.77m, 队列=0
[INFO] [1774659162.337119133] [usv_02.velocity_controller_node]: 🚀 纯RL导航中: rl(vx=0.16, ω=-0.40) -> final(vx=0.16, ω=-0.40), raw仅观测(vx=0.00, ω=0.00), 距离=0.53m, 队列=0
[INFO] [1774659162.879451614] [usv_03.velocity_controller_node]: 🚀 纯RL导航中: rl(vx=0.40, ω=0.08) -> final(vx=0.40, ω=0.08), raw仅观测(vx=0.00, ω=0.00), 距离=2.33m, 队列=0
[INFO] [1774659163.088866236] [usv_01.velocity_controller_node]: 🚀 纯RL导航中: rl(vx=0.12, ω=0.40) -> final(vx=0.12, ω=0.40), raw仅观测(vx=0.00, ω=0.00), 距离=5.72m, 队列=0
[INFO] [1774659163.134871732] [usv_01.velocity_controller_node]: 🚀 纯RL导航中: rl(vx=0.12, ω=-0.07) -> final(vx=0.12, ω=-0.07), raw仅观测(vx=0.00, ω=0.00), 距离=5.96m, 队列=0
[INFO] [1774659163.365457621] [usv_03.velocity_controller_node]: 🚀 纯RL导航中: rl(vx=0.40, ω=0.40) -> final(vx=0.40, ω=0.40), raw仅观测(vx=0.00, ω=0.00), 距离=3.84m, 队列=0
[MAPPO][update=1159] total_steps=667584 rollout_steps=192 sample_count=576 rollout_time=23.04s rollout_sps=25.0 update_time=0.34s update_sps=5026.3 update_share=1.47% loss=95.9137 mean_reward=-1.2710 episodes=0 entropy_coef=0.0300 lr=3.00e-05 gpu=cpu
[INFO] [1774659164.000429404] [usv_02.velocity_controller_node]: 🚀 纯RL导航中: rl(vx=0.12, ω=-0.40) -> final(vx=0.12, ω=-0.40), raw仅观测(vx=0.00, ω=0.00), 距离=0.42m, 队列=0
[INFO] [1774659164.329067889] [usv_02.velocity_controller_node]: 🚀 纯RL导航中: rl(vx=0.12, ω=0.06) -> final(vx=0.12, ω=0.06), raw仅观测(vx=0.00, ω=0.00), 距离=0.24m, 队列=0
[INFO] [1774659164.860540383] [usv_03.velocity_controller_node]: 🚀 纯RL导航中: rl(vx=0.40, ω=-0.40) -> final(vx=0.40, ω=-0.40), raw仅观测(vx=0.00, ω=0.00), 距离=1.54m, 队列=0
[INFO] [1774659165.123272727] [usv_01.velocity_controller_node]: 🚀 纯RL导航中: rl(vx=0.40, ω=-0.30) -> final(vx=0.40, ω=-0.30), raw仅观测(vx=0.00, ω=0.00), 距离=5.29m, 队列=0
[INFO] [1774659165.159363852] [usv_01.velocity_controller_node]: 🚀 纯RL导航中: rl(vx=0.40, ω=0.29) -> final(vx=0.40, ω=0.29), raw仅观测(vx=0.00, ω=0.00), 距离=5.41m, 队列=0
[INFO] [1774659165.378508242] [usv_03.velocity_controller_node]: 🚀 纯RL导航中: rl(vx=0.12, ω=-0.40) -> final(vx=0.12, ω=-0.40), raw仅观测(vx=0.00, ω=0.00), 距离=3.16m, 队列=0
[INFO] [1774659166.008168534] [usv_02.velocity_controller_node]: 🚀 纯RL导航中: rl(vx=0.40, ω=0.10) -> final(vx=0.40, ω=0.10), raw仅观测(vx=0.00, ω=0.00), 距离=0.59m, 队列=0
[INFO] [1774659166.418450231] [usv_02.velocity_controller_node]: 🚀 纯RL导航中: rl(vx=0.40, ω=-0.35) -> final(vx=0.40, ω=-0.35), raw仅观测(vx=0.00, ω=0.00), 距离=0.75m, 队列=0
[INFO] [1774659166.993772483] [usv_03.velocity_controller_node]: 🚀 纯RL导航中: rl(vx=0.12, ω=0.27) -> final(vx=0.12, ω=0.27), raw仅观测(vx=0.00, ω=0.00), 距离=1.17m, 队列=0
[INFO] [1774659167.207637583] [usv_01.velocity_controller_node]: 🚀 纯RL导航中: rl(vx=0.40, ω=-0.40) -> final(vx=0.40, ω=-0.40), raw仅观测(vx=0.00, ω=0.00), 距离=4.80m, 队列=0
[INFO] [1774659167.529945558] [usv_01.velocity_controller_node]: 🚀 纯RL导航中: rl(vx=0.40, ω=0.40) -> final(vx=0.40, ω=0.40), raw仅观测(vx=0.00, ω=0.00), 距离=4.81m, 队列=0
[INFO] [1774659167.725505141] [usv_03.velocity_controller_node]: 🚀 纯RL导航中: rl(vx=0.40, ω=-0.40) -> final(vx=0.40, ω=-0.40), raw仅观测(vx=0.00, ω=0.00), 距离=2.84m, 队列=0
[INFO] [1774659168.092843795] [usv_02.velocity_controller_node]: 🚀 纯RL导航中: rl(vx=0.40, ω=0.39) -> final(vx=0.40, ω=0.39), raw仅观测(vx=0.00, ω=0.00), 距离=1.16m, 队列=0
[INFO] [1774659168.693516685] [usv_02.velocity_controller_node]: 🚀 纯RL导航中: rl(vx=0.40, ω=0.40) -> final(vx=0.40, ω=0.40), raw仅观测(vx=0.00, ω=0.00), 距离=1.10m, 队列=0
[INFO] [1774659169.031356729] [usv_03.velocity_controller_node]: 🚀 纯RL导航中: rl(vx=0.40, ω=0.40) -> final(vx=0.40, ω=0.40), raw仅观测(vx=0.00, ω=0.00), 距离=0.62m, 队列=0
[INFO] [1774659169.250100013] [usv_01.velocity_controller_node]: 🚀 纯RL导航中: rl(vx=0.40, ω=0.40) -> final(vx=0.40, ω=0.40), raw仅观测(vx=0.00, ω=0.00), 距离=4.15m, 队列=0
[INFO] [1774659169.593257949] [usv_01.velocity_controller_node]: 🚀 纯RL导航中: rl(vx=0.40, ω=-0.40) -> final(vx=0.40, ω=-0.40), raw仅观测(vx=0.00, ω=0.00), 距离=4.31m, 队列=0
[INFO] [1774659169.718580618] [usv_03.velocity_controller_node]: 🚀 纯RL导航中: rl(vx=0.40, ω=-0.12) -> final(vx=0.40, ω=-0.12), raw仅观测(vx=0.00, ω=0.00), 距离=2.33m, 队列=0
[INFO] [1774659170.086549388] [usv_02.velocity_controller_node]: 🚀 纯RL导航中: rl(vx=0.12, ω=0.30) -> final(vx=0.12, ω=0.30), raw仅观测(vx=0.00, ω=0.00), 距离=1.68m, 队列=0
[INFO] [1774659170.715426074] [usv_02.velocity_controller_node]: 🚀 纯RL导航中: rl(vx=0.40, ω=0.40) -> final(vx=0.40, ω=0.40), raw仅观测(vx=0.00, ω=0.00), 距离=1.94m, 队列=0
[INFO] [1774659171.136684766] [usv_03.velocity_controller_node]: 🚀 纯RL导航中: rl(vx=0.40, ω=-0.40) -> final(vx=0.40, ω=-0.40), raw仅观测(vx=0.00, ω=0.00), 距离=0.10m, 队列=0
[INFO] [1774659171.341089004] [usv_01.velocity_controller_node]: 🚀 纯RL导航中: rl(vx=0.40, ω=-0.40) -> final(vx=0.40, ω=-0.40), raw仅观测(vx=0.00, ω=0.00), 距离=3.74m, 队列=0
[INFO] [1774659171.695310936] [usv_01.velocity_controller_node]: 🚀 纯RL导航中: rl(vx=0.40, ω=-0.07) -> final(vx=0.40, ω=-0.07), raw仅观测(vx=0.00, ω=0.00), 距离=3.73m, 队列=0
[INFO] [1774659171.778316773] [usv_03.velocity_controller_node]: 🚀 纯RL导航中: rl(vx=0.40, ω=-0.40) -> final(vx=0.40, ω=-0.40), raw仅观测(vx=0.00, ω=0.00), 距离=1.77m, 队列=0
[INFO] [1774659172.088455842] [usv_02.velocity_controller_node]: 🚀 纯RL导航中: rl(vx=0.40, ω=0.40) -> final(vx=0.40, ω=0.40), raw仅观测(vx=0.00, ω=0.00), 距离=2.16m, 队列=0
[INFO] [1774659172.726071479] [usv_02.velocity_controller_node]: 🚀 纯RL导航中: rl(vx=0.12, ω=-0.39) -> final(vx=0.12, ω=-0.39), raw仅观测(vx=0.00, ω=0.00), 距离=2.40m, 队列=0
[INFO] [1774659173.160063292] [usv_03.velocity_controller_node]: 🚀 纯RL导航中: rl(vx=0.40, ω=0.35) -> final(vx=0.40, ω=0.35), raw仅观测(vx=0.00, ω=0.00), 距离=0.72m, 队列=0
[INFO] [1774659173.354000049] [usv_01.velocity_controller_node]: 🚀 纯RL导航中: rl(vx=0.40, ω=-0.10) -> final(vx=0.40, ω=-0.10), raw仅观测(vx=0.00, ω=0.00), 距离=2.94m, 队列=0
[INFO] [1774659173.716237919] [usv_01.velocity_controller_node]: 🚀 纯RL导航中: rl(vx=0.40, ω=0.35) -> final(vx=0.40, ω=0.35), raw仅观测(vx=0.00, ω=0.00), 距离=3.20m, 队列=0
[INFO] [1774659173.778823903] [usv_03.velocity_controller_node]: 🚀 纯RL导航中: rl(vx=0.40, ω=-0.40) -> final(vx=0.40, ω=-0.40), raw仅观测(vx=0.00, ω=0.00), 距离=1.16m, 队列=0
[INFO] [1774659174.086226524] [usv_02.velocity_controller_node]: 🚀 纯RL导航中: rl(vx=0.40, ω=0.40) -> final(vx=0.40, ω=0.40), raw仅观测(vx=0.00, ω=0.00), 距离=2.71m, 队列=0
[INFO] [1774659174.726409606] [usv_02.velocity_controller_node]: 🚀 纯RL导航中: rl(vx=0.40, ω=0.29) -> final(vx=0.40, ω=0.29), raw仅观测(vx=0.00, ω=0.00), 距离=2.69m, 队列=0
[INFO] [1774659175.159435201] [usv_03.velocity_controller_node]: 🚀 纯RL导航中: rl(vx=0.40, ω=0.06) -> final(vx=0.40, ω=0.06), raw仅观测(vx=0.00, ω=0.00), 距离=1.16m, 队列=0
[INFO] [1774659175.340429134] [usv_01.velocity_controller_node]: 🚀 纯RL导航中: rl(vx=0.12, ω=0.40) -> final(vx=0.12, ω=0.40), raw仅观测(vx=0.00, ω=0.00), 距离=2.35m, 队列=0
[INFO] [1774659175.686154419] [usv_01.velocity_controller_node]: 🚀 纯RL导航中: rl(vx=0.12, ω=0.40) -> final(vx=0.12, ω=0.40), raw仅观测(vx=0.00, ω=0.00), 距离=3.02m, 队列=0
[INFO] [1774659175.762782546] [usv_03.velocity_controller_node]: 🚀 纯RL导航中: rl(vx=0.12, ω=-0.40) -> final(vx=0.12, ω=-0.40), raw仅观测(vx=0.00, ω=0.00), 距离=0.59m, 队列=0
[INFO] [1774659176.076758581] [usv_02.velocity_controller_node]: 🚀 纯RL导航中: rl(vx=0.40, ω=0.40) -> final(vx=0.40, ω=0.40), raw仅观测(vx=0.00, ω=0.00), 距离=2.81m, 队列=0
[INFO] [1774659176.723570677] [usv_02.velocity_controller_node]: 🚀 纯RL导航中: rl(vx=0.40, ω=0.40) -> final(vx=0.40, ω=0.40), raw仅观测(vx=0.00, ω=0.00), 距离=3.24m, 队列=0
[INFO] [1774659177.171104924] [usv_03.velocity_controller_node]: 🚀 纯RL导航中: rl(vx=0.12, ω=0.40) -> final(vx=0.12, ω=0.40), raw仅观测(vx=0.00, ω=0.00), 距离=1.86m, 队列=0
[INFO] [1774659177.339100532] [usv_01.velocity_controller_node]: 🚀 纯RL导航中: rl(vx=0.40, ω=-0.40) -> final(vx=0.40, ω=-0.40), raw仅观测(vx=0.00, ω=0.00), 距离=1.62m, 队列=0
[INFO] [1774659177.687429962] [usv_01.velocity_controller_node]: 🚀 纯RL导航中: rl(vx=0.40, ω=0.40) -> final(vx=0.40, ω=0.40), raw仅观测(vx=0.00, ω=0.00), 距离=2.29m, 队列=0
[INFO] [1774659177.763107771] [usv_03.velocity_controller_node]: 🚀 纯RL导航中: rl(vx=0.40, ω=0.40) -> final(vx=0.40, ω=0.40), raw仅观测(vx=0.00, ω=0.00), 距离=0.47m, 队列=0
[INFO] [1774659178.073401641] [usv_02.velocity_controller_node]: 🚀 纯RL导航中: rl(vx=0.12, ω=-0.40) -> final(vx=0.12, ω=-0.40), raw仅观测(vx=0.00, ω=0.00), 距离=3.09m, 队列=0
[INFO] [1774659178.729742300] [usv_02.velocity_controller_node]: 🚀 纯RL导航中: rl(vx=0.40, ω=0.40) -> final(vx=0.40, ω=0.40), raw仅观测(vx=0.00, ω=0.00), 距离=3.74m, 队列=0
[INFO] [1774659179.214340587] [usv_03.velocity_controller_node]: 🚀 纯RL导航中: rl(vx=0.40, ω=-0.18) -> final(vx=0.40, ω=-0.18), raw仅观测(vx=0.00, ω=0.00), 距离=2.46m, 队列=0
[INFO] [1774659179.350375642] [usv_01.velocity_controller_node]: 🚀 纯RL导航中: rl(vx=0.40, ω=0.40) -> final(vx=0.40, ω=0.40), raw仅观测(vx=0.00, ω=0.00), 距离=1.32m, 队列=0
[INFO] [1774659179.694209292] [usv_01.velocity_controller_node]: 🚀 纯RL导航中: rl(vx=0.12, ω=0.40) -> final(vx=0.12, ω=0.40), raw仅观测(vx=0.00, ω=0.00), 距离=1.78m, 队列=0
[INFO] [1774659179.813836162] [usv_03.velocity_controller_node]: 🚀 纯RL导航中: rl(vx=0.19, ω=0.40) -> final(vx=0.19, ω=0.40), raw仅观测(vx=0.00, ω=0.00), 距离=0.95m, 队列=0
[INFO] [1774659180.080932385] [usv_02.velocity_controller_node]: 🚀 纯RL导航中: rl(vx=0.40, ω=0.13) -> final(vx=0.40, ω=0.13), raw仅观测(vx=0.00, ω=0.00), 距离=3.20m, 队列=0
[INFO] [1774659180.728995401] [usv_02.velocity_controller_node]: 🚀 纯RL导航中: rl(vx=0.40, ω=-0.40) -> final(vx=0.40, ω=-0.40), raw仅观测(vx=0.00, ω=0.00), 距离=4.44m, 队列=0
[INFO] [1774659181.235984675] [usv_03.velocity_controller_node]: 🚀 纯RL导航中: rl(vx=0.40, ω=0.40) -> final(vx=0.40, ω=0.40), raw仅观测(vx=0.00, ω=0.00), 距离=2.94m, 队列=0
[INFO] [1774659181.359465812] [usv_01.velocity_controller_node]: 🚀 纯RL导航中: rl(vx=0.12, ω=0.40) -> final(vx=0.12, ω=0.40), raw仅观测(vx=0.00, ω=0.00), 距离=0.98m, 队列=0
[INFO] [1774659181.723297109] [usv_01.velocity_controller_node]: 🚀 纯RL导航中: rl(vx=0.40, ω=0.08) -> final(vx=0.40, ω=0.08), raw仅观测(vx=0.00, ω=0.00), 距离=1.35m, 队列=0
[INFO] [1774659181.810988526] [usv_03.velocity_controller_node]: 🚀 纯RL导航中: rl(vx=0.12, ω=-0.27) -> final(vx=0.12, ω=-0.27), raw仅观测(vx=0.00, ω=0.00), 距离=1.28m, 队列=0
[INFO] [1774659182.104352004] [usv_02.velocity_controller_node]: 🚀 纯RL导航中: rl(vx=0.12, ω=-0.40) -> final(vx=0.12, ω=-0.40), raw仅观测(vx=0.00, ω=0.00), 距离=3.18m, 队列=0
[INFO] [1774659182.733895699] [usv_02.velocity_controller_node]: 🚀 纯RL导航中: rl(vx=0.12, ω=-0.11) -> final(vx=0.12, ω=-0.11), raw仅观测(vx=0.00, ω=0.00), 距离=5.00m, 队列=0
[INFO] [1774659183.218026677] [usv_03.velocity_controller_node]: 🚀 纯RL导航中: rl(vx=0.22, ω=-0.40) -> final(vx=0.22, ω=-0.40), raw仅观测(vx=0.00, ω=0.00), 距离=3.56m, 队列=0
[INFO] [1774659183.396584568] [usv_01.velocity_controller_node]: 🚀 纯RL导航中: rl(vx=0.12, ω=0.40) -> final(vx=0.12, ω=0.40), raw仅观测(vx=0.00, ω=0.00), 距离=1.16m, 队列=0
[INFO] [1774659183.829865266] [usv_03.velocity_controller_node]: 🚀 纯RL导航中: rl(vx=0.30, ω=-0.29) -> final(vx=0.30, ω=-0.29), raw仅观测(vx=0.00, ω=0.00), 距离=1.66m, 队列=0
[INFO] [1774659183.833166423] [usv_01.velocity_controller_node]: 🚀 纯RL导航中: rl(vx=0.40, ω=0.40) -> final(vx=0.40, ω=0.40), raw仅观测(vx=0.00, ω=0.00), 距离=0.77m, 队列=0
[INFO] [1774659184.111096734] [usv_02.velocity_controller_node]: 🚀 纯RL导航中: rl(vx=0.12, ω=-0.40) -> final(vx=0.12, ω=-0.40), raw仅观测(vx=0.00, ω=0.00), 距离=3.19m, 队列=0
[INFO] [1774659184.819675697] [usv_02.velocity_controller_node]: 🚀 纯RL导航中: rl(vx=0.40, ω=0.40) -> final(vx=0.40, ω=0.40), raw仅观测(vx=0.00, ω=0.00), 距离=5.55m, 队列=0
[INFO] [1774659185.312532626] [usv_01.velocity_controller_node]: 📨 velocity_controller 收到目标 [ID=1004]: (12.21, -0.28), nav_mode=0, control_mode=velocity
[INFO] [1774659185.313133737] [usv_01.velocity_controller_node]: 📊 导航状态: IDLE → ACTIVE (新导航目标[ID=1004])
[INFO] [1774659185.313927450] [usv_01.velocity_controller_node]: 🎯 新导航目标 [ID=1004]: (12.21, -0.28), 速度=0.40 m/s
[INFO] [1774659185.410475821] [usv_01.velocity_controller_node]: 📨 velocity_controller 收到目标 [ID=1004]: (12.21, -0.28), nav_mode=0, control_mode=velocity
[INFO] [1774659185.469292139] [usv_01.velocity_controller_node]: 📨 velocity_controller 收到目标 [ID=1004]: (12.21, -0.28), nav_mode=0, control_mode=velocity
[INFO] [1774659185.493799563] [usv_01.velocity_controller_node]: 📨 velocity_controller 收到目标 [ID=1004]: (12.21, -0.28), nav_mode=0, control_mode=velocity
[INFO] [1774659185.543446023] [usv_01.velocity_controller_node]: 📨 velocity_controller 收到目标 [ID=1004]: (12.21, -0.28), nav_mode=0, control_mode=velocity
[INFO] [1774659185.620033448] [usv_02.velocity_controller_node]: 📨 velocity_controller 收到目标 [ID=2004]: (0.40, 0.21), nav_mode=0, control_mode=velocity
[INFO] [1774659185.620671259] [usv_02.velocity_controller_node]: 📊 导航状态: IDLE → ACTIVE (新导航目标[ID=2004])
[INFO] [1774659185.621438072] [usv_02.velocity_controller_node]: 🎯 新导航目标 [ID=2004]: (0.40, 0.21), 速度=0.40 m/s
[INFO] [1774659185.716399416] [usv_02.velocity_controller_node]: 📨 velocity_controller 收到目标 [ID=2004]: (0.40, 0.21), nav_mode=0, control_mode=velocity
[INFO] [1774659185.736972072] [usv_02.velocity_controller_node]: 📨 velocity_controller 收到目标 [ID=2004]: (0.40, 0.21), nav_mode=0, control_mode=velocity
[INFO] [1774659185.774616123] [usv_01.velocity_controller_node]: 📨 velocity_controller 收到目标 [ID=1004]: (12.46, -0.01), nav_mode=0, control_mode=velocity
[INFO] [1774659185.785068804] [usv_01.velocity_controller_node]: 📊 导航状态: IDLE → ACTIVE (新导航目标[ID=1004])
[INFO] [1774659185.804080133] [usv_01.velocity_controller_node]: 🎯 新导航目标 [ID=1004]: (12.46, -0.01), 速度=0.40 m/s
[INFO] [1774659185.810323941] [usv_01.velocity_controller_node]: 📨 velocity_controller 收到目标 [ID=1004]: (12.46, -0.01), nav_mode=0, control_mode=velocity
[INFO] [1774659185.861578428] [usv_02.velocity_controller_node]: 📨 velocity_controller 收到目标 [ID=2004]: (0.40, 0.21), nav_mode=0, control_mode=velocity
[INFO] [1774659185.870350380] [usv_01.velocity_controller_node]: 📨 velocity_controller 收到目标 [ID=1004]: (12.46, -0.01), nav_mode=0, control_mode=velocity
[INFO] [1774659185.872286613] [usv_02.velocity_controller_node]: 📨 velocity_controller 收到目标 [ID=2004]: (0.40, 0.21), nav_mode=0, control_mode=velocity
[INFO] [1774659185.925791039] [usv_01.velocity_controller_node]: 📨 velocity_controller 收到目标 [ID=1004]: (12.46, -0.01), nav_mode=0, control_mode=velocity
[INFO] [1774659185.947836420] [usv_03.velocity_controller_node]: 📨 velocity_controller 收到目标 [ID=3004]: (0.05, 12.91), nav_mode=0, control_mode=velocity
[INFO] [1774659185.948489132] [usv_03.velocity_controller_node]: 📊 导航状态: IDLE → ACTIVE (新导航目标[ID=3004])
[INFO] [1774659185.949278345] [usv_03.velocity_controller_node]: 🎯 新导航目标 [ID=3004]: (0.05, 12.91), 速度=0.40 m/s
[INFO] [1774659185.974619884] [usv_01.velocity_controller_node]: 📨 velocity_controller 收到目标 [ID=1004]: (12.46, -0.01), nav_mode=0, control_mode=velocity
[INFO] [1774659186.010894412] [usv_03.velocity_controller_node]: 📨 velocity_controller 收到目标 [ID=3004]: (0.05, 12.91), nav_mode=0, control_mode=velocity
[INFO] [1774659186.018344440] [usv_02.velocity_controller_node]: 📨 velocity_controller 收到目标 [ID=2004]: (0.09, 0.22), nav_mode=0, control_mode=velocity
[INFO] [1774659186.019048753] [usv_02.velocity_controller_node]: 📊 导航状态: IDLE → ACTIVE (新导航目标[ID=2004])
[INFO] [1774659186.021344792] [usv_02.velocity_controller_node]: 🎯 新导航目标 [ID=2004]: (0.09, 0.22), 速度=0.40 m/s
[INFO] [1774659186.057830124] [usv_03.velocity_controller_node]: 📨 velocity_controller 收到目标 [ID=3004]: (0.05, 12.91), nav_mode=0, control_mode=velocity
[INFO] [1774659186.071367958] [usv_02.velocity_controller_node]: 📨 velocity_controller 收到目标 [ID=2004]: (0.09, 0.22), nav_mode=0, control_mode=velocity
[INFO] [1774659186.114330601] [usv_03.velocity_controller_node]: 📨 velocity_controller 收到目标 [ID=3004]: (0.05, 12.91), nav_mode=0, control_mode=velocity
[INFO] [1774659186.117753861] [usv_02.velocity_controller_node]: 📨 velocity_controller 收到目标 [ID=2004]: (0.09, 0.22), nav_mode=0, control_mode=velocity
[INFO] [1774659186.205367277] [usv_03.velocity_controller_node]: 📨 velocity_controller 收到目标 [ID=3004]: (0.05, 12.91), nav_mode=0, control_mode=velocity
[INFO] [1774659186.219625123] [usv_02.velocity_controller_node]: 📨 velocity_controller 收到目标 [ID=2004]: (0.09, 0.22), nav_mode=0, control_mode=velocity
[INFO] [1774659186.230490511] [usv_02.velocity_controller_node]: 📨 velocity_controller 收到目标 [ID=2004]: (0.09, 0.22), nav_mode=0, control_mode=velocity
[INFO] [1774659186.330275538] [usv_03.velocity_controller_node]: 📨 velocity_controller 收到目标 [ID=3004]: (0.12, 13.00), nav_mode=0, control_mode=velocity
[INFO] [1774659186.340189910] [usv_03.velocity_controller_node]: 📊 导航状态: IDLE → ACTIVE (新导航目标[ID=3004])
[INFO] [1774659186.368449399] [usv_03.velocity_controller_node]: 🎯 新导航目标 [ID=3004]: (0.12, 13.00), 速度=0.40 m/s
[INFO] [1774659186.374638806] [usv_03.velocity_controller_node]: 📨 velocity_controller 收到目标 [ID=3004]: (0.12, 13.00), nav_mode=0, control_mode=velocity
[INFO] [1774659186.466074388] [usv_03.velocity_controller_node]: 📨 velocity_controller 收到目标 [ID=3004]: (0.12, 13.00), nav_mode=0, control_mode=velocity
[INFO] [1774659186.521650050] [usv_03.velocity_controller_node]: 📨 velocity_controller 收到目标 [ID=3004]: (0.12, 13.00), nav_mode=0, control_mode=velocity
[INFO] [1774659186.593862199] [usv_03.velocity_controller_node]: 📨 velocity_controller 收到目标 [ID=3004]: (0.12, 13.00), nav_mode=0, control_mode=velocity
[INFO] [1774659187.046255628] [usv_01.velocity_controller_node]: 🚀 纯RL导航中: rl(vx=0.40, ω=-0.40) -> final(vx=0.40, ω=-0.40), raw仅观测(vx=0.12, ω=-0.40), 距离=12.14m, 队列=0
[INFO] [1774659187.218207903] [usv_03.velocity_controller_node]: 🚀 纯RL导航中: rl(vx=0.40, ω=0.40) -> final(vx=0.40, ω=0.40), raw仅观测(vx=0.17, ω=-0.34), 距离=1.70m, 队列=0
[INFO] [1774659191.340103729] [usv_01.velocity_controller_node]: 🚀 纯RL导航中: rl(vx=0.40, ω=-0.40) -> final(vx=0.40, ω=-0.40), raw仅观测(vx=0.40, ω=0.40), 距离=12.55m, 队列=0
[INFO] [1774659191.709236516] [usv_03.velocity_controller_node]: 🚀 纯RL导航中: rl(vx=0.12, ω=0.40) -> final(vx=0.12, ω=0.40), raw仅观测(vx=0.05, ω=-0.40), 距离=0.92m, 队列=0
[INFO] [1774659192.688218956] [usv_02.velocity_controller_node]: 🚀 纯RL导航中: rl(vx=0.40, ω=-0.40) -> final(vx=0.40, ω=-0.40), raw仅观测(vx=0.11, ω=-0.40), 距离=11.18m, 队列=0
[INFO] [1774659194.220014058] [usv_03.velocity_controller_node]: 🚀 纯RL导航中: rl(vx=0.40, ω=-0.40) -> final(vx=0.40, ω=-0.40), raw仅观测(vx=0.00, ω=0.00), 距离=0.23m, 队列=0
[INFO] [1774659194.862778875] [usv_02.velocity_controller_node]: 🚀 纯RL导航中: rl(vx=0.12, ω=0.40) -> final(vx=0.12, ω=0.40), raw仅观测(vx=0.16, ω=-0.40), 距离=10.51m, 队列=0
[INFO] [1774659195.087434061] [usv_01.velocity_controller_node]: 🚀 纯RL导航中: rl(vx=0.38, ω=-0.40) -> final(vx=0.38, ω=-0.40), raw仅观测(vx=0.11, ω=0.40), 距离=10.44m, 队列=0
[MAPPO][update=1160] total_steps=668160 rollout_steps=192 sample_count=576 rollout_time=28.18s rollout_sps=20.4 update_time=4.00s update_sps=432.4 update_share=12.42% loss=930.2466 mean_reward=-2.6850 episodes=2 entropy_coef=0.0300 lr=3.00e-05 gpu=cpu
[INFO] [1774659195.952076316] [usv_03.velocity_controller_node]: 🚀 纯RL导航中: rl(vx=0.12, ω=0.40) -> final(vx=0.12, ω=0.40), raw仅观测(vx=0.05, ω=-0.40), 距离=0.85m, 队列=0
[INFO] [1774659195.987335726] [usv_01.velocity_controller_node]: 🚀 纯RL导航中: rl(vx=0.40, ω=-0.40) -> final(vx=0.40, ω=-0.40), raw仅观测(vx=0.07, ω=0.40), 距离=11.97m, 队列=0
[INFO] [1774659196.310686518] [usv_03.velocity_controller_node]: 🚀 纯RL导航中: rl(vx=0.12, ω=0.40) -> final(vx=0.12, ω=0.40), raw仅观测(vx=0.00, ω=0.00), 距离=0.63m, 队列=0
[INFO] [1774659196.424833393] [usv_02.velocity_controller_node]: 🚀 纯RL导航中: rl(vx=0.40, ω=-0.40) -> final(vx=0.40, ω=-0.40), raw仅观测(vx=0.14, ω=0.40), 距离=9.86m, 队列=0
[INFO] [1774659197.264693619] [usv_02.velocity_controller_node]: 🚀 纯RL导航中: rl(vx=0.12, ω=-0.40) -> final(vx=0.12, ω=-0.40), raw仅观测(vx=0.11, ω=-0.40), 距离=10.31m, 队列=0
[INFO] [1774659197.304669610] [usv_01.velocity_controller_node]: 🚀 纯RL导航中: rl(vx=0.26, ω=-0.40) -> final(vx=0.26, ω=-0.40), raw仅观测(vx=0.09, ω=0.40), 距离=10.11m, 队列=0
[INFO] [1774659197.923635616] [usv_03.velocity_controller_node]: 🚀 纯RL导航中: rl(vx=0.40, ω=-0.40) -> final(vx=0.40, ω=-0.40), raw仅观测(vx=0.05, ω=-0.40), 距离=1.29m, 队列=0
[INFO] [1774659198.006218544] [usv_01.velocity_controller_node]: 🚀 纯RL导航中: rl(vx=0.40, ω=0.09) -> final(vx=0.40, ω=0.09), raw仅观测(vx=0.05, ω=0.40), 距离=12.35m, 队列=0
[INFO] [1774659198.322325912] [usv_03.velocity_controller_node]: 🚀 纯RL导航中: rl(vx=0.12, ω=0.40) -> final(vx=0.12, ω=0.40), raw仅观测(vx=0.00, ω=0.00), 距离=1.22m, 队列=0
[INFO] [1774659198.396300491] [usv_02.velocity_controller_node]: 🚀 纯RL导航中: rl(vx=0.12, ω=0.40) -> final(vx=0.12, ω=0.40), raw仅观测(vx=0.16, ω=0.37), 距离=9.58m, 队列=0
[INFO] [1774659199.238761263] [usv_02.velocity_controller_node]: 🚀 纯RL导航中: rl(vx=0.12, ω=0.40) -> final(vx=0.12, ω=0.40), raw仅观测(vx=0.11, ω=-0.40), 距离=10.04m, 队列=0
[INFO] [1774659199.302580966] [usv_01.velocity_controller_node]: 🚀 纯RL导航中: rl(vx=0.40, ω=-0.40) -> final(vx=0.40, ω=-0.40), raw仅观测(vx=0.08, ω=0.40), 距离=10.13m, 队列=0
[INFO] [1774659199.932556362] [usv_03.velocity_controller_node]: 🚀 纯RL导航中: rl(vx=0.12, ω=-0.40) -> final(vx=0.12, ω=-0.40), raw仅观测(vx=0.05, ω=-0.40), 距离=1.97m, 队列=0
[INFO] [1774659200.021585902] [usv_01.velocity_controller_node]: 🚀 纯RL导航中: rl(vx=0.12, ω=0.40) -> final(vx=0.12, ω=0.40), raw仅观测(vx=0.05, ω=0.40), 距离=12.84m, 队列=0
[INFO] [1774659200.311778522] [usv_03.velocity_controller_node]: 🚀 纯RL导航中: rl(vx=0.40, ω=-0.40) -> final(vx=0.40, ω=-0.40), raw仅观测(vx=0.00, ω=0.00), 距离=1.52m, 队列=0
[INFO] [1774659200.386802219] [usv_02.velocity_controller_node]: 🚀 纯RL导航中: rl(vx=0.12, ω=0.38) -> final(vx=0.12, ω=0.38), raw仅观测(vx=0.36, ω=0.32), 距离=8.92m, 队列=0
[INFO] [1774659201.232888253] [usv_02.velocity_controller_node]: 🚀 纯RL导航中: rl(vx=0.40, ω=-0.40) -> final(vx=0.40, ω=-0.40), raw仅观测(vx=0.12, ω=-0.40), 距离=9.53m, 队列=0
[INFO] [1774659201.305423708] [usv_01.velocity_controller_node]: 🚀 纯RL导航中: rl(vx=0.12, ω=0.40) -> final(vx=0.12, ω=0.40), raw仅观测(vx=0.08, ω=0.40), 距离=10.18m, 队列=0
[INFO] [1774659201.920674242] [usv_03.velocity_controller_node]: 🚀 纯RL导航中: rl(vx=0.40, ω=0.08) -> final(vx=0.40, ω=0.08), raw仅观测(vx=0.05, ω=-0.40), 距离=2.46m, 队列=0
[INFO] [1774659202.006062316] [usv_01.velocity_controller_node]: 🚀 纯RL导航中: rl(vx=0.12, ω=0.20) -> final(vx=0.12, ω=0.20), raw仅观测(vx=0.05, ω=0.40), 距离=13.35m, 队列=0
[INFO] [1774659202.315059353] [usv_03.velocity_controller_node]: 🚀 纯RL导航中: rl(vx=0.12, ω=-0.40) -> final(vx=0.12, ω=-0.40), raw仅观测(vx=0.00, ω=0.00), 距离=1.83m, 队列=0
[INFO] [1774659202.485900503] [usv_02.velocity_controller_node]: 🚀 纯RL导航中: rl(vx=0.12, ω=0.40) -> final(vx=0.12, ω=0.40), raw仅观测(vx=0.28, ω=-0.40), 距离=8.46m, 队列=0
[INFO] [1774659203.237623386] [usv_02.velocity_controller_node]: 🚀 纯RL导航中: rl(vx=0.12, ω=0.19) -> final(vx=0.12, ω=0.19), raw仅观测(vx=0.12, ω=-0.36), 距离=8.69m, 队列=0
[INFO] [1774659203.320951225] [usv_01.velocity_controller_node]: 🚀 纯RL导航中: rl(vx=0.40, ω=0.40) -> final(vx=0.40, ω=0.40), raw仅观测(vx=0.10, ω=0.40), 距离=9.94m, 队列=0
[INFO] [1774659203.921952305] [usv_03.velocity_controller_node]: 🚀 纯RL导航中: rl(vx=0.12, ω=-0.40) -> final(vx=0.12, ω=-0.40), raw仅观测(vx=0.05, ω=-0.40), 距离=3.12m, 队列=0
[INFO] [1774659204.006911172] [usv_01.velocity_controller_node]: 🚀 纯RL导航中: rl(vx=0.40, ω=0.40) -> final(vx=0.40, ω=0.40), raw仅观测(vx=0.05, ω=0.40), 距离=13.65m, 队列=0
[INFO] [1774659204.307979471] [usv_03.velocity_controller_node]: 🚀 纯RL导航中: rl(vx=0.28, ω=-0.40) -> final(vx=0.28, ω=-0.40), raw仅观测(vx=0.00, ω=0.00), 距离=2.09m, 队列=0
[INFO] [1774659204.482865992] [usv_02.velocity_controller_node]: 🚀 纯RL导航中: rl(vx=0.40, ω=0.30) -> final(vx=0.40, ω=0.30), raw仅观测(vx=0.00, ω=0.00), 距离=7.83m, 队列=0
[INFO] [1774659205.276049790] [usv_02.velocity_controller_node]: 🚀 纯RL导航中: rl(vx=0.12, ω=-0.40) -> final(vx=0.12, ω=-0.40), raw仅观测(vx=0.29, ω=-0.40), 距离=8.33m, 队列=0
[INFO] [1774659205.379670280] [usv_01.velocity_controller_node]: 🚀 纯RL导航中: rl(vx=0.12, ω=0.40) -> final(vx=0.12, ω=0.40), raw仅观测(vx=0.11, ω=0.40), 距离=9.89m, 队列=0
[INFO] [1774659206.010062367] [usv_03.velocity_controller_node]: 🚀 纯RL导航中: rl(vx=0.40, ω=-0.40) -> final(vx=0.40, ω=-0.40), raw仅观测(vx=0.05, ω=-0.40), 距离=3.29m, 队列=0
[INFO] [1774659206.081628003] [usv_01.velocity_controller_node]: 🚀 纯RL导航中: rl(vx=0.12, ω=0.33) -> final(vx=0.12, ω=0.33), raw仅观测(vx=0.05, ω=0.40), 距离=14.23m, 队列=0
[INFO] [1774659206.311512773] [usv_03.velocity_controller_node]: 🚀 纯RL导航中: rl(vx=0.12, ω=-0.40) -> final(vx=0.12, ω=-0.40), raw仅观测(vx=0.00, ω=0.00), 距离=2.77m, 队列=0
[INFO] [1774659206.527615405] [usv_02.velocity_controller_node]: 🚀 纯RL导航中: rl(vx=0.40, ω=-0.06) -> final(vx=0.40, ω=-0.06), raw仅观测(vx=0.00, ω=0.00), 距离=7.04m, 队列=0
[INFO] [1774659207.430657701] [usv_01.velocity_controller_node]: 🚀 纯RL导航中: rl(vx=0.12, ω=0.40) -> final(vx=0.12, ω=0.40), raw仅观测(vx=0.13, ω=0.40), 距离=9.47m, 队列=0
[INFO] [1774659207.482814702] [usv_02.velocity_controller_node]: 🚀 纯RL导航中: rl(vx=0.40, ω=-0.40) -> final(vx=0.40, ω=-0.40), raw仅观测(vx=0.00, ω=0.00), 距离=7.64m, 队列=0
[INFO] [1774659208.036393363] [usv_03.velocity_controller_node]: 🚀 纯RL导航中: rl(vx=0.40, ω=-0.40) -> final(vx=0.40, ω=-0.40), raw仅观测(vx=0.05, ω=-0.40), 距离=3.77m, 队列=0
[INFO] [1774659208.059757766] [usv_01.velocity_controller_node]: 🚀 纯RL导航中: rl(vx=0.40, ω=0.40) -> final(vx=0.40, ω=0.40), raw仅观测(vx=0.09, ω=0.40), 距离=14.18m, 队列=0
[INFO] [1774659208.313454348] [usv_03.velocity_controller_node]: 🚀 纯RL导航中: rl(vx=0.12, ω=-0.40) -> final(vx=0.12, ω=-0.40), raw仅观测(vx=0.00, ω=0.00), 距离=2.93m, 队列=0
[INFO] [1774659208.527517345] [usv_02.velocity_controller_node]: 🚀 纯RL导航中: rl(vx=0.40, ω=-0.40) -> final(vx=0.40, ω=-0.40), raw仅观测(vx=0.00, ω=0.00), 距离=6.60m, 队列=0
[INFO] [1774659209.402653759] [usv_01.velocity_controller_node]: 🚀 纯RL导航中: rl(vx=0.40, ω=-0.40) -> final(vx=0.40, ω=-0.40), raw仅观测(vx=0.40, ω=0.19), 距离=9.03m, 队列=0
[INFO] [1774659209.498547615] [usv_02.velocity_controller_node]: 🚀 纯RL导航中: rl(vx=0.13, ω=-0.40) -> final(vx=0.13, ω=-0.40), raw仅观测(vx=0.00, ω=0.00), 距离=7.43m, 队列=0
[INFO] [1774659210.032048144] [usv_03.velocity_controller_node]: 🚀 纯RL导航中: rl(vx=0.12, ω=-0.40) -> final(vx=0.12, ω=-0.40), raw仅观测(vx=0.05, ω=-0.40), 距离=4.01m, 队列=0
[INFO] [1774659210.066291336] [usv_01.velocity_controller_node]: 🚀 纯RL导航中: rl(vx=0.38, ω=0.40) -> final(vx=0.38, ω=0.40), raw仅观测(vx=0.09, ω=0.40), 距离=14.15m, 队列=0
[INFO] [1774659210.312648801] [usv_03.velocity_controller_node]: 🚀 纯RL导航中: rl(vx=0.40, ω=0.40) -> final(vx=0.40, ω=0.40), raw仅观测(vx=0.00, ω=0.00), 距离=3.42m, 队列=0
[INFO] [1774659210.531283385] [usv_02.velocity_controller_node]: 🚀 纯RL导航中: rl(vx=0.40, ω=0.40) -> final(vx=0.40, ω=0.40), raw仅观测(vx=0.00, ω=0.00), 距离=6.10m, 队列=0
[INFO] [1774659211.421689297] [usv_01.velocity_controller_node]: 🚀 纯RL导航中: rl(vx=0.12, ω=0.40) -> final(vx=0.12, ω=0.40), raw仅观测(vx=0.12, ω=0.40), 距离=8.52m, 队列=0
[INFO] [1774659211.495995583] [usv_02.velocity_controller_node]: 🚀 纯RL导航中: rl(vx=0.12, ω=0.40) -> final(vx=0.12, ω=0.40), raw仅观测(vx=0.00, ω=0.00), 距离=7.07m, 队列=0
[INFO] [1774659212.026601168] [usv_03.velocity_controller_node]: 🚀 纯RL导航中: rl(vx=0.40, ω=0.40) -> final(vx=0.40, ω=0.40), raw仅观测(vx=0.05, ω=-0.40), 距离=4.00m, 队列=0
[INFO] [1774659212.056491685] [usv_01.velocity_controller_node]: 🚀 纯RL导航中: rl(vx=0.40, ω=0.40) -> final(vx=0.40, ω=0.40), raw仅观测(vx=0.10, ω=0.40), 距离=13.94m, 队列=0
[INFO] [1774659212.310895189] [usv_03.velocity_controller_node]: 🚀 纯RL导航中: rl(vx=0.40, ω=-0.40) -> final(vx=0.40, ω=-0.40), raw仅观测(vx=0.00, ω=0.00), 距离=3.99m, 队列=0
[INFO] [1774659212.531731411] [usv_02.velocity_controller_node]: 🚀 纯RL导航中: rl(vx=0.40, ω=-0.40) -> final(vx=0.40, ω=-0.40), raw仅观测(vx=0.00, ω=0.00), 距离=5.54m, 队列=0
[INFO] [1774659213.399014123] [usv_01.velocity_controller_node]: 🚀 纯RL导航中: rl(vx=0.12, ω=0.40) -> final(vx=0.12, ω=0.40), raw仅观测(vx=0.00, ω=0.00), 距离=7.80m, 队列=0
[INFO] [1774659213.480852340] [usv_02.velocity_controller_node]: 🚀 纯RL导航中: rl(vx=0.12, ω=-0.40) -> final(vx=0.12, ω=-0.40), raw仅观测(vx=0.00, ω=0.00), 距离=6.49m, 队列=0
[INFO] [1774659214.028212014] [usv_03.velocity_controller_node]: 🚀 纯RL导航中: rl(vx=0.12, ω=-0.40) -> final(vx=0.12, ω=-0.40), raw仅观测(vx=0.05, ω=-0.40), 距离=4.34m, 队列=0
[INFO] [1774659214.057052313] [usv_01.velocity_controller_node]: 🚀 纯RL导航中: rl(vx=0.22, ω=0.40) -> final(vx=0.22, ω=0.40), raw仅观测(vx=0.11, ω=0.40), 距离=13.50m, 队列=0
[INFO] [1774659214.307486848] [usv_03.velocity_controller_node]: 🚀 纯RL导航中: rl(vx=0.12, ω=0.40) -> final(vx=0.12, ω=0.40), raw仅观测(vx=0.00, ω=0.00), 距离=4.11m, 队列=0
[INFO] [1774659214.527873263] [usv_02.velocity_controller_node]: 🚀 纯RL导航中: rl(vx=0.12, ω=-0.08) -> final(vx=0.12, ω=-0.08), raw仅观测(vx=0.00, ω=0.00), 距离=5.05m, 队列=0
[INFO] [1774659215.394587865] [usv_01.velocity_controller_node]: 🚀 纯RL导航中: rl(vx=0.12, ω=0.40) -> final(vx=0.12, ω=0.40), raw仅观测(vx=0.00, ω=0.00), 距离=7.65m, 队列=0
[INFO] [1774659215.500970106] [usv_02.velocity_controller_node]: 🚀 纯RL导航中: rl(vx=0.13, ω=-0.40) -> final(vx=0.13, ω=-0.40), raw仅观测(vx=0.00, ω=0.00), 距离=6.19m, 队列=0
[INFO] [1774659216.029711558] [usv_03.velocity_controller_node]: 🚀 纯RL导航中: rl(vx=0.12, ω=0.40) -> final(vx=0.12, ω=0.40), raw仅观测(vx=0.05, ω=-0.40), 距离=4.71m, 队列=0
[INFO] [1774659216.057413638] [usv_01.velocity_controller_node]: 🚀 纯RL导航中: rl(vx=0.40, ω=-0.40) -> final(vx=0.40, ω=-0.40), raw仅观测(vx=0.12, ω=0.40), 距离=13.12m, 队列=0
[INFO] [1774659216.308726788] [usv_03.velocity_controller_node]: 🚀 纯RL导航中: rl(vx=0.40, ω=-0.40) -> final(vx=0.40, ω=-0.40), raw仅观测(vx=0.00, ω=0.00), 距离=4.48m, 队列=0
[INFO] [1774659216.525272236] [usv_02.velocity_controller_node]: 🚀 纯RL导航中: rl(vx=0.40, ω=0.40) -> final(vx=0.40, ω=0.40), raw仅观测(vx=0.00, ω=0.00), 距离=4.20m, 队列=0
[INFO] [1774659217.414227423] [usv_01.velocity_controller_node]: 🚀 纯RL导航中: rl(vx=0.12, ω=-0.40) -> final(vx=0.12, ω=-0.40), raw仅观测(vx=0.00, ω=0.00), 距离=6.94m, 队列=0
[INFO] [1774659217.487575993] [usv_02.velocity_controller_node]: 🚀 纯RL导航中: rl(vx=0.12, ω=-0.40) -> final(vx=0.12, ω=-0.40), raw仅观测(vx=0.00, ω=0.00), 距离=5.64m, 队列=0
[INFO] [1774659218.025311599] [usv_03.velocity_controller_node]: 🚀 纯RL导航中: rl(vx=0.12, ω=-0.11) -> final(vx=0.12, ω=-0.11), raw仅观测(vx=0.05, ω=-0.40), 距离=5.04m, 队列=0
[INFO] [1774659218.058386871] [usv_01.velocity_controller_node]: 🚀 纯RL导航中: rl(vx=0.40, ω=-0.23) -> final(vx=0.40, ω=-0.23), raw仅观测(vx=0.12, ω=0.40), 距离=12.45m, 队列=0
[INFO] [1774659218.313799791] [usv_03.velocity_controller_node]: 🚀 纯RL导航中: rl(vx=0.12, ω=-0.21) -> final(vx=0.12, ω=-0.21), raw仅观测(vx=0.00, ω=0.00), 距离=4.75m, 队列=0
[MAPPO][update=1161] total_steps=668736 rollout_steps=192 sample_count=576 rollout_time=22.38s rollout_sps=25.7 update_time=0.09s update_sps=19711.3 update_share=0.39% loss=723.2705 mean_reward=-4.2524 episodes=0 entropy_coef=0.0300 lr=3.00e-05 gpu=cpu
[INFO] [1774659218.525624156] [usv_02.velocity_controller_node]: 🚀 纯RL导航中: rl(vx=0.40, ω=0.40) -> final(vx=0.40, ω=0.40), raw仅观测(vx=0.00, ω=0.00), 距离=3.68m, 队列=0
[INFO] [1774659219.390541123] [usv_01.velocity_controller_node]: 🚀 纯RL导航中: rl(vx=0.12, ω=0.40) -> final(vx=0.12, ω=0.40), raw仅观测(vx=0.00, ω=0.00), 距离=6.76m, 队列=0
[INFO] [1774659219.475803698] [usv_02.velocity_controller_node]: 🚀 纯RL导航中: rl(vx=0.34, ω=0.28) -> final(vx=0.34, ω=0.28), raw仅观测(vx=0.00, ω=0.00), 距离=5.00m, 队列=0
[INFO] [1774659220.041850893] [usv_03.velocity_controller_node]: 🚀 纯RL导航中: rl(vx=0.40, ω=0.32) -> final(vx=0.40, ω=0.32), raw仅观测(vx=0.06, ω=-0.40), 距离=5.11m, 队列=0
[INFO] [1774659220.092710573] [usv_01.velocity_controller_node]: 🚀 纯RL导航中: rl(vx=0.12, ω=0.40) -> final(vx=0.12, ω=0.40), raw仅观测(vx=0.12, ω=0.40), 距离=11.83m, 队列=0
[INFO] [1774659220.309057717] [usv_03.velocity_controller_node]: 🚀 纯RL导航中: rl(vx=0.40, ω=-0.40) -> final(vx=0.40, ω=-0.40), raw仅观测(vx=0.00, ω=0.00), 距离=4.83m, 队列=0
[INFO] [1774659220.525945270] [usv_02.velocity_controller_node]: 🚀 纯RL导航中: rl(vx=0.12, ω=-0.40) -> final(vx=0.12, ω=-0.40), raw仅观测(vx=0.00, ω=0.00), 距离=3.02m, 队列=0
[INFO] [1774659221.392570866] [usv_01.velocity_controller_node]: 🚀 纯RL导航中: rl(vx=0.40, ω=0.40) -> final(vx=0.40, ω=0.40), raw仅观测(vx=0.00, ω=0.00), 距离=6.43m, 队列=0
[INFO] [1774659221.484887363] [usv_02.velocity_controller_node]: 🚀 纯RL导航中: rl(vx=0.40, ω=0.40) -> final(vx=0.40, ω=0.40), raw仅观测(vx=0.00, ω=0.00), 距离=4.62m, 队列=0
[INFO] [1774659222.025524219] [usv_03.velocity_controller_node]: 🚀 纯RL导航中: rl(vx=0.40, ω=0.40) -> final(vx=0.40, ω=0.40), raw仅观测(vx=0.06, ω=-0.40), 距离=5.35m, 队列=0
[INFO] [1774659222.094972120] [usv_01.velocity_controller_node]: 🚀 纯RL导航中: rl(vx=0.40, ω=0.40) -> final(vx=0.40, ω=0.40), raw仅观测(vx=0.12, ω=0.40), 距离=11.25m, 队列=0
[INFO] [1774659222.309537933] [usv_03.velocity_controller_node]: 🚀 纯RL导航中: rl(vx=0.12, ω=0.40) -> final(vx=0.12, ω=0.40), raw仅观测(vx=0.00, ω=0.00), 距离=5.33m, 队列=0
[INFO] [1774659222.528153116] [usv_02.velocity_controller_node]: 🚀 纯RL导航中: rl(vx=0.12, ω=0.40) -> final(vx=0.12, ω=0.40), raw仅观测(vx=0.00, ω=0.00), 距离=2.77m, 队列=0
[INFO] [1774659223.397699163] [usv_01.velocity_controller_node]: 🚀 纯RL导航中: rl(vx=0.40, ω=-0.40) -> final(vx=0.40, ω=-0.40), raw仅观测(vx=0.00, ω=0.00), 距离=6.25m, 队列=0
[INFO] [1774659223.486004191] [usv_02.velocity_controller_node]: 🚀 纯RL导航中: rl(vx=0.12, ω=-0.40) -> final(vx=0.12, ω=-0.40), raw仅观测(vx=0.00, ω=0.00), 距离=4.45m, 队列=0
[INFO] [1774659224.033794370] [usv_03.velocity_controller_node]: 🚀 纯RL导航中: rl(vx=0.15, ω=-0.40) -> final(vx=0.15, ω=-0.40), raw仅观测(vx=0.05, ω=-0.40), 距离=5.38m, 队列=0
[INFO] [1774659224.107015237] [usv_01.velocity_controller_node]: 🚀 纯RL导航中: rl(vx=0.12, ω=0.02) -> final(vx=0.12, ω=0.02), raw仅观测(vx=0.33, ω=-0.10), 距离=10.52m, 队列=0
[INFO] [1774659224.309659243] [usv_03.velocity_controller_node]: 🚀 纯RL导航中: rl(vx=0.12, ω=-0.40) -> final(vx=0.12, ω=-0.40), raw仅观测(vx=0.00, ω=0.00), 距离=5.49m, 队列=0
[INFO] [1774659224.525826984] [usv_02.velocity_controller_node]: 🚀 纯RL导航中: rl(vx=0.40, ω=0.40) -> final(vx=0.40, ω=0.40), raw仅观测(vx=0.00, ω=0.00), 距离=2.12m, 队列=0
[INFO] [1774659225.386452876] [usv_01.velocity_controller_node]: 🚀 纯RL导航中: rl(vx=0.12, ω=0.40) -> final(vx=0.12, ω=0.40), raw仅观测(vx=0.00, ω=0.00), 距离=6.12m, 队列=0
[INFO] [1774659225.475405216] [usv_02.velocity_controller_node]: 🚀 纯RL导航中: rl(vx=0.40, ω=-0.40) -> final(vx=0.40, ω=-0.40), raw仅观测(vx=0.00, ω=0.00), 距离=3.99m, 队列=0
[INFO] [1774659226.020595348] [usv_03.velocity_controller_node]: 🚀 纯RL导航中: rl(vx=0.12, ω=-0.40) -> final(vx=0.12, ω=-0.40), raw仅观测(vx=0.06, ω=-0.40), 距离=5.53m, 队列=0
[INFO] [1774659226.104009091] [usv_01.velocity_controller_node]: 🚀 纯RL导航中: rl(vx=0.40, ω=-0.40) -> final(vx=0.40, ω=-0.40), raw仅观测(vx=0.29, ω=-0.31), 距离=9.97m, 队列=0
[INFO] [1774659226.309136940] [usv_03.velocity_controller_node]: 🚀 纯RL导航中: rl(vx=0.12, ω=0.40) -> final(vx=0.12, ω=0.40), raw仅观测(vx=0.00, ω=0.00), 距离=5.70m, 队列=0
[INFO] [1774659226.525679886] [usv_02.velocity_controller_node]: 🚀 纯RL导航中: rl(vx=0.40, ω=0.40) -> final(vx=0.40, ω=0.40), raw仅观测(vx=0.00, ω=0.00), 距离=1.80m, 队列=0
[INFO] [1774659227.388602015] [usv_01.velocity_controller_node]: 🚀 纯RL导航中: rl(vx=0.40, ω=0.40) -> final(vx=0.40, ω=0.40), raw仅观测(vx=0.00, ω=0.00), 距离=5.76m, 队列=0
[INFO] [1774659227.475368716] [usv_02.velocity_controller_node]: 🚀 纯RL导航中: rl(vx=0.40, ω=0.40) -> final(vx=0.40, ω=0.40), raw仅观测(vx=0.00, ω=0.00), 距离=3.54m, 队列=0
[INFO] [1774659228.040084886] [usv_03.velocity_controller_node]: 🚀 纯RL导航中: rl(vx=0.12, ω=0.40) -> final(vx=0.12, ω=0.40), raw仅观测(vx=0.07, ω=-0.40), 距离=5.67m, 队列=0
[INFO] [1774659228.105093511] [usv_01.velocity_controller_node]: 🚀 纯RL导航中: rl(vx=0.12, ω=-0.40) -> final(vx=0.12, ω=-0.40), raw仅观测(vx=0.36, ω=0.01), 距离=9.52m, 队列=0
[INFO] [1774659228.307908819] [usv_03.velocity_controller_node]: 🚀 纯RL导航中: rl(vx=0.40, ω=-0.04) -> final(vx=0.40, ω=-0.04), raw仅观测(vx=0.00, ω=0.00), 距离=5.80m, 队列=0
[INFO] [1774659228.525674987] [usv_02.velocity_controller_node]: 🚀 纯RL导航中: rl(vx=0.12, ω=-0.40) -> final(vx=0.12, ω=-0.40), raw仅观测(vx=0.00, ω=0.00), 距离=1.05m, 队列=0
[INFO] [1774659229.388849320] [usv_01.velocity_controller_node]: 🚀 纯RL导航中: rl(vx=0.12, ω=0.40) -> final(vx=0.12, ω=0.40), raw仅观测(vx=0.00, ω=0.00), 距离=5.04m, 队列=0
[INFO] [1774659229.476844142] [usv_02.velocity_controller_node]: 🚀 纯RL导航中: rl(vx=0.40, ω=0.40) -> final(vx=0.40, ω=0.40), raw仅观测(vx=0.00, ω=0.00), 距离=2.97m, 队列=0
[INFO] [1774659230.078425050] [usv_03.velocity_controller_node]: 🚀 纯RL导航中: rl(vx=0.40, ω=-0.40) -> final(vx=0.40, ω=-0.40), raw仅观测(vx=0.08, ω=-0.40), 距离=5.33m, 队列=0
[INFO] [1774659230.110409303] [usv_01.velocity_controller_node]: 🚀 纯RL导航中: rl(vx=0.40, ω=-0.40) -> final(vx=0.40, ω=-0.40), raw仅观测(vx=0.12, ω=0.40), 距离=9.11m, 队列=0
[INFO] [1774659230.359627915] [usv_03.velocity_controller_node]: 🚀 纯RL导航中: rl(vx=0.40, ω=-0.25) -> final(vx=0.40, ω=-0.25), raw仅观测(vx=0.00, ω=0.00), 距离=5.79m, 队列=0
[INFO] [1774659230.526376499] [usv_02.velocity_controller_node]: 🚀 纯RL导航中: rl(vx=0.40, ω=-0.37) -> final(vx=0.40, ω=-0.37), raw仅观测(vx=0.00, ω=0.00), 距离=0.86m, 队列=0
[INFO] [1774659231.474035494] [usv_02.velocity_controller_node]: 🚀 纯RL导航中: rl(vx=0.12, ω=-0.40) -> final(vx=0.12, ω=-0.40), raw仅观测(vx=0.00, ω=0.00), 距离=2.23m, 队列=0
[INFO] [1774659231.782058123] [usv_01.velocity_controller_node]: 📨 velocity_controller 收到目标 [ID=1005]: (11.27, -0.05), nav_mode=0, control_mode=velocity
[INFO] [1774659231.782533831] [usv_01.velocity_controller_node]: 📊 导航状态: IDLE → ACTIVE (新导航目标[ID=1005])
[INFO] [1774659231.782989739] [usv_01.velocity_controller_node]: 🎯 新导航目标 [ID=1005]: (11.27, -0.05), 速度=0.40 m/s
[INFO] [1774659231.834479430] [usv_01.velocity_controller_node]: 📨 velocity_controller 收到目标 [ID=1005]: (11.27, -0.05), nav_mode=0, control_mode=velocity
[INFO] [1774659231.887738751] [usv_01.velocity_controller_node]: 📨 velocity_controller 收到目标 [ID=1005]: (11.27, -0.05), nav_mode=0, control_mode=velocity
[INFO] [1774659231.923295966] [usv_01.velocity_controller_node]: 🚀 纯RL导航中: rl(vx=0.40, ω=-0.40) -> final(vx=0.40, ω=-0.40), raw仅观测(vx=0.40, ω=0.16), 距离=11.19m, 队列=0
[INFO] [1774659231.940256760] [usv_01.velocity_controller_node]: 📨 velocity_controller 收到目标 [ID=1005]: (11.27, -0.05), nav_mode=0, control_mode=velocity
[INFO] [1774659231.985040835] [usv_01.velocity_controller_node]: 📨 velocity_controller 收到目标 [ID=1005]: (11.27, -0.05), nav_mode=0, control_mode=velocity
[INFO] [1774659232.036643027] [usv_02.velocity_controller_node]: 📨 velocity_controller 收到目标 [ID=2005]: (5.57, 5.68), nav_mode=0, control_mode=velocity
[INFO] [1774659232.037310639] [usv_02.velocity_controller_node]: 📊 导航状态: IDLE → ACTIVE (新导航目标[ID=2005])
[INFO] [1774659232.038184054] [usv_02.velocity_controller_node]: 🎯 新导航目标 [ID=2005]: (5.57, 5.68), 速度=0.40 m/s
[INFO] [1774659232.084789960] [usv_03.velocity_controller_node]: 🚀 纯RL导航中: rl(vx=0.12, ω=0.40) -> final(vx=0.12, ω=0.40), raw仅观测(vx=0.08, ω=-0.40), 距离=5.11m, 队列=0
[INFO] [1774659232.105015210] [usv_02.velocity_controller_node]: 📨 velocity_controller 收到目标 [ID=2005]: (5.57, 5.68), nav_mode=0, control_mode=velocity
[INFO] [1774659232.110591307] [usv_01.velocity_controller_node]: 🚀 纯RL导航中: rl(vx=0.40, ω=0.40) -> final(vx=0.40, ω=0.40), raw仅观测(vx=0.14, ω=0.28), 距离=8.52m, 队列=0
[INFO] [1774659232.149440779] [usv_02.velocity_controller_node]: 📨 velocity_controller 收到目标 [ID=2005]: (5.57, 5.68), nav_mode=0, control_mode=velocity
[INFO] [1774659232.209479418] [usv_02.velocity_controller_node]: 📨 velocity_controller 收到目标 [ID=2005]: (5.57, 5.68), nav_mode=0, control_mode=velocity
[INFO] [1774659232.260191595] [usv_02.velocity_controller_node]: 📨 velocity_controller 收到目标 [ID=2005]: (5.57, 5.68), nav_mode=0, control_mode=velocity
[INFO] [1774659232.307760318] [usv_03.velocity_controller_node]: 📨 velocity_controller 收到目标 [ID=3005]: (-0.01, 0.28), nav_mode=0, control_mode=velocity
[INFO] [1774659232.313928025] [usv_03.velocity_controller_node]: 📊 导航状态: IDLE → ACTIVE (新导航目标[ID=3005])
[INFO] [1774659232.314480234] [usv_03.velocity_controller_node]: 🎯 新导航目标 [ID=3005]: (-0.01, 0.28), 速度=0.40 m/s
[INFO] [1774659232.347368203] [usv_03.velocity_controller_node]: 📨 velocity_controller 收到目标 [ID=3005]: (-0.01, 0.28), nav_mode=0, control_mode=velocity
[INFO] [1774659232.421331083] [usv_03.velocity_controller_node]: 📨 velocity_controller 收到目标 [ID=3005]: (-0.01, 0.28), nav_mode=0, control_mode=velocity
[INFO] [1774659232.482944549] [usv_03.velocity_controller_node]: 📨 velocity_controller 收到目标 [ID=3005]: (-0.01, 0.28), nav_mode=0, control_mode=velocity
[INFO] [1774659232.518379862] [usv_03.velocity_controller_node]: 📨 velocity_controller 收到目标 [ID=3005]: (-0.01, 0.28), nav_mode=0, control_mode=velocity
[INFO] [1774659232.683093911] [usv_01.velocity_controller_node]: 📨 velocity_controller 收到目标 [ID=1005]: (12.11, -0.11), nav_mode=0, control_mode=velocity
[INFO] [1774659232.683561619] [usv_01.velocity_controller_node]: 📊 导航状态: IDLE → ACTIVE (新导航目标[ID=1005])
[INFO] [1774659232.684122729] [usv_01.velocity_controller_node]: 🎯 新导航目标 [ID=1005]: (12.11, -0.11), 速度=0.40 m/s
[INFO] [1774659232.729791319] [usv_01.velocity_controller_node]: 📨 velocity_controller 收到目标 [ID=1005]: (12.11, -0.11), nav_mode=0, control_mode=velocity
[INFO] [1774659232.786455299] [usv_01.velocity_controller_node]: 📨 velocity_controller 收到目标 [ID=1005]: (12.11, -0.11), nav_mode=0, control_mode=velocity
[INFO] [1774659232.832816601] [usv_01.velocity_controller_node]: 📨 velocity_controller 收到目标 [ID=1005]: (12.11, -0.11), nav_mode=0, control_mode=velocity
[INFO] [1774659232.897987829] [usv_01.velocity_controller_node]: 📨 velocity_controller 收到目标 [ID=1005]: (12.11, -0.11), nav_mode=0, control_mode=velocity
[INFO] [1774659232.986457059] [usv_02.velocity_controller_node]: 📨 velocity_controller 收到目标 [ID=2005]: (6.23, 5.43), nav_mode=0, control_mode=velocity
[INFO] [1774659232.987704581] [usv_02.velocity_controller_node]: 📊 导航状态: IDLE → ACTIVE (新导航目标[ID=2005])
[INFO] [1774659232.988599697] [usv_02.velocity_controller_node]: 🎯 新导航目标 [ID=2005]: (6.23, 5.43), 速度=0.40 m/s
[INFO] [1774659233.025476935] [usv_02.velocity_controller_node]: 📨 velocity_controller 收到目标 [ID=2005]: (6.23, 5.43), nav_mode=0, control_mode=velocity
[INFO] [1774659233.061536758] [usv_02.velocity_controller_node]: 📨 velocity_controller 收到目标 [ID=2005]: (6.23, 5.43), nav_mode=0, control_mode=velocity
[INFO] [1774659233.125118058] [usv_02.velocity_controller_node]: 📨 velocity_controller 收到目标 [ID=2005]: (6.23, 5.43), nav_mode=0, control_mode=velocity
[INFO] [1774659233.174038405] [usv_02.velocity_controller_node]: 📨 velocity_controller 收到目标 [ID=2005]: (6.23, 5.43), nav_mode=0, control_mode=velocity
[INFO] [1774659233.209488918] [usv_03.velocity_controller_node]: 📨 velocity_controller 收到目标 [ID=3005]: (0.27, -0.38), nav_mode=0, control_mode=velocity
[INFO] [1774659233.209957126] [usv_03.velocity_controller_node]: 📊 导航状态: IDLE → ACTIVE (新导航目标[ID=3005])
[INFO] [1774659233.210409534] [usv_03.velocity_controller_node]: 🎯 新导航目标 [ID=3005]: (0.27, -0.38), 速度=0.40 m/s
[INFO] [1774659233.259941691] [usv_03.velocity_controller_node]: 📨 velocity_controller 收到目标 [ID=3005]: (0.27, -0.38), nav_mode=0, control_mode=velocity
[INFO] [1774659233.319742425] [usv_03.velocity_controller_node]: 📨 velocity_controller 收到目标 [ID=3005]: (0.27, -0.38), nav_mode=0, control_mode=velocity
[INFO] [1774659233.350277154] [usv_02.velocity_controller_node]: 🚀 纯RL导航中: rl(vx=0.40, ω=-0.40) -> final(vx=0.40, ω=-0.40), raw仅观测(vx=0.40, ω=-0.01), 距离=11.52m, 队列=0
[INFO] [1774659233.360430729] [usv_03.velocity_controller_node]: 📨 velocity_controller 收到目标 [ID=3005]: (0.27, -0.38), nav_mode=0, control_mode=velocity
[INFO] [1774659233.377212020] [usv_03.velocity_controller_node]: 🚀 纯RL导航中: rl(vx=0.19, ω=-0.40) -> final(vx=0.19, ω=-0.40), raw仅观测(vx=0.20, ω=0.24), 距离=11.68m, 队列=0
[INFO] [1774659233.410321392] [usv_03.velocity_controller_node]: 📨 velocity_controller 收到目标 [ID=3005]: (0.27, -0.38), nav_mode=0, control_mode=velocity
[INFO] [1774659233.909396124] [usv_01.velocity_controller_node]: 🚀 纯RL导航中: rl(vx=0.40, ω=0.40) -> final(vx=0.40, ω=0.40), raw仅观测(vx=0.11, ω=0.40), 距离=10.91m, 队列=0
[INFO] [1774659234.288665281] [usv_02.velocity_controller_node]: 🚀 纯RL导航中: rl(vx=0.12, ω=0.40) -> final(vx=0.12, ω=0.40), raw仅观测(vx=0.12, ω=0.40), 距离=10.79m, 队列=0
[INFO] [1774659234.609116221] [usv_01.velocity_controller_node]: 🚀 纯RL导航中: rl(vx=0.24, ω=0.40) -> final(vx=0.24, ω=0.40), raw仅观测(vx=0.11, ω=-0.40), 距离=11.51m, 队列=0
[INFO] [1774659235.097544165] [usv_03.velocity_controller_node]: 🚀 纯RL导航中: rl(vx=0.34, ω=-0.40) -> final(vx=0.34, ω=-0.40), raw仅观测(vx=0.12, ω=-0.40), 距离=11.05m, 队列=0
[INFO] [1774659235.381873480] [usv_02.velocity_controller_node]: 🚀 纯RL导航中: rl(vx=0.40, ω=-0.40) -> final(vx=0.40, ω=-0.40), raw仅观测(vx=0.28, ω=0.34), 距离=10.88m, 队列=0
[INFO] [1774659235.388745499] [usv_03.velocity_controller_node]: 🚀 纯RL导航中: rl(vx=0.12, ω=-0.40) -> final(vx=0.12, ω=-0.40), raw仅观测(vx=0.22, ω=0.40), 距离=10.87m, 队列=0
[INFO] [1774659235.901759468] [usv_01.velocity_controller_node]: 🚀 纯RL导航中: rl(vx=0.12, ω=0.40) -> final(vx=0.12, ω=0.40), raw仅观测(vx=0.11, ω=0.40), 距离=10.37m, 队列=0
[INFO] [1774659236.288930262] [usv_02.velocity_controller_node]: 🚀 纯RL导航中: rl(vx=0.12, ω=0.40) -> final(vx=0.12, ω=0.40), raw仅观测(vx=0.12, ω=0.40), 距离=10.61m, 队列=0
[INFO] [1774659236.636274267] [usv_01.velocity_controller_node]: 🚀 纯RL导航中: rl(vx=0.12, ω=-0.27) -> final(vx=0.12, ω=-0.27), raw仅观测(vx=0.12, ω=-0.40), 距离=10.91m, 队列=0
[INFO] [1774659237.103956452] [usv_03.velocity_controller_node]: 🚀 纯RL导航中: rl(vx=0.12, ω=-0.40) -> final(vx=0.12, ω=-0.40), raw仅观测(vx=0.35, ω=-0.08), 距离=10.20m, 队列=0
[INFO] [1774659237.378300995] [usv_03.velocity_controller_node]: 🚀 纯RL导航中: rl(vx=0.12, ω=0.40) -> final(vx=0.12, ω=0.40), raw仅观测(vx=0.11, ω=0.40), 距离=10.61m, 队列=0
[INFO] [1774659237.417947581] [usv_02.velocity_controller_node]: 🚀 纯RL导航中: rl(vx=0.40, ω=-0.40) -> final(vx=0.40, ω=-0.40), raw仅观测(vx=0.33, ω=0.23), 距离=10.49m, 队列=0
[INFO] [1774659237.910990005] [usv_01.velocity_controller_node]: 🚀 纯RL导航中: rl(vx=0.36, ω=-0.40) -> final(vx=0.36, ω=-0.40), raw仅观测(vx=0.11, ω=0.40), 距离=9.95m, 队列=0
[INFO] [1774659238.285689983] [usv_02.velocity_controller_node]: 🚀 纯RL导航中: rl(vx=0.12, ω=0.40) -> final(vx=0.12, ω=0.40), raw仅观测(vx=0.11, ω=0.40), 距离=10.16m, 队列=0
[INFO] [1774659238.658962336] [usv_01.velocity_controller_node]: 🚀 纯RL导航中: rl(vx=0.40, ω=-0.37) -> final(vx=0.40, ω=-0.37), raw仅观测(vx=0.12, ω=-0.40), 距离=10.43m, 队列=0
[INFO] [1774659239.154657006] [usv_03.velocity_controller_node]: 🚀 纯RL导航中: rl(vx=0.12, ω=-0.40) -> final(vx=0.12, ω=-0.40), raw仅观测(vx=0.18, ω=0.35), 距离=9.57m, 队列=0
[INFO] [1774659239.376142235] [usv_03.velocity_controller_node]: 🚀 纯RL导航中: rl(vx=0.12, ω=-0.40) -> final(vx=0.12, ω=-0.40), raw仅观测(vx=0.12, ω=0.40), 距离=10.20m, 队列=0
[INFO] [1774659239.415546816] [usv_02.velocity_controller_node]: 🚀 纯RL导航中: rl(vx=0.40, ω=0.36) -> final(vx=0.40, ω=0.36), raw仅观测(vx=0.40, ω=-0.08), 距离=10.20m, 队列=0
[INFO] [1774659239.901418716] [usv_01.velocity_controller_node]: 🚀 纯RL导航中: rl(vx=0.12, ω=-0.40) -> final(vx=0.12, ω=-0.40), raw仅观测(vx=0.11, ω=0.40), 距离=9.55m, 队列=0
[INFO] [1774659240.288134602] [usv_02.velocity_controller_node]: 🚀 纯RL导航中: rl(vx=0.40, ω=0.40) -> final(vx=0.40, ω=0.40), raw仅观测(vx=0.11, ω=0.40), 距离=10.01m, 队列=0
[INFO] [1774659240.658076998] [usv_01.velocity_controller_node]: 🚀 纯RL导航中: rl(vx=0.40, ω=0.40) -> final(vx=0.40, ω=0.40), raw仅观测(vx=0.36, ω=-0.09), 距离=10.18m, 队列=0
[INFO] [1774659241.300323101] [usv_03.velocity_controller_node]: 🚀 纯RL导航中: rl(vx=0.15, ω=0.40) -> final(vx=0.15, ω=0.40), raw仅观测(vx=0.27, ω=-0.38), 距离=9.06m, 队列=0
[INFO] [1774659241.376864424] [usv_03.velocity_controller_node]: 🚀 纯RL导航中: rl(vx=0.40, ω=0.40) -> final(vx=0.40, ω=0.40), raw仅观测(vx=0.17, ω=0.31), 距离=9.86m, 队列=0
[INFO] [1774659241.424276044] [usv_02.velocity_controller_node]: 🚀 纯RL导航中: rl(vx=0.40, ω=0.32) -> final(vx=0.40, ω=0.32), raw仅观测(vx=0.24, ω=-0.23), 距离=9.46m, 队列=0
[MAPPO][update=1162] total_steps=669312 rollout_steps=192 sample_count=576 rollout_time=23.17s rollout_sps=24.9 update_time=0.11s update_sps=15471.3 update_share=0.48% loss=366.7112 mean_reward=-3.3433 episodes=2 entropy_coef=0.0300 lr=3.00e-05 gpu=cpu
[INFO] [1774659241.903523020] [usv_01.velocity_controller_node]: 🚀 纯RL导航中: rl(vx=0.12, ω=0.40) -> final(vx=0.12, ω=0.40), raw仅观测(vx=0.11, ω=0.40), 距离=9.26m, 队列=0
[INFO] [1774659242.306274767] [usv_02.velocity_controller_node]: 🚀 纯RL导航中: rl(vx=0.40, ω=0.12) -> final(vx=0.40, ω=0.12), raw仅观测(vx=0.35, ω=0.27), 距离=9.60m, 队列=0
[INFO] [1774659242.653968765] [usv_01.velocity_controller_node]: 🚀 纯RL导航中: rl(vx=0.12, ω=0.40) -> final(vx=0.12, ω=0.40), raw仅观测(vx=0.12, ω=-0.40), 距离=9.34m, 队列=0
[INFO] [1774659243.336001029] [usv_03.velocity_controller_node]: 🚀 纯RL导航中: rl(vx=0.12, ω=-0.40) -> final(vx=0.12, ω=-0.40), raw仅观测(vx=0.12, ω=-0.31), 距离=8.76m, 队列=0
[INFO] [1774659243.567034214] [usv_02.velocity_controller_node]: 🚀 纯RL导航中: rl(vx=0.12, ω=0.40) -> final(vx=0.12, ω=0.40), raw仅观测(vx=0.18, ω=-0.30), 距离=8.85m, 队列=0
[INFO] [1774659243.957965358] [usv_01.velocity_controller_node]: 🚀 纯RL导航中: rl(vx=0.12, ω=-0.40) -> final(vx=0.12, ω=-0.40), raw仅观测(vx=0.11, ω=0.40), 距离=9.02m, 队列=0
[INFO] [1774659243.982265477] [usv_03.velocity_controller_node]: 🚀 纯RL导航中: rl(vx=0.21, ω=-0.40) -> final(vx=0.21, ω=-0.40), raw仅观测(vx=0.30, ω=0.30), 距离=8.94m, 队列=0
[INFO] [1774659244.278810492] [usv_02.velocity_controller_node]: 🚀 纯RL导航中: rl(vx=0.40, ω=0.40) -> final(vx=0.40, ω=0.40), raw仅观测(vx=0.17, ω=0.22), 距离=9.26m, 队列=0
[INFO] [1774659244.652661740] [usv_01.velocity_controller_node]: 🚀 纯RL导航中: rl(vx=0.12, ω=-0.40) -> final(vx=0.12, ω=-0.40), raw仅观测(vx=0.15, ω=-0.40), 距离=9.15m, 队列=0
[INFO] [1774659245.355903171] [usv_03.velocity_controller_node]: 🚀 纯RL导航中: rl(vx=0.12, ω=0.40) -> final(vx=0.12, ω=0.40), raw仅观测(vx=0.18, ω=-0.34), 距离=8.05m, 队列=0
[INFO] [1774659245.538626823] [usv_02.velocity_controller_node]: 🚀 纯RL导航中: rl(vx=0.12, ω=-0.07) -> final(vx=0.12, ω=-0.07), raw仅观测(vx=0.34, ω=-0.21), 距离=8.56m, 队列=0
[INFO] [1774659245.951494144] [usv_01.velocity_controller_node]: 🚀 纯RL导航中: rl(vx=0.12, ω=0.01) -> final(vx=0.12, ω=0.01), raw仅观测(vx=0.12, ω=0.34), 距离=8.61m, 队列=0
[INFO] [1774659245.982084672] [usv_03.velocity_controller_node]: 🚀 纯RL导航中: rl(vx=0.12, ω=0.05) -> final(vx=0.12, ω=0.05), raw仅观测(vx=0.12, ω=0.40), 距离=8.54m, 队列=0
[INFO] [1774659246.284719592] [usv_02.velocity_controller_node]: 🚀 纯RL导航中: rl(vx=0.12, ω=0.40) -> final(vx=0.12, ω=0.40), raw仅观测(vx=0.12, ω=0.40), 距离=8.29m, 队列=0
[INFO] [1774659246.662458908] [usv_01.velocity_controller_node]: 🚀 纯RL导航中: rl(vx=0.12, ω=0.23) -> final(vx=0.12, ω=0.23), raw仅观测(vx=0.12, ω=-0.40), 距离=8.73m, 队列=0
[INFO] [1774659247.366388050] [usv_03.velocity_controller_node]: 🚀 纯RL导航中: rl(vx=0.40, ω=-0.40) -> final(vx=0.40, ω=-0.40), raw仅观测(vx=0.00, ω=0.00), 距离=7.56m, 队列=0
[INFO] [1774659247.535344764] [usv_02.velocity_controller_node]: 🚀 纯RL导航中: rl(vx=0.40, ω=0.40) -> final(vx=0.40, ω=0.40), raw仅观测(vx=0.00, ω=0.00), 距离=7.71m, 队列=0
[INFO] [1774659247.959537981] [usv_01.velocity_controller_node]: 🚀 纯RL导航中: rl(vx=0.12, ω=-0.21) -> final(vx=0.12, ω=-0.21), raw仅观测(vx=0.11, ω=0.40), 距离=8.15m, 队列=0
[INFO] [1774659247.977279787] [usv_03.velocity_controller_node]: 🚀 纯RL导航中: rl(vx=0.40, ω=0.40) -> final(vx=0.40, ω=0.40), raw仅观测(vx=0.12, ω=0.40), 距离=8.19m, 队列=0
[INFO] [1774659248.275093324] [usv_02.velocity_controller_node]: 🚀 纯RL导航中: rl(vx=0.40, ω=0.40) -> final(vx=0.40, ω=0.40), raw仅观测(vx=0.00, ω=0.00), 距离=7.98m, 队列=0
[INFO] [1774659248.663210219] [usv_01.velocity_controller_node]: 🚀 纯RL导航中: rl(vx=0.40, ω=-0.40) -> final(vx=0.40, ω=-0.40), raw仅观测(vx=0.12, ω=-0.40), 距离=8.38m, 队列=0
[INFO] [1774659249.361585265] [usv_03.velocity_controller_node]: 🚀 纯RL导航中: rl(vx=0.12, ω=0.40) -> final(vx=0.12, ω=0.40), raw仅观测(vx=0.00, ω=0.00), 距离=6.97m, 队列=0
[INFO] [1774659249.542410984] [usv_02.velocity_controller_node]: 🚀 纯RL导航中: rl(vx=0.12, ω=-0.40) -> final(vx=0.12, ω=-0.40), raw仅观测(vx=0.00, ω=0.00), 距离=7.62m, 队列=0
[INFO] [1774659249.951487554] [usv_01.velocity_controller_node]: 🚀 纯RL导航中: rl(vx=0.12, ω=0.40) -> final(vx=0.12, ω=0.40), raw仅观测(vx=0.00, ω=0.00), 距离=7.81m, 队列=0
[INFO] [1774659249.962638447] [usv_03.velocity_controller_node]: 🚀 纯RL导航中: rl(vx=0.12, ω=0.40) -> final(vx=0.12, ω=0.40), raw仅观测(vx=0.00, ω=0.00), 距离=7.61m, 队列=0
[INFO] [1774659250.274779847] [usv_02.velocity_controller_node]: 🚀 纯RL导航中: rl(vx=0.40, ω=-0.40) -> final(vx=0.40, ω=-0.40), raw仅观测(vx=0.00, ω=0.00), 距离=7.45m, 队列=0
[INFO] [1774659250.643007117] [usv_01.velocity_controller_node]: 🚀 纯RL导航中: rl(vx=0.12, ω=-0.40) -> final(vx=0.12, ω=-0.40), raw仅观测(vx=0.00, ω=0.00), 距离=7.74m, 队列=0
[INFO] [1774659251.359892419] [usv_03.velocity_controller_node]: 🚀 纯RL导航中: rl(vx=0.40, ω=-0.40) -> final(vx=0.40, ω=-0.40), raw仅观测(vx=0.00, ω=0.00), 距离=6.43m, 队列=0
[INFO] [1774659251.527356516] [usv_02.velocity_controller_node]: 🚀 纯RL导航中: rl(vx=0.40, ω=-0.40) -> final(vx=0.40, ω=-0.40), raw仅观测(vx=0.00, ω=0.00), 距离=7.07m, 队列=0
[INFO] [1774659251.938434728] [usv_01.velocity_controller_node]: 🚀 纯RL导航中: rl(vx=0.40, ω=-0.40) -> final(vx=0.40, ω=-0.40), raw仅观测(vx=0.00, ω=0.00), 距离=7.36m, 队列=0
[INFO] [1774659251.959752897] [usv_03.velocity_controller_node]: 🚀 纯RL导航中: rl(vx=0.40, ω=0.40) -> final(vx=0.40, ω=0.40), raw仅观测(vx=0.00, ω=0.00), 距离=7.35m, 队列=0
[INFO] [1774659252.274922249] [usv_02.velocity_controller_node]: 🚀 纯RL导航中: rl(vx=0.40, ω=-0.40) -> final(vx=0.40, ω=-0.40), raw仅观测(vx=0.00, ω=0.00), 距离=6.94m, 队列=0
[INFO] [1774659252.635707391] [usv_01.velocity_controller_node]: 🚀 纯RL导航中: rl(vx=0.40, ω=-0.40) -> final(vx=0.40, ω=-0.40), raw仅观测(vx=0.00, ω=0.00), 距离=7.06m, 队列=0
[INFO] [1774659253.414003455] [usv_03.velocity_controller_node]: 🚀 纯RL导航中: rl(vx=0.40, ω=-0.40) -> final(vx=0.40, ω=-0.40), raw仅观测(vx=0.00, ω=0.00), 距离=6.14m, 队列=0
[INFO] [1774659253.527193614] [usv_02.velocity_controller_node]: 🚀 纯RL导航中: rl(vx=0.40, ω=0.40) -> final(vx=0.40, ω=0.40), raw仅观测(vx=0.00, ω=0.00), 距离=6.60m, 队列=0
[INFO] [1774659253.936713398] [usv_01.velocity_controller_node]: 🚀 纯RL导航中: rl(vx=0.40, ω=-0.40) -> final(vx=0.40, ω=-0.40), raw仅观测(vx=0.00, ω=0.00), 距离=6.82m, 队列=0
[INFO] [1774659254.007668126] [usv_03.velocity_controller_node]: 🚀 纯RL导航中: rl(vx=0.40, ω=0.40) -> final(vx=0.40, ω=0.40), raw仅观测(vx=0.00, ω=0.00), 距离=6.96m, 队列=0
[INFO] [1774659254.275905866] [usv_02.velocity_controller_node]: 🚀 纯RL导航中: rl(vx=0.40, ω=0.40) -> final(vx=0.40, ω=0.40), raw仅观测(vx=0.00, ω=0.00), 距离=6.48m, 队列=0
[INFO] [1774659254.637721726] [usv_01.velocity_controller_node]: 🚀 纯RL导航中: rl(vx=0.40, ω=-0.31) -> final(vx=0.40, ω=-0.31), raw仅观测(vx=0.00, ω=0.00), 距离=6.62m, 队列=0
[INFO] [1774659255.413356544] [usv_03.velocity_controller_node]: 🚀 纯RL导航中: rl(vx=0.12, ω=0.11) -> final(vx=0.12, ω=0.11), raw仅观测(vx=0.00, ω=0.00), 距离=5.99m, 队列=0
[INFO] [1774659255.526709205] [usv_02.velocity_controller_node]: 🚀 纯RL导航中: rl(vx=0.40, ω=0.40) -> final(vx=0.40, ω=0.40), raw仅观测(vx=0.00, ω=0.00), 距离=5.89m, 队列=0
[INFO] [1774659255.938797534] [usv_01.velocity_controller_node]: 🚀 纯RL导航中: rl(vx=0.12, ω=-0.36) -> final(vx=0.12, ω=-0.36), raw仅观测(vx=0.00, ω=0.00), 距离=6.38m, 队列=0
[INFO] [1774659256.009577259] [usv_03.velocity_controller_node]: 🚀 纯RL导航中: rl(vx=0.12, ω=-0.40) -> final(vx=0.12, ω=-0.40), raw仅观测(vx=0.00, ω=0.00), 距离=6.38m, 队列=0
[INFO] [1774659256.276752981] [usv_02.velocity_controller_node]: 🚀 纯RL导航中: rl(vx=0.40, ω=0.40) -> final(vx=0.40, ω=0.40), raw仅观测(vx=0.00, ω=0.00), 距离=6.11m, 队列=0
[INFO] [1774659256.640834380] [usv_01.velocity_controller_node]: 🚀 纯RL导航中: rl(vx=0.12, ω=-0.40) -> final(vx=0.12, ω=-0.40), raw仅观测(vx=0.00, ω=0.00), 距离=6.08m, 队列=0
[INFO] [1774659257.425744859] [usv_03.velocity_controller_node]: 🚀 纯RL导航中: rl(vx=0.40, ω=0.06) -> final(vx=0.40, ω=0.06), raw仅观测(vx=0.00, ω=0.00), 距离=5.41m, 队列=0
[INFO] [1774659257.526578703] [usv_02.velocity_controller_node]: 🚀 纯RL导航中: rl(vx=0.40, ω=-0.15) -> final(vx=0.40, ω=-0.15), raw仅观测(vx=0.00, ω=0.00), 距离=5.51m, 队列=0
[INFO] [1774659257.937114804] [usv_01.velocity_controller_node]: 🚀 纯RL导航中: rl(vx=0.29, ω=0.40) -> final(vx=0.29, ω=0.40), raw仅观测(vx=0.00, ω=0.00), 距离=5.78m, 队列=0
[INFO] [1774659258.007450221] [usv_03.velocity_controller_node]: 🚀 纯RL导航中: rl(vx=0.40, ω=0.40) -> final(vx=0.40, ω=0.40), raw仅观测(vx=0.00, ω=0.00), 距离=5.95m, 队列=0
[INFO] [1774659258.276902081] [usv_02.velocity_controller_node]: 🚀 纯RL导航中: rl(vx=0.12, ω=0.22) -> final(vx=0.12, ω=0.22), raw仅观测(vx=0.00, ω=0.00), 距离=5.46m, 队列=0
[INFO] [1774659258.638346832] [usv_01.velocity_controller_node]: 🚀 纯RL导航中: rl(vx=0.40, ω=-0.40) -> final(vx=0.40, ω=-0.40), raw仅观测(vx=0.00, ω=0.00), 距离=5.52m, 队列=0
[INFO] [1774659259.399971804] [usv_01.velocity_controller_node]: 📨 velocity_controller 收到目标 [ID=1006]: (11.99, 0.45), nav_mode=0, control_mode=velocity
[INFO] [1774659259.412450520] [usv_01.velocity_controller_node]: 📊 导航状态: IDLE → ACTIVE (新导航目标[ID=1006])
[INFO] [1774659259.425169940] [usv_01.velocity_controller_node]: 🎯 新导航目标 [ID=1006]: (11.99, 0.45), 速度=0.40 m/s
[INFO] [1774659259.452557613] [usv_01.velocity_controller_node]: 📨 velocity_controller 收到目标 [ID=1006]: (11.99, 0.45), nav_mode=0, control_mode=velocity
[INFO] [1774659259.505994837] [usv_01.velocity_controller_node]: 📨 velocity_controller 收到目标 [ID=1006]: (11.99, 0.45), nav_mode=0, control_mode=velocity
[INFO] [1774659259.527625911] [usv_02.velocity_controller_node]: 🚀 纯RL导航中: rl(vx=0.12, ω=-0.40) -> final(vx=0.12, ω=-0.40), raw仅观测(vx=0.00, ω=0.00), 距离=5.03m, 队列=0
[INFO] [1774659259.552947849] [usv_01.velocity_controller_node]: 📨 velocity_controller 收到目标 [ID=1006]: (11.99, 0.45), nav_mode=0, control_mode=velocity
[INFO] [1774659259.611295458] [usv_01.velocity_controller_node]: 📨 velocity_controller 收到目标 [ID=1006]: (11.99, 0.45), nav_mode=0, control_mode=velocity
[INFO] [1774659259.658466174] [usv_02.velocity_controller_node]: 📨 velocity_controller 收到目标 [ID=2006]: (11.78, -2.60), nav_mode=0, control_mode=velocity
[INFO] [1774659259.661724531] [usv_02.velocity_controller_node]: 📊 导航状态: IDLE → ACTIVE (新导航目标[ID=2006])
[INFO] [1774659259.662622146] [usv_02.velocity_controller_node]: 🎯 新导航目标 [ID=2006]: (11.78, -2.60), 速度=0.40 m/s
[INFO] [1774659259.717029187] [usv_02.velocity_controller_node]: 📨 velocity_controller 收到目标 [ID=2006]: (11.78, -2.60), nav_mode=0, control_mode=velocity
[INFO] [1774659259.762540174] [usv_02.velocity_controller_node]: 📨 velocity_controller 收到目标 [ID=2006]: (11.78, -2.60), nav_mode=0, control_mode=velocity
[INFO] [1774659259.805113611] [usv_02.velocity_controller_node]: 📨 velocity_controller 收到目标 [ID=2006]: (11.78, -2.60), nav_mode=0, control_mode=velocity
[INFO] [1774659259.866870879] [usv_02.velocity_controller_node]: 📨 velocity_controller 收到目标 [ID=2006]: (11.78, -2.60), nav_mode=0, control_mode=velocity
[INFO] [1774659259.901793383] [usv_03.velocity_controller_node]: 📨 velocity_controller 收到目标 [ID=3006]: (12.17, 2.06), nav_mode=0, control_mode=velocity
[INFO] [1774659259.906764969] [usv_03.velocity_controller_node]: 📊 导航状态: IDLE → ACTIVE (新导航目标[ID=3006])
[INFO] [1774659259.907413480] [usv_03.velocity_controller_node]: 🎯 新导航目标 [ID=3006]: (12.17, 2.06), 速度=0.40 m/s
[INFO] [1774659259.939711138] [usv_01.velocity_controller_node]: 🚀 纯RL导航中: rl(vx=0.40, ω=-0.40) -> final(vx=0.40, ω=-0.40), raw仅观测(vx=0.00, ω=0.00), 距离=5.06m, 队列=0
[INFO] [1774659259.962207127] [usv_03.velocity_controller_node]: 📨 velocity_controller 收到目标 [ID=3006]: (12.17, 2.06), nav_mode=0, control_mode=velocity
[INFO] [1774659260.008974536] [usv_03.velocity_controller_node]: 🚀 纯RL导航中: rl(vx=0.12, ω=-0.31) -> final(vx=0.12, ω=-0.31), raw仅观测(vx=0.00, ω=0.00), 距离=5.51m, 队列=0
[INFO] [1774659260.015441948] [usv_03.velocity_controller_node]: 📨 velocity_controller 收到目标 [ID=3006]: (12.17, 2.06), nav_mode=0, control_mode=velocity
[INFO] [1774659260.052603391] [usv_03.velocity_controller_node]: 📨 velocity_controller 收到目标 [ID=3006]: (12.17, 2.06), nav_mode=0, control_mode=velocity
[INFO] [1774659260.105293102] [usv_03.velocity_controller_node]: 📨 velocity_controller 收到目标 [ID=3006]: (12.17, 2.06), nav_mode=0, control_mode=velocity
[INFO] [1774659260.387945490] [usv_03.velocity_controller_node]: 🚀 纯RL导航中: rl(vx=0.40, ω=0.40) -> final(vx=0.40, ω=0.40), raw仅观测(vx=0.37, ω=-0.01), 距离=9.09m, 队列=0
[INFO] [1774659260.983793695] [usv_02.velocity_controller_node]: 🚀 纯RL导航中: rl(vx=0.12, ω=0.20) -> final(vx=0.12, ω=0.20), raw仅观测(vx=0.13, ω=0.34), 距离=5.47m, 队列=0
[INFO] [1774659261.147138320] [usv_01.velocity_controller_node]: 🚀 纯RL导航中: rl(vx=0.40, ω=-0.40) -> final(vx=0.40, ω=-0.40), raw仅观测(vx=0.18, ω=-0.33), 距离=12.17m, 队列=0
[INFO] [1774659261.526891588] [usv_02.velocity_controller_node]: 🚀 纯RL导航中: rl(vx=0.12, ω=-0.40) -> final(vx=0.12, ω=-0.40), raw仅观测(vx=0.00, ω=0.00), 距离=4.64m, 队列=0
[INFO] [1774659261.940622543] [usv_01.velocity_controller_node]: 🚀 纯RL导航中: rl(vx=0.40, ω=-0.40) -> final(vx=0.40, ω=-0.40), raw仅观测(vx=0.00, ω=0.00), 距离=4.78m, 队列=0
[INFO] [1774659262.011549170] [usv_03.velocity_controller_node]: 🚀 纯RL导航中: rl(vx=0.40, ω=0.40) -> final(vx=0.40, ω=0.40), raw仅观测(vx=0.00, ω=0.00), 距离=5.02m, 队列=0
[INFO] [1774659262.380674254] [usv_03.velocity_controller_node]: 🚀 纯RL导航中: rl(vx=0.12, ω=-0.40) -> final(vx=0.12, ω=-0.40), raw仅观测(vx=0.25, ω=-0.33), 距离=8.39m, 队列=0
[INFO] [1774659262.994632272] [usv_02.velocity_controller_node]: 🚀 纯RL导航中: rl(vx=0.12, ω=-0.40) -> final(vx=0.12, ω=-0.40), raw仅观测(vx=0.40, ω=-0.04), 距离=5.01m, 队列=0
[INFO] [1774659263.157244484] [usv_01.velocity_controller_node]: 🚀 纯RL导航中: rl(vx=0.12, ω=0.11) -> final(vx=0.12, ω=0.11), raw仅观测(vx=0.21, ω=0.28), 距离=11.42m, 队列=0
[INFO] [1774659263.524837842] [usv_02.velocity_controller_node]: 🚀 纯RL导航中: rl(vx=0.40, ω=0.11) -> final(vx=0.40, ω=0.11), raw仅观测(vx=0.00, ω=0.00), 距离=3.86m, 队列=0
[INFO] [1774659263.939270009] [usv_01.velocity_controller_node]: 🚀 纯RL导航中: rl(vx=0.38, ω=-0.40) -> final(vx=0.38, ω=-0.40), raw仅观测(vx=0.00, ω=0.00), 距离=4.08m, 队列=0
[INFO] [1774659264.004168332] [usv_03.velocity_controller_node]: 🚀 纯RL导航中: rl(vx=0.40, ω=0.40) -> final(vx=0.40, ω=0.40), raw仅观测(vx=0.00, ω=0.00), 距离=4.49m, 队列=0
[MAPPO][update=1163] total_steps=669888 rollout_steps=192 sample_count=576 rollout_time=22.40s rollout_sps=25.7 update_time=0.09s update_sps=19133.1 update_share=0.40% loss=118.2956 mean_reward=-3.0370 episodes=1 entropy_coef=0.0300 lr=3.00e-05 gpu=cpu
[INFO] [1774659264.360599096] [usv_03.velocity_controller_node]: 🚀 纯RL导航中: rl(vx=0.40, ω=-0.40) -> final(vx=0.40, ω=-0.40), raw仅观测(vx=0.00, ω=0.00), 距离=7.79m, 队列=0
[INFO] [1774659264.982471251] [usv_02.velocity_controller_node]: 🚀 纯RL导航中: rl(vx=0.12, ω=-0.40) -> final(vx=0.12, ω=-0.40), raw仅观测(vx=0.14, ω=0.40), 距离=4.63m, 队列=0
[INFO] [1774659265.163285178] [usv_01.velocity_controller_node]: 🚀 纯RL导航中: rl(vx=0.40, ω=0.12) -> final(vx=0.40, ω=0.12), raw仅观测(vx=0.40, ω=0.06), 距离=10.69m, 队列=0
[INFO] [1774659265.526176054] [usv_02.velocity_controller_node]: 🚀 纯RL导航中: rl(vx=0.40, ω=0.22) -> final(vx=0.40, ω=0.22), raw仅观测(vx=0.00, ω=0.00), 距离=3.14m, 队列=0
[INFO] [1774659265.940600722] [usv_01.velocity_controller_node]: 🚀 纯RL导航中: rl(vx=0.40, ω=0.12) -> final(vx=0.40, ω=0.12), raw仅观测(vx=0.00, ω=0.00), 距离=3.69m, 队列=0
[INFO] [1774659266.007896986] [usv_03.velocity_controller_node]: 🚀 纯RL导航中: rl(vx=0.26, ω=-0.40) -> final(vx=0.26, ω=-0.40), raw仅观测(vx=0.00, ω=0.00), 距离=3.70m, 队列=0
[INFO] [1774659266.363085730] [usv_03.velocity_controller_node]: 🚀 纯RL导航中: rl(vx=0.12, ω=0.40) -> final(vx=0.12, ω=0.40), raw仅观测(vx=0.00, ω=0.00), 距离=7.28m, 队列=0
[INFO] [1774659266.984349275] [usv_02.velocity_controller_node]: 🚀 纯RL导航中: rl(vx=0.12, ω=0.40) -> final(vx=0.12, ω=0.40), raw仅观测(vx=0.07, ω=0.40), 距离=4.23m, 队列=0
[INFO] [1774659267.154164513] [usv_01.velocity_controller_node]: 🚀 纯RL导航中: rl(vx=0.12, ω=-0.40) -> final(vx=0.12, ω=-0.40), raw仅观测(vx=0.27, ω=-0.15), 距离=9.80m, 队列=0
[INFO] [1774659267.526077545] [usv_02.velocity_controller_node]: 🚀 纯RL导航中: rl(vx=0.12, ω=-0.20) -> final(vx=0.12, ω=-0.20), raw仅观测(vx=0.00, ω=0.00), 距离=2.56m, 队列=0
[INFO] [1774659267.941431030] [usv_01.velocity_controller_node]: 🚀 纯RL导航中: rl(vx=0.40, ω=0.40) -> final(vx=0.40, ω=0.40), raw仅观测(vx=0.00, ω=0.00), 距离=3.41m, 队列=0
[INFO] [1774659268.014904500] [usv_03.velocity_controller_node]: 🚀 纯RL导航中: rl(vx=0.40, ω=-0.09) -> final(vx=0.40, ω=-0.09), raw仅观测(vx=0.00, ω=0.00), 距离=3.42m, 队列=0
[INFO] [1774659268.360610880] [usv_03.velocity_controller_node]: 🚀 纯RL导航中: rl(vx=0.40, ω=0.40) -> final(vx=0.40, ω=0.40), raw仅观测(vx=0.00, ω=0.00), 距离=6.79m, 队列=0
[INFO] [1774659268.989189552] [usv_02.velocity_controller_node]: 🚀 纯RL导航中: rl(vx=0.40, ω=0.33) -> final(vx=0.40, ω=0.33), raw仅观测(vx=0.06, ω=0.40), 距离=3.73m, 队列=0
[INFO] [1774659269.145558457] [usv_01.velocity_controller_node]: 🚀 纯RL导航中: rl(vx=0.40, ω=0.40) -> final(vx=0.40, ω=0.40), raw仅观测(vx=0.21, ω=0.37), 距离=9.43m, 队列=0
[INFO] [1774659269.533473466] [usv_02.velocity_controller_node]: 🚀 纯RL导航中: rl(vx=0.12, ω=0.40) -> final(vx=0.12, ω=0.40), raw仅观测(vx=0.00, ω=0.00), 距离=2.28m, 队列=0
[INFO] [1774659269.940975215] [usv_01.velocity_controller_node]: 🚀 纯RL导航中: rl(vx=0.12, ω=0.40) -> final(vx=0.12, ω=0.40), raw仅观测(vx=0.00, ω=0.00), 距离=3.31m, 队列=0
[INFO] [1774659270.008562884] [usv_03.velocity_controller_node]: 🚀 纯RL导航中: rl(vx=0.12, ω=-0.40) -> final(vx=0.12, ω=-0.40), raw仅观测(vx=0.00, ω=0.00), 距离=2.69m, 队列=0
[INFO] [1774659270.378168577] [usv_03.velocity_controller_node]: 🚀 纯RL导航中: rl(vx=0.40, ω=0.40) -> final(vx=0.40, ω=0.40), raw仅观测(vx=0.00, ω=0.00), 距离=6.03m, 队列=0
[INFO] [1774659270.974140885] [usv_02.velocity_controller_node]: 🚀 纯RL导航中: rl(vx=0.40, ω=0.40) -> final(vx=0.40, ω=0.40), raw仅观测(vx=0.00, ω=0.00), 距离=3.47m, 队列=0
[INFO] [1774659271.155496122] [usv_01.velocity_controller_node]: 🚀 纯RL导航中: rl(vx=0.40, ω=-0.26) -> final(vx=0.40, ω=-0.26), raw仅观测(vx=0.26, ω=0.28), 距离=8.66m, 队列=0
[INFO] [1774659271.523320384] [usv_02.velocity_controller_node]: 🚀 纯RL导航中: rl(vx=0.12, ω=0.22) -> final(vx=0.12, ω=0.22), raw仅观测(vx=0.00, ω=0.00), 距离=1.55m, 队列=0
[INFO] [1774659271.942997543] [usv_01.velocity_controller_node]: 🚀 纯RL导航中: rl(vx=0.40, ω=0.40) -> final(vx=0.40, ω=0.40), raw仅观测(vx=0.00, ω=0.00), 距离=2.80m, 队列=0
[INFO] [1774659272.008595578] [usv_03.velocity_controller_node]: 🚀 纯RL导航中: rl(vx=0.12, ω=-0.40) -> final(vx=0.12, ω=-0.40), raw仅观测(vx=0.00, ω=0.00), 距离=2.13m, 队列=0
[INFO] [1774659272.362680802] [usv_03.velocity_controller_node]: 🚀 纯RL导航中: rl(vx=0.40, ω=-0.40) -> final(vx=0.40, ω=-0.40), raw仅观测(vx=0.00, ω=0.00), 距离=5.61m, 队列=0
[INFO] [1774659272.974890091] [usv_02.velocity_controller_node]: 🚀 纯RL导航中: rl(vx=0.40, ω=0.40) -> final(vx=0.40, ω=0.40), raw仅观测(vx=0.00, ω=0.00), 距离=2.78m, 队列=0
[INFO] [1774659273.145998051] [usv_01.velocity_controller_node]: 🚀 纯RL导航中: rl(vx=0.40, ω=0.40) -> final(vx=0.40, ω=0.40), raw仅观测(vx=0.12, ω=0.40), 距离=8.37m, 队列=0
[INFO] [1774659273.523211075] [usv_02.velocity_controller_node]: 🚀 纯RL导航中: rl(vx=0.40, ω=0.40) -> final(vx=0.40, ω=0.40), raw仅观测(vx=0.00, ω=0.00), 距离=1.29m, 队列=0
[INFO] [1774659273.940900500] [usv_01.velocity_controller_node]: 🚀 纯RL导航中: rl(vx=0.40, ω=0.40) -> final(vx=0.40, ω=0.40), raw仅观测(vx=0.00, ω=0.00), 距离=2.37m, 队列=0
[INFO] [1774659274.007643354] [usv_03.velocity_controller_node]: 🚀 纯RL导航中: rl(vx=0.40, ω=0.20) -> final(vx=0.40, ω=0.20), raw仅观测(vx=0.00, ω=0.00), 距离=1.98m, 队列=0
[INFO] [1774659274.360423056] [usv_03.velocity_controller_node]: 🚀 纯RL导航中: rl(vx=0.40, ω=0.40) -> final(vx=0.40, ω=0.40), raw仅观测(vx=0.00, ω=0.00), 距离=5.15m, 队列=0
[INFO] [1774659274.984740854] [usv_02.velocity_controller_node]: 🚀 纯RL导航中: rl(vx=0.12, ω=0.40) -> final(vx=0.12, ω=0.40), raw仅观测(vx=0.00, ω=0.00), 距离=2.21m, 队列=0
[INFO] [1774659275.137026188] [usv_01.velocity_controller_node]: 🚀 纯RL导航中: rl(vx=0.16, ω=0.40) -> final(vx=0.16, ω=0.40), raw仅观测(vx=0.00, ω=0.00), 距离=7.96m, 队列=0
[INFO] [1774659275.537314011] [usv_02.velocity_controller_node]: 🚀 纯RL导航中: rl(vx=0.31, ω=-0.40) -> final(vx=0.31, ω=-0.40), raw仅观测(vx=0.00, ω=0.00), 距离=0.78m, 队列=0
[INFO] [1774659275.940401683] [usv_01.velocity_controller_node]: 🚀 纯RL导航中: rl(vx=0.40, ω=-0.40) -> final(vx=0.40, ω=-0.40), raw仅观测(vx=0.00, ω=0.00), 距离=2.54m, 队列=0
[INFO] [1774659276.013524147] [usv_03.velocity_controller_node]: 🚀 纯RL导航中: rl(vx=0.12, ω=0.40) -> final(vx=0.12, ω=0.40), raw仅观测(vx=0.00, ω=0.00), 距离=1.84m, 队列=0
[INFO] [1774659276.361576767] [usv_03.velocity_controller_node]: 🚀 纯RL导航中: rl(vx=0.40, ω=-0.40) -> final(vx=0.40, ω=-0.40), raw仅观测(vx=0.00, ω=0.00), 距离=4.51m, 队列=0
[INFO] [1774659276.968824470] [usv_02.velocity_controller_node]: 🚀 纯RL导航中: rl(vx=0.12, ω=-0.32) -> final(vx=0.12, ω=-0.32), raw仅观测(vx=0.00, ω=0.00), 距离=1.80m, 队列=0
[INFO] [1774659277.140070332] [usv_01.velocity_controller_node]: 🚀 纯RL导航中: rl(vx=0.40, ω=-0.40) -> final(vx=0.40, ω=-0.40), raw仅观测(vx=0.00, ω=0.00), 距离=7.37m, 队列=0
[INFO] [1774659277.524709985] [usv_02.velocity_controller_node]: 🚀 纯RL导航中: rl(vx=0.40, ω=0.40) -> final(vx=0.40, ω=0.40), raw仅观测(vx=0.00, ω=0.00), 距离=0.12m, 队列=0
[INFO] [1774659278.155128888] [usv_01.velocity_controller_node]: 📨 velocity_controller 收到目标 [ID=1006]: (11.68, 0.01), nav_mode=0, control_mode=velocity
[INFO] [1774659278.155678398] [usv_01.velocity_controller_node]: 📊 导航状态: IDLE → ACTIVE (新导航目标[ID=1006])
[INFO] [1774659278.156263008] [usv_01.velocity_controller_node]: 🎯 新导航目标 [ID=1006]: (11.68, 0.01), 速度=0.40 m/s
[INFO] [1774659278.215178127] [usv_01.velocity_controller_node]: 📨 velocity_controller 收到目标 [ID=1006]: (11.68, 0.01), nav_mode=0, control_mode=velocity
[INFO] [1774659278.254560308] [usv_01.velocity_controller_node]: 📨 velocity_controller 收到目标 [ID=1006]: (11.68, 0.01), nav_mode=0, control_mode=velocity
[INFO] [1774659278.304192767] [usv_01.velocity_controller_node]: 📨 velocity_controller 收到目标 [ID=1006]: (11.68, 0.01), nav_mode=0, control_mode=velocity
[INFO] [1774659278.355276750] [usv_01.velocity_controller_node]: 📨 velocity_controller 收到目标 [ID=1006]: (11.68, 0.01), nav_mode=0, control_mode=velocity
[INFO] [1774659278.410455804] [usv_01.velocity_controller_node]: 🚀 纯RL导航中: rl(vx=0.40, ω=0.40) -> final(vx=0.40, ω=0.40), raw仅观测(vx=0.21, ω=-0.40), 距离=11.68m, 队列=0
[INFO] [1774659278.412787745] [usv_03.velocity_controller_node]: 🚀 纯RL导航中: rl(vx=0.40, ω=-0.40) -> final(vx=0.40, ω=-0.40), raw仅观测(vx=0.00, ω=0.00), 距离=4.02m, 队列=0
[INFO] [1774659278.415215387] [usv_02.velocity_controller_node]: 📨 velocity_controller 收到目标 [ID=2006]: (12.00, -2.81), nav_mode=0, control_mode=velocity
[INFO] [1774659278.421066588] [usv_02.velocity_controller_node]: 📊 导航状态: IDLE → ACTIVE (新导航目标[ID=2006])
[INFO] [1774659278.421700799] [usv_02.velocity_controller_node]: 🎯 新导航目标 [ID=2006]: (12.00, -2.81), 速度=0.40 m/s
[INFO] [1774659278.477362662] [usv_02.velocity_controller_node]: 📨 velocity_controller 收到目标 [ID=2006]: (12.00, -2.81), nav_mode=0, control_mode=velocity
[INFO] [1774659278.509526618] [usv_02.velocity_controller_node]: 📨 velocity_controller 收到目标 [ID=2006]: (12.00, -2.81), nav_mode=0, control_mode=velocity
[INFO] [1774659278.559405981] [usv_02.velocity_controller_node]: 📨 velocity_controller 收到目标 [ID=2006]: (12.00, -2.81), nav_mode=0, control_mode=velocity
[INFO] [1774659278.609582649] [usv_02.velocity_controller_node]: 📨 velocity_controller 收到目标 [ID=2006]: (12.00, -2.81), nav_mode=0, control_mode=velocity
[INFO] [1774659278.659774617] [usv_03.velocity_controller_node]: 📨 velocity_controller 收到目标 [ID=3006]: (12.11, 2.69), nav_mode=0, control_mode=velocity
[INFO] [1774659278.660189424] [usv_03.velocity_controller_node]: 📊 导航状态: IDLE → ACTIVE (新导航目标[ID=3006])
[INFO] [1774659278.660718133] [usv_03.velocity_controller_node]: 🎯 新导航目标 [ID=3006]: (12.11, 2.69), 速度=0.40 m/s
[INFO] [1774659278.710919401] [usv_03.velocity_controller_node]: 📨 velocity_controller 收到目标 [ID=3006]: (12.11, 2.69), nav_mode=0, control_mode=velocity
[INFO] [1774659278.773313180] [usv_03.velocity_controller_node]: 📨 velocity_controller 收到目标 [ID=3006]: (12.11, 2.69), nav_mode=0, control_mode=velocity
[INFO] [1774659278.826001392] [usv_03.velocity_controller_node]: 📨 velocity_controller 收到目标 [ID=3006]: (12.11, 2.69), nav_mode=0, control_mode=velocity
[INFO] [1774659278.870333558] [usv_03.velocity_controller_node]: 📨 velocity_controller 收到目标 [ID=3006]: (12.11, 2.69), nav_mode=0, control_mode=velocity
[INFO] [1774659278.974650363] [usv_02.velocity_controller_node]: 🚀 纯RL导航中: rl(vx=0.12, ω=0.40) -> final(vx=0.12, ω=0.40), raw仅观测(vx=0.00, ω=0.00), 距离=1.42m, 队列=0
[INFO] [1774659279.074846096] [usv_03.velocity_controller_node]: 🚀 纯RL导航中: rl(vx=0.30, ω=-0.40) -> final(vx=0.30, ω=-0.40), raw仅观测(vx=0.23, ω=-0.34), 距离=8.60m, 队列=0
[INFO] [1774659279.140769136] [usv_01.velocity_controller_node]: 🚀 纯RL导航中: rl(vx=0.12, ω=0.40) -> final(vx=0.12, ω=0.40), raw仅观测(vx=0.00, ω=0.00), 距离=7.06m, 队列=0
[INFO] [1774659280.239224935] [usv_02.velocity_controller_node]: 🚀 纯RL导航中: rl(vx=0.40, ω=0.40) -> final(vx=0.40, ω=0.40), raw仅观测(vx=0.40, ω=-0.13), 距离=5.89m, 队列=0
[INFO] [1774659280.407404143] [usv_01.velocity_controller_node]: 🚀 纯RL导航中: rl(vx=0.12, ω=-0.40) -> final(vx=0.12, ω=-0.40), raw仅观测(vx=0.12, ω=-0.40), 距离=11.02m, 队列=0
[INFO] [1774659280.428730512] [usv_03.velocity_controller_node]: 🚀 纯RL导航中: rl(vx=0.40, ω=0.40) -> final(vx=0.40, ω=0.40), raw仅观测(vx=0.00, ω=0.00), 距离=3.36m, 队列=0
[INFO] [1774659280.974626154] [usv_02.velocity_controller_node]: 🚀 纯RL导航中: rl(vx=0.40, ω=-0.40) -> final(vx=0.40, ω=-0.40), raw仅观测(vx=0.00, ω=0.00), 距离=0.84m, 队列=0
[INFO] [1774659281.074512182] [usv_03.velocity_controller_node]: 🚀 纯RL导航中: rl(vx=0.38, ω=0.40) -> final(vx=0.38, ω=0.40), raw仅观测(vx=0.23, ω=-0.31), 距离=8.30m, 队列=0
[INFO] [1774659281.137190266] [usv_01.velocity_controller_node]: 🚀 纯RL导航中: rl(vx=0.40, ω=0.40) -> final(vx=0.40, ω=0.40), raw仅观测(vx=0.00, ω=0.00), 距离=6.61m, 队列=0
[INFO] [1774659282.234438839] [usv_02.velocity_controller_node]: 🚀 纯RL导航中: rl(vx=0.40, ω=-0.40) -> final(vx=0.40, ω=-0.40), raw仅观测(vx=0.39, ω=-0.01), 距离=4.97m, 队列=0
[INFO] [1774659282.411568901] [usv_01.velocity_controller_node]: 🚀 纯RL导航中: rl(vx=0.40, ω=0.40) -> final(vx=0.40, ω=0.40), raw仅观测(vx=0.20, ω=-0.27), 距离=10.75m, 队列=0
[INFO] [1774659282.414743155] [usv_03.velocity_controller_node]: 🚀 纯RL导航中: rl(vx=0.12, ω=-0.40) -> final(vx=0.12, ω=-0.40), raw仅观测(vx=0.00, ω=0.00), 距离=2.91m, 队列=0
[INFO] [1774659282.975750953] [usv_02.velocity_controller_node]: 🚀 纯RL导航中: rl(vx=0.12, ω=-0.24) -> final(vx=0.12, ω=-0.24), raw仅观测(vx=0.00, ω=0.00), 距离=0.49m, 队列=0
[INFO] [1774659283.058449983] [usv_03.velocity_controller_node]: 🚀 纯RL导航中: rl(vx=0.12, ω=-0.22) -> final(vx=0.12, ω=-0.22), raw仅观测(vx=0.00, ω=0.00), 距离=7.80m, 队列=0
[INFO] [1774659283.147195517] [usv_01.velocity_controller_node]: 🚀 纯RL导航中: rl(vx=0.12, ω=-0.18) -> final(vx=0.12, ω=-0.18), raw仅观测(vx=0.00, ω=0.00), 距离=5.71m, 队列=0
[INFO] [1774659284.261201874] [usv_02.velocity_controller_node]: 🚀 纯RL导航中: rl(vx=0.40, ω=-0.40) -> final(vx=0.40, ω=-0.40), raw仅观测(vx=0.24, ω=0.40), 距离=4.89m, 队列=0
[INFO] [1774659284.410779359] [usv_01.velocity_controller_node]: 🚀 纯RL导航中: rl(vx=0.12, ω=-0.40) -> final(vx=0.12, ω=-0.40), raw仅观测(vx=0.13, ω=-0.40), 距离=10.43m, 队列=0
[INFO] [1774659284.431304914] [usv_03.velocity_controller_node]: 🚀 纯RL导航中: rl(vx=0.40, ω=-0.40) -> final(vx=0.40, ω=-0.40), raw仅观测(vx=0.00, ω=0.00), 距离=2.41m, 队列=0
[INFO] [1774659284.976666341] [usv_02.velocity_controller_node]: 🚀 纯RL导航中: rl(vx=0.40, ω=-0.40) -> final(vx=0.40, ω=-0.40), raw仅观测(vx=0.00, ω=0.00), 距离=0.45m, 队列=0
[INFO] [1774659285.059392771] [usv_03.velocity_controller_node]: 🚀 纯RL导航中: rl(vx=0.12, ω=0.40) -> final(vx=0.12, ω=0.40), raw仅观测(vx=0.00, ω=0.00), 距离=7.12m, 队列=0
[INFO] [1774659285.140606775] [usv_01.velocity_controller_node]: 🚀 纯RL导航中: rl(vx=0.12, ω=-0.40) -> final(vx=0.12, ω=-0.40), raw仅观测(vx=0.00, ω=0.00), 距离=5.39m, 队列=0
[MAPPO][update=1164] total_steps=670464 rollout_steps=192 sample_count=576 rollout_time=21.59s rollout_sps=26.7 update_time=0.07s update_sps=25404.0 update_share=0.31% loss=108.7320 mean_reward=-1.5879 episodes=1 entropy_coef=0.0300 lr=3.00e-05 gpu=cpu
Saved MAPPO checkpoint scaffold to /mnt/data/checkpoints/usv_rl/unified45_checkpoints/unified45_step_0670464.pt
[INFO] [1774659286.239540871] [usv_02.velocity_controller_node]: 🚀 纯RL导航中: rl(vx=0.12, ω=0.18) -> final(vx=0.12, ω=0.18), raw仅观测(vx=0.11, ω=0.40), 距离=4.20m, 队列=0
[INFO] [1774659286.412726965] [usv_01.velocity_controller_node]: 🚀 纯RL导航中: rl(vx=0.12, ω=-0.40) -> final(vx=0.12, ω=-0.40), raw仅观测(vx=0.12, ω=-0.40), 距离=10.19m, 队列=0
[INFO] [1774659286.426156597] [usv_03.velocity_controller_node]: 🚀 纯RL导航中: rl(vx=0.40, ω=0.40) -> final(vx=0.40, ω=0.40), raw仅观测(vx=0.00, ω=0.00), 距离=2.07m, 队列=0
[INFO] [1774659286.976150405] [usv_02.velocity_controller_node]: 🚀 纯RL导航中: rl(vx=0.40, ω=0.40) -> final(vx=0.40, ω=0.40), raw仅观测(vx=0.00, ω=0.00), 距离=1.02m, 队列=0
[INFO] [1774659287.061840086] [usv_03.velocity_controller_node]: 🚀 纯RL导航中: rl(vx=0.40, ω=-0.40) -> final(vx=0.40, ω=-0.40), raw仅观测(vx=0.00, ω=0.00), 距离=6.68m, 队列=0
[INFO] [1774659287.141282559] [usv_01.velocity_controller_node]: 🚀 纯RL导航中: rl(vx=0.40, ω=0.40) -> final(vx=0.40, ω=0.40), raw仅观测(vx=0.00, ω=0.00), 距离=5.38m, 队列=0
[INFO] [1774659288.240566461] [usv_02.velocity_controller_node]: 🚀 纯RL导航中: rl(vx=0.12, ω=-0.15) -> final(vx=0.12, ω=-0.15), raw仅观测(vx=0.12, ω=0.40), 距离=3.89m, 队列=0
[INFO] [1774659288.410562400] [usv_01.velocity_controller_node]: 🚀 纯RL导航中: rl(vx=0.12, ω=-0.40) -> final(vx=0.12, ω=-0.40), raw仅观测(vx=0.12, ω=-0.40), 距离=9.68m, 队列=0
[INFO] [1774659288.415222381] [usv_03.velocity_controller_node]: 🚀 纯RL导航中: rl(vx=0.40, ω=0.40) -> final(vx=0.40, ω=0.40), raw仅观测(vx=0.00, ω=0.00), 距离=1.41m, 队列=0
[INFO] [1774659288.977097393] [usv_02.velocity_controller_node]: 🚀 纯RL导航中: rl(vx=0.18, ω=0.40) -> final(vx=0.18, ω=0.40), raw仅观测(vx=0.00, ω=0.00), 距离=1.67m, 队列=0
[INFO] [1774659289.059270414] [usv_03.velocity_controller_node]: 🚀 纯RL导航中: rl(vx=0.12, ω=0.02) -> final(vx=0.12, ω=0.02), raw仅观测(vx=0.00, ω=0.00), 距离=6.00m, 队列=0
[INFO] [1774659289.140137111] [usv_01.velocity_controller_node]: 🚀 纯RL导航中: rl(vx=0.40, ω=0.40) -> final(vx=0.40, ω=0.40), raw仅观测(vx=0.00, ω=0.00), 距离=5.06m, 队列=0
[INFO] [1774659290.235959266] [usv_02.velocity_controller_node]: 🚀 纯RL导航中: rl(vx=0.40, ω=-0.40) -> final(vx=0.40, ω=-0.40), raw仅观测(vx=0.32, ω=0.07), 距离=3.42m, 队列=0
[INFO] [1774659290.414560958] [usv_03.velocity_controller_node]: 🚀 纯RL导航中: rl(vx=0.40, ω=0.40) -> final(vx=0.40, ω=0.40), raw仅观测(vx=0.00, ω=0.00), 距离=1.03m, 队列=0
[INFO] [1774659290.421138772] [usv_01.velocity_controller_node]: 🚀 纯RL导航中: rl(vx=0.12, ω=0.40) -> final(vx=0.12, ω=0.40), raw仅观测(vx=0.12, ω=-0.40), 距离=8.92m, 队列=0
[INFO] [1774659290.976744690] [usv_02.velocity_controller_node]: 🚀 纯RL导航中: rl(vx=0.40, ω=0.40) -> final(vx=0.40, ω=0.40), raw仅观测(vx=0.00, ω=0.00), 距离=2.05m, 队列=0
[INFO] [1774659291.059194817] [usv_03.velocity_controller_node]: 🚀 纯RL导航中: rl(vx=0.40, ω=0.40) -> final(vx=0.40, ω=0.40), raw仅观测(vx=0.00, ω=0.00), 距离=5.19m, 队列=0
[INFO] [1774659291.139863813] [usv_01.velocity_controller_node]: 🚀 纯RL导航中: rl(vx=0.12, ω=-0.40) -> final(vx=0.12, ω=-0.40), raw仅观测(vx=0.00, ω=0.00), 距离=4.64m, 队列=0
[INFO] [1774659292.237677817] [usv_02.velocity_controller_node]: 🚀 纯RL导航中: rl(vx=0.40, ω=0.40) -> final(vx=0.40, ω=0.40), raw仅观测(vx=0.40, ω=-0.09), 距离=2.74m, 队列=0
[INFO] [1774659292.408349671] [usv_01.velocity_controller_node]: 🚀 纯RL导航中: rl(vx=0.12, ω=-0.06) -> final(vx=0.12, ω=-0.06), raw仅观测(vx=0.24, ω=-0.26), 距离=8.35m, 队列=0
[INFO] [1774659292.421824905] [usv_03.velocity_controller_node]: 🚀 纯RL导航中: rl(vx=0.40, ω=-0.33) -> final(vx=0.40, ω=-0.33), raw仅观测(vx=0.00, ω=0.00), 距离=0.62m, 队列=0
[INFO] [1774659292.996702456] [usv_02.velocity_controller_node]: 🚀 纯RL导航中: rl(vx=0.12, ω=0.40) -> final(vx=0.12, ω=0.40), raw仅观测(vx=0.00, ω=0.00), 距离=2.44m, 队列=0
[INFO] [1774659293.056337288] [usv_03.velocity_controller_node]: 🚀 纯RL导航中: rl(vx=0.40, ω=0.40) -> final(vx=0.40, ω=0.40), raw仅观测(vx=0.00, ω=0.00), 距离=4.59m, 队列=0
[INFO] [1774659293.139928335] [usv_01.velocity_controller_node]: 🚀 纯RL导航中: rl(vx=0.40, ω=-0.40) -> final(vx=0.40, ω=-0.40), raw仅观测(vx=0.00, ω=0.00), 距离=4.62m, 队列=0
[INFO] [1774659294.252851300] [usv_02.velocity_controller_node]: 🚀 纯RL导航中: rl(vx=0.40, ω=-0.40) -> final(vx=0.40, ω=-0.40), raw仅观测(vx=0.35, ω=-0.09), 距离=2.61m, 队列=0
[INFO] [1774659294.413554682] [usv_03.velocity_controller_node]: 🚀 纯RL导航中: rl(vx=0.40, ω=0.40) -> final(vx=0.40, ω=0.40), raw仅观测(vx=0.00, ω=0.00), 距离=0.07m, 队列=0
[INFO] [1774659294.417156945] [usv_01.velocity_controller_node]: 🚀 纯RL导航中: rl(vx=0.40, ω=-0.40) -> final(vx=0.40, ω=-0.40), raw仅观测(vx=0.00, ω=0.00), 距离=7.77m, 队列=0
[INFO] [1774659294.977607046] [usv_02.velocity_controller_node]: 🚀 纯RL导航中: rl(vx=0.12, ω=-0.40) -> final(vx=0.12, ω=-0.40), raw仅观测(vx=0.00, ω=0.00), 距离=3.00m, 队列=0
[INFO] [1774659295.057745433] [usv_03.velocity_controller_node]: 🚀 纯RL导航中: rl(vx=0.12, ω=-0.40) -> final(vx=0.12, ω=-0.40), raw仅观测(vx=0.00, ω=0.00), 距离=4.09m, 队列=0
[INFO] [1774659295.161648032] [usv_01.velocity_controller_node]: 🚀 纯RL导航中: rl(vx=0.40, ω=-0.40) -> final(vx=0.40, ω=-0.40), raw仅观测(vx=0.00, ω=0.00), 距离=4.21m, 队列=0
[INFO] [1774659296.238781378] [usv_02.velocity_controller_node]: 🚀 纯RL导航中: rl(vx=0.12, ω=0.40) -> final(vx=0.12, ω=0.40), raw仅观测(vx=0.40, ω=-0.31), 距离=1.97m, 队列=0
[INFO] [1774659296.393139650] [usv_01.velocity_controller_node]: 🚀 纯RL导航中: rl(vx=0.12, ω=-0.40) -> final(vx=0.12, ω=-0.40), raw仅观测(vx=0.00, ω=0.00), 距离=7.26m, 队列=0
[INFO] [1774659296.413003594] [usv_03.velocity_controller_node]: 🚀 纯RL导航中: rl(vx=0.12, ω=-0.40) -> final(vx=0.12, ω=-0.40), raw仅观测(vx=0.00, ω=0.00), 距离=0.54m, 队列=0
[INFO] [1774659296.977782770] [usv_02.velocity_controller_node]: 🚀 纯RL导航中: rl(vx=0.40, ω=-0.40) -> final(vx=0.40, ω=-0.40), raw仅观测(vx=0.00, ω=0.00), 距离=3.72m, 队列=0
[INFO] [1774659297.058223663] [usv_03.velocity_controller_node]: 🚀 纯RL导航中: rl(vx=0.40, ω=0.40) -> final(vx=0.40, ω=0.40), raw仅观测(vx=0.00, ω=0.00), 距离=3.39m, 队列=0
[INFO] [1774659297.141377802] [usv_01.velocity_controller_node]: 🚀 纯RL导航中: rl(vx=0.40, ω=-0.40) -> final(vx=0.40, ω=-0.40), raw仅观测(vx=0.00, ω=0.00), 距离=3.65m, 队列=0
[INFO] [1774659298.243343074] [usv_02.velocity_controller_node]: 🚀 纯RL导航中: rl(vx=0.12, ω=0.40) -> final(vx=0.12, ω=0.40), raw仅观测(vx=0.10, ω=0.06), 距离=1.45m, 队列=0
[INFO] [1774659298.389137296] [usv_01.velocity_controller_node]: 🚀 纯RL导航中: rl(vx=0.12, ω=0.40) -> final(vx=0.12, ω=0.40), raw仅观测(vx=0.00, ω=0.00), 距离=6.85m, 队列=0
[INFO] [1774659298.417940295] [usv_03.velocity_controller_node]: 🚀 纯RL导航中: rl(vx=0.12, ω=0.40) -> final(vx=0.12, ω=0.40), raw仅观测(vx=0.00, ω=0.00), 距离=1.03m, 队列=0
[INFO] [1774659298.975850048] [usv_02.velocity_controller_node]: 🚀 纯RL导航中: rl(vx=0.40, ω=-0.10) -> final(vx=0.40, ω=-0.10), raw仅观测(vx=0.00, ω=0.00), 距离=4.01m, 队列=0
[INFO] [1774659299.061965038] [usv_03.velocity_controller_node]: 🚀 纯RL导航中: rl(vx=0.40, ω=0.40) -> final(vx=0.40, ω=0.40), raw仅观测(vx=0.00, ω=0.00), 距离=2.97m, 队列=0
[INFO] [1774659299.138682566] [usv_01.velocity_controller_node]: 🚀 纯RL导航中: rl(vx=0.12, ω=-0.40) -> final(vx=0.12, ω=-0.40), raw仅观测(vx=0.00, ω=0.00), 距离=3.51m, 队列=0
[INFO] [1774659300.258556042] [usv_02.velocity_controller_node]: 🚀 纯RL导航中: rl(vx=0.40, ω=0.40) -> final(vx=0.40, ω=0.40), raw仅观测(vx=0.06, ω=-0.21), 距离=0.87m, 队列=0
[INFO] [1774659300.404216363] [usv_01.velocity_controller_node]: 🚀 纯RL导航中: rl(vx=0.40, ω=-0.40) -> final(vx=0.40, ω=-0.40), raw仅观测(vx=0.00, ω=0.00), 距离=6.27m, 队列=0
[INFO] [1774659300.443683846] [usv_03.velocity_controller_node]: 🚀 纯RL导航中: rl(vx=0.40, ω=-0.40) -> final(vx=0.40, ω=-0.40), raw仅观测(vx=0.00, ω=0.00), 距离=1.71m, 队列=0
[INFO] [1774659301.041902196] [usv_02.velocity_controller_node]: 🚀 纯RL导航中: rl(vx=0.12, ω=0.40) -> final(vx=0.12, ω=0.40), raw仅观测(vx=0.00, ω=0.00), 距离=4.30m, 队列=0
[INFO] [1774659301.132241660] [usv_03.velocity_controller_node]: 🚀 纯RL导航中: rl(vx=0.40, ω=-0.40) -> final(vx=0.40, ω=-0.40), raw仅观测(vx=0.00, ω=0.00), 距离=2.44m, 队列=0
[INFO] [1774659301.198387604] [usv_01.velocity_controller_node]: 🚀 纯RL导航中: rl(vx=0.12, ω=0.40) -> final(vx=0.12, ω=0.40), raw仅观测(vx=0.00, ω=0.00), 距离=3.46m, 队列=0
[INFO] [1774659302.276248954] [usv_02.velocity_controller_node]: 🚀 纯RL导航中: rl(vx=0.40, ω=-0.40) -> final(vx=0.40, ω=-0.40), raw仅观测(vx=0.00, ω=0.00), 距离=0.31m, 队列=0
[INFO] [1774659302.452544405] [usv_01.velocity_controller_node]: 🚀 纯RL导航中: rl(vx=0.12, ω=-0.40) -> final(vx=0.12, ω=-0.40), raw仅观测(vx=0.00, ω=0.00), 距离=5.90m, 队列=0
[INFO] [1774659302.475038294] [usv_03.velocity_controller_node]: 🚀 纯RL导航中: rl(vx=0.12, ω=-0.35) -> final(vx=0.12, ω=-0.35), raw仅观测(vx=0.00, ω=0.00), 距离=2.20m, 队列=0
[INFO] [1774659303.027126446] [usv_02.velocity_controller_node]: 🚀 纯RL导航中: rl(vx=0.12, ω=0.40) -> final(vx=0.12, ω=0.40), raw仅观测(vx=0.00, ω=0.00), 距离=4.34m, 队列=0
[INFO] [1774659303.138981882] [usv_03.velocity_controller_node]: 🚀 纯RL导航中: rl(vx=0.40, ω=0.40) -> final(vx=0.40, ω=0.40), raw仅观测(vx=0.00, ω=0.00), 距离=1.86m, 队列=0
[INFO] [1774659303.194174237] [usv_01.velocity_controller_node]: 🚀 纯RL导航中: rl(vx=0.40, ω=-0.40) -> final(vx=0.40, ω=-0.40), raw仅观测(vx=0.00, ω=0.00), 距离=3.16m, 队列=0
[INFO] [1774659304.286079430] [usv_02.velocity_controller_node]: 🚀 纯RL导航中: rl(vx=0.12, ω=-0.40) -> final(vx=0.12, ω=-0.40), raw仅观测(vx=0.00, ω=0.00), 距离=0.35m, 队列=0
[INFO] [1774659304.462829688] [usv_01.velocity_controller_node]: 🚀 纯RL导航中: rl(vx=0.12, ω=0.40) -> final(vx=0.12, ω=0.40), raw仅观测(vx=0.00, ω=0.00), 距离=5.61m, 队列=0
[INFO] [1774659304.465214629] [usv_03.velocity_controller_node]: 🚀 纯RL导航中: rl(vx=0.40, ω=-0.40) -> final(vx=0.40, ω=-0.40), raw仅观测(vx=0.00, ω=0.00), 距离=2.55m, 队列=0
[INFO] [1774659305.023103582] [usv_02.velocity_controller_node]: 🚀 纯RL导航中: rl(vx=0.12, ω=-0.40) -> final(vx=0.12, ω=-0.40), raw仅观测(vx=0.00, ω=0.00), 距离=4.16m, 队列=0
[INFO] [1774659305.113498746] [usv_03.velocity_controller_node]: 🚀 纯RL导航中: rl(vx=0.29, ω=0.40) -> final(vx=0.29, ω=0.40), raw仅观测(vx=0.00, ω=0.00), 距离=1.64m, 队列=0
[INFO] [1774659305.191956004] [usv_01.velocity_controller_node]: 🚀 纯RL导航中: rl(vx=0.12, ω=-0.40) -> final(vx=0.12, ω=-0.40), raw仅观测(vx=0.00, ω=0.00), 距离=2.63m, 队列=0
[INFO] [1774659305.781230300] [usv_01.velocity_controller_node]: 📨 velocity_controller 收到目标 [ID=1007]: (12.00, 0.55), nav_mode=0, control_mode=velocity
[INFO] [1774659305.781682708] [usv_01.velocity_controller_node]: 📊 导航状态: IDLE → ACTIVE (新导航目标[ID=1007])
[INFO] [1774659305.782214517] [usv_01.velocity_controller_node]: 🎯 新导航目标 [ID=1007]: (12.00, 0.55), 速度=0.40 m/s
[INFO] [1774659305.832198282] [usv_01.velocity_controller_node]: 📨 velocity_controller 收到目标 [ID=1007]: (12.00, 0.55), nav_mode=0, control_mode=velocity
[INFO] [1774659305.881379033] [usv_01.velocity_controller_node]: 📨 velocity_controller 收到目标 [ID=1007]: (12.00, 0.55), nav_mode=0, control_mode=velocity
[INFO] [1774659305.934475651] [usv_01.velocity_controller_node]: 📨 velocity_controller 收到目标 [ID=1007]: (12.00, 0.55), nav_mode=0, control_mode=velocity
[INFO] [1774659305.982852088] [usv_01.velocity_controller_node]: 📨 velocity_controller 收到目标 [ID=1007]: (12.00, 0.55), nav_mode=0, control_mode=velocity
[INFO] [1774659306.031931138] [usv_02.velocity_controller_node]: 📨 velocity_controller 收到目标 [ID=2007]: (0.17, -0.07), nav_mode=0, control_mode=velocity
[INFO] [1774659306.032339545] [usv_02.velocity_controller_node]: 📊 导航状态: IDLE → ACTIVE (新导航目标[ID=2007])
[INFO] [1774659306.032783552] [usv_02.velocity_controller_node]: 🎯 新导航目标 [ID=2007]: (0.17, -0.07), 速度=0.40 m/s
[INFO] [1774659306.100380022] [usv_02.velocity_controller_node]: 📨 velocity_controller 收到目标 [ID=2007]: (0.17, -0.07), nav_mode=0, control_mode=velocity
[INFO] [1774659306.148408653] [usv_02.velocity_controller_node]: 📨 velocity_controller 收到目标 [ID=2007]: (0.17, -0.07), nav_mode=0, control_mode=velocity
[INFO] [1774659306.184200372] [usv_02.velocity_controller_node]: 📨 velocity_controller 收到目标 [ID=2007]: (0.17, -0.07), nav_mode=0, control_mode=velocity
[INFO] [1774659306.258015749] [usv_02.velocity_controller_node]: 📨 velocity_controller 收到目标 [ID=2007]: (0.17, -0.07), nav_mode=0, control_mode=velocity
[INFO] [1774659306.277628589] [usv_02.velocity_controller_node]: 🚀 纯RL导航中: rl(vx=0.12, ω=-0.40) -> final(vx=0.12, ω=-0.40), raw仅观测(vx=0.00, ω=0.00), 距离=0.86m, 队列=0
[INFO] [1774659306.284636110] [usv_03.velocity_controller_node]: 📨 velocity_controller 收到目标 [ID=3007]: (0.03, 13.00), nav_mode=0, control_mode=velocity
[INFO] [1774659306.285056917] [usv_03.velocity_controller_node]: 📊 导航状态: IDLE → ACTIVE (新导航目标[ID=3007])
[INFO] [1774659306.285536426] [usv_03.velocity_controller_node]: 🎯 新导航目标 [ID=3007]: (0.03, 13.00), 速度=0.40 m/s
[INFO] [1774659306.357366868] [usv_03.velocity_controller_node]: 📨 velocity_controller 收到目标 [ID=3007]: (0.03, 13.00), nav_mode=0, control_mode=velocity
[INFO] [1774659306.399395996] [usv_03.velocity_controller_node]: 📨 velocity_controller 收到目标 [ID=3007]: (0.03, 13.00), nav_mode=0, control_mode=velocity
[INFO] [1774659306.447411326] [usv_01.velocity_controller_node]: 🚀 纯RL导航中: rl(vx=0.12, ω=0.40) -> final(vx=0.12, ω=0.40), raw仅观测(vx=0.00, ω=0.00), 距离=4.90m, 队列=0
[INFO] [1774659306.463790710] [usv_03.velocity_controller_node]: 📨 velocity_controller 收到目标 [ID=3007]: (0.03, 13.00), nav_mode=0, control_mode=velocity
[INFO] [1774659306.504444713] [usv_03.velocity_controller_node]: 📨 velocity_controller 收到目标 [ID=3007]: (0.03, 13.00), nav_mode=0, control_mode=velocity
[INFO] [1774659307.110003591] [usv_03.velocity_controller_node]: 🚀 纯RL导航中: rl(vx=0.40, ω=0.40) -> final(vx=0.40, ω=0.40), raw仅观测(vx=0.00, ω=0.00), 距离=1.30m, 队列=0
[INFO] [1774659307.423837021] [usv_03.velocity_controller_node]: 🚀 纯RL导航中: rl(vx=0.40, ω=0.40) -> final(vx=0.40, ω=0.40), raw仅观测(vx=0.09, ω=0.00), 距离=1.41m, 队列=0
[INFO] [1774659307.708592947] [usv_01.velocity_controller_node]: 🚀 纯RL导航中: rl(vx=0.40, ω=0.40) -> final(vx=0.40, ω=0.40), raw仅观测(vx=0.38, ω=0.04), 距离=11.96m, 队列=0
[INFO] [1774659307.786304292] [usv_02.velocity_controller_node]: 🚀 纯RL导航中: rl(vx=0.40, ω=-0.40) -> final(vx=0.40, ω=-0.40), raw仅观测(vx=0.20, ω=-0.40), 距离=11.67m, 队列=0
[INFO] [1774659308.291065925] [usv_02.velocity_controller_node]: 🚀 纯RL导航中: rl(vx=0.40, ω=0.40) -> final(vx=0.40, ω=0.40), raw仅观测(vx=0.00, ω=0.00), 距离=1.56m, 队列=0
[INFO] [1774659308.438569378] [usv_01.velocity_controller_node]: 🚀 纯RL导航中: rl(vx=0.40, ω=0.40) -> final(vx=0.40, ω=0.40), raw仅观测(vx=0.00, ω=0.00), 距离=4.23m, 队列=0
[MAPPO][update=1165] total_steps=671040 rollout_steps=192 sample_count=576 rollout_time=22.91s rollout_sps=25.1 update_time=0.09s update_sps=19229.5 update_share=0.39% loss=165.3289 mean_reward=-2.0359 episodes=1 entropy_coef=0.0300 lr=3.00e-05 gpu=cpu
[INFO] [1774659309.108908076] [usv_03.velocity_controller_node]: 🚀 纯RL导航中: rl(vx=0.12, ω=0.27) -> final(vx=0.12, ω=0.27), raw仅观测(vx=0.00, ω=0.00), 距离=0.54m, 队列=0
[INFO] [1774659309.422733306] [usv_03.velocity_controller_node]: 🚀 纯RL导航中: rl(vx=0.12, ω=0.18) -> final(vx=0.12, ω=0.18), raw仅观测(vx=0.05, ω=-0.25), 距离=0.94m, 队列=0
[INFO] [1774659309.709632470] [usv_01.velocity_controller_node]: 🚀 纯RL导航中: rl(vx=0.40, ω=0.40) -> final(vx=0.40, ω=0.40), raw仅观测(vx=0.12, ω=-0.40), 距离=11.60m, 队列=0
[INFO] [1774659309.933051935] [usv_02.velocity_controller_node]: 🚀 纯RL导航中: rl(vx=0.12, ω=0.40) -> final(vx=0.12, ω=0.40), raw仅观测(vx=0.37, ω=0.07), 距离=10.89m, 队列=0
[INFO] [1774659310.278235708] [usv_02.velocity_controller_node]: 🚀 纯RL导航中: rl(vx=0.40, ω=0.40) -> final(vx=0.40, ω=0.40), raw仅观测(vx=0.00, ω=0.00), 距离=1.99m, 队列=0
[INFO] [1774659310.461218174] [usv_01.velocity_controller_node]: 🚀 纯RL导航中: rl(vx=0.12, ω=-0.40) -> final(vx=0.12, ω=-0.40), raw仅观测(vx=0.00, ω=0.00), 距离=3.92m, 队列=0
[INFO] [1774659311.109993799] [usv_03.velocity_controller_node]: 🚀 纯RL导航中: rl(vx=0.40, ω=0.40) -> final(vx=0.40, ω=0.40), raw仅观测(vx=0.00, ω=0.00), 距离=0.56m, 队列=0
[INFO] [1774659311.424559942] [usv_03.velocity_controller_node]: 🚀 纯RL导航中: rl(vx=0.12, ω=0.40) -> final(vx=0.12, ω=0.40), raw仅观测(vx=0.05, ω=-0.01), 距离=0.64m, 队列=0
[INFO] [1774659311.699747603] [usv_01.velocity_controller_node]: 🚀 纯RL导航中: rl(vx=0.12, ω=0.40) -> final(vx=0.12, ω=0.40), raw仅观测(vx=0.12, ω=-0.40), 距离=10.91m, 队列=0
[INFO] [1774659311.936058992] [usv_02.velocity_controller_node]: 🚀 纯RL导航中: rl(vx=0.40, ω=0.40) -> final(vx=0.40, ω=0.40), raw仅观测(vx=0.12, ω=0.40), 距离=10.21m, 队列=0
[INFO] [1774659312.277695703] [usv_02.velocity_controller_node]: 🚀 纯RL导航中: rl(vx=0.12, ω=-0.03) -> final(vx=0.12, ω=-0.03), raw仅观测(vx=0.00, ω=0.00), 距离=2.43m, 队列=0
[INFO] [1774659312.448494658] [usv_01.velocity_controller_node]: 🚀 纯RL导航中: rl(vx=0.12, ω=-0.40) -> final(vx=0.12, ω=-0.40), raw仅观测(vx=0.00, ω=0.00), 距离=3.36m, 队列=0
[INFO] [1774659313.113209759] [usv_03.velocity_controller_node]: 🚀 纯RL导航中: rl(vx=0.12, ω=0.40) -> final(vx=0.12, ω=0.40), raw仅观测(vx=0.00, ω=0.00), 距离=0.88m, 队列=0
[INFO] [1774659313.418975849] [usv_03.velocity_controller_node]: 🚀 纯RL导航中: rl(vx=0.40, ω=0.40) -> final(vx=0.40, ω=0.40), raw仅观测(vx=0.00, ω=0.00), 距离=0.25m, 队列=0
[INFO] [1774659313.699990211] [usv_01.velocity_controller_node]: 🚀 纯RL导航中: rl(vx=0.12, ω=0.40) -> final(vx=0.12, ω=0.40), raw仅观测(vx=0.12, ω=-0.40), 距离=10.58m, 队列=0
[INFO] [1774659313.934642971] [usv_02.velocity_controller_node]: 🚀 纯RL导航中: rl(vx=0.12, ω=-0.40) -> final(vx=0.12, ω=-0.40), raw仅观测(vx=0.33, ω=0.23), 距离=10.02m, 队列=0
[INFO] [1774659314.291646346] [usv_02.velocity_controller_node]: 🚀 纯RL导航中: rl(vx=0.40, ω=0.40) -> final(vx=0.40, ω=0.40), raw仅观测(vx=0.00, ω=0.00), 距离=2.85m, 队列=0
[INFO] [1774659314.440908728] [usv_01.velocity_controller_node]: 🚀 纯RL导航中: rl(vx=0.40, ω=-0.40) -> final(vx=0.40, ω=-0.40), raw仅观测(vx=0.00, ω=0.00), 距离=2.94m, 队列=0
[INFO] [1774659315.110203606] [usv_03.velocity_controller_node]: 🚀 纯RL导航中: rl(vx=0.12, ω=-0.40) -> final(vx=0.12, ω=-0.40), raw仅观测(vx=0.00, ω=0.00), 距离=1.46m, 队列=0
[INFO] [1774659315.422136102] [usv_03.velocity_controller_node]: 🚀 纯RL导航中: rl(vx=0.40, ω=-0.40) -> final(vx=0.40, ω=-0.40), raw仅观测(vx=0.00, ω=0.00), 距离=0.69m, 队列=0
[INFO] [1774659315.708502856] [usv_01.velocity_controller_node]: 🚀 纯RL导航中: rl(vx=0.12, ω=0.40) -> final(vx=0.12, ω=0.40), raw仅观测(vx=0.28, ω=-0.23), 距离=10.16m, 队列=0
[INFO] [1774659316.183397371] [usv_02.velocity_controller_node]: 🚀 纯RL导航中: rl(vx=0.40, ω=0.40) -> final(vx=0.40, ω=0.40), raw仅观测(vx=0.31, ω=0.18), 距离=9.39m, 队列=0
[INFO] [1774659316.277700703] [usv_02.velocity_controller_node]: 🚀 纯RL导航中: rl(vx=0.40, ω=0.40) -> final(vx=0.40, ω=0.40), raw仅观测(vx=0.00, ω=0.00), 距离=3.35m, 队列=0
[INFO] [1774659316.445914012] [usv_01.velocity_controller_node]: 🚀 纯RL导航中: rl(vx=0.40, ω=-0.40) -> final(vx=0.40, ω=-0.40), raw仅观测(vx=0.00, ω=0.00), 距离=2.30m, 队列=0
[INFO] [1774659317.110414307] [usv_03.velocity_controller_node]: 🚀 纯RL导航中: rl(vx=0.12, ω=0.40) -> final(vx=0.12, ω=0.40), raw仅观测(vx=0.00, ω=0.00), 距离=1.68m, 队列=0
[INFO] [1774659317.423033615] [usv_03.velocity_controller_node]: 🚀 纯RL导航中: rl(vx=0.40, ω=0.40) -> final(vx=0.40, ω=0.40), raw仅观测(vx=0.00, ω=0.00), 距离=1.13m, 队列=0
[INFO] [1774659317.702358547] [usv_01.velocity_controller_node]: 🚀 纯RL导航中: rl(vx=0.15, ω=0.40) -> final(vx=0.15, ω=0.40), raw仅观测(vx=0.20, ω=-0.19), 距离=9.49m, 队列=0
[INFO] [1774659318.236042979] [usv_02.velocity_controller_node]: 🚀 纯RL导航中: rl(vx=0.40, ω=0.40) -> final(vx=0.40, ω=0.40), raw仅观测(vx=0.12, ω=0.40), 距离=8.61m, 队列=0
[INFO] [1774659318.276222974] [usv_02.velocity_controller_node]: 🚀 纯RL导航中: rl(vx=0.12, ω=0.40) -> final(vx=0.12, ω=0.40), raw仅观测(vx=0.00, ω=0.00), 距离=3.75m, 队列=0
[INFO] [1774659318.437824370] [usv_01.velocity_controller_node]: 🚀 纯RL导航中: rl(vx=0.12, ω=-0.40) -> final(vx=0.12, ω=-0.40), raw仅观测(vx=0.00, ω=0.00), 距离=2.02m, 队列=0
[INFO] [1774659319.115149087] [usv_03.velocity_controller_node]: 🚀 纯RL导航中: rl(vx=0.12, ω=0.40) -> final(vx=0.12, ω=0.40), raw仅观测(vx=0.00, ω=0.00), 距离=2.25m, 队列=0
[INFO] [1774659319.419551252] [usv_03.velocity_controller_node]: 🚀 纯RL导航中: rl(vx=0.40, ω=-0.40) -> final(vx=0.40, ω=-0.40), raw仅观测(vx=0.00, ω=0.00), 距离=1.66m, 队列=0
[INFO] [1774659319.718285520] [usv_01.velocity_controller_node]: 🚀 纯RL导航中: rl(vx=0.40, ω=-0.40) -> final(vx=0.40, ω=-0.40), raw仅观测(vx=0.12, ω=-0.40), 距离=8.72m, 队列=0
[INFO] [1774659320.234828356] [usv_02.velocity_controller_node]: 🚀 纯RL导航中: rl(vx=0.40, ω=-0.40) -> final(vx=0.40, ω=-0.40), raw仅观测(vx=0.18, ω=0.40), 距离=8.31m, 队列=0
[INFO] [1774659320.276685880] [usv_02.velocity_controller_node]: 🚀 纯RL导航中: rl(vx=0.40, ω=0.40) -> final(vx=0.40, ω=0.40), raw仅观测(vx=0.00, ω=0.00), 距离=4.15m, 队列=0
[INFO] [1774659320.441422929] [usv_01.velocity_controller_node]: 🚀 纯RL导航中: rl(vx=0.12, ω=-0.40) -> final(vx=0.12, ω=-0.40), raw仅观测(vx=0.00, ω=0.00), 距离=1.40m, 队列=0
[INFO] [1774659321.109600088] [usv_03.velocity_controller_node]: 🚀 纯RL导航中: rl(vx=0.40, ω=-0.27) -> final(vx=0.40, ω=-0.27), raw仅观测(vx=0.00, ω=0.00), 距离=2.49m, 队列=0
[INFO] [1774659321.421045576] [usv_03.velocity_controller_node]: 🚀 纯RL导航中: rl(vx=0.29, ω=-0.40) -> final(vx=0.29, ω=-0.40), raw仅观测(vx=0.00, ω=0.00), 距离=1.89m, 队列=0
[INFO] [1774659321.713034527] [usv_01.velocity_controller_node]: 🚀 纯RL导航中: rl(vx=0.12, ω=0.40) -> final(vx=0.12, ω=0.40), raw仅观测(vx=0.13, ω=-0.34), 距离=8.33m, 队列=0
[INFO] [1774659322.223166249] [usv_02.velocity_controller_node]: 🚀 纯RL导航中: rl(vx=0.40, ω=0.40) -> final(vx=0.40, ω=0.40), raw仅观测(vx=0.00, ω=0.00), 距离=7.98m, 队列=0
[INFO] [1774659322.275540955] [usv_02.velocity_controller_node]: 🚀 纯RL导航中: rl(vx=0.12, ω=0.40) -> final(vx=0.12, ω=0.40), raw仅观测(vx=0.00, ω=0.00), 距离=4.31m, 队列=0
[INFO] [1774659322.438582575] [usv_01.velocity_controller_node]: 🚀 纯RL导航中: rl(vx=0.40, ω=-0.40) -> final(vx=0.40, ω=-0.40), raw仅观测(vx=0.00, ω=0.00), 距离=0.79m, 队列=0
[INFO] [1774659323.109637381] [usv_03.velocity_controller_node]: 🚀 纯RL导航中: rl(vx=0.12, ω=-0.20) -> final(vx=0.12, ω=-0.20), raw仅观测(vx=0.00, ω=0.00), 距离=2.73m, 队列=0
[INFO] [1774659323.427380976] [usv_03.velocity_controller_node]: 🚀 纯RL导航中: rl(vx=0.40, ω=0.40) -> final(vx=0.40, ω=0.40), raw仅观测(vx=0.00, ω=0.00), 距离=2.59m, 队列=0
[INFO] [1774659323.687054967] [usv_01.velocity_controller_node]: 🚀 纯RL导航中: rl(vx=0.12, ω=0.40) -> final(vx=0.12, ω=0.40), raw仅观测(vx=0.00, ω=0.00), 距离=7.66m, 队列=0
[INFO] [1774659324.224075255] [usv_02.velocity_controller_node]: 🚀 纯RL导航中: rl(vx=0.40, ω=0.40) -> final(vx=0.40, ω=0.40), raw仅观测(vx=0.00, ω=0.00), 距离=7.21m, 队列=0
[INFO] [1774659324.576263446] [usv_01.velocity_controller_node]: 📨 velocity_controller 收到目标 [ID=1007]: (11.23, 0.66), nav_mode=0, control_mode=velocity
[INFO] [1774659324.576682753] [usv_01.velocity_controller_node]: 📊 导航状态: IDLE → ACTIVE (新导航目标[ID=1007])
[INFO] [1774659324.577126661] [usv_01.velocity_controller_node]: 🎯 新导航目标 [ID=1007]: (11.23, 0.66), 速度=0.40 m/s
[INFO] [1774659324.626352012] [usv_01.velocity_controller_node]: 📨 velocity_controller 收到目标 [ID=1007]: (11.23, 0.66), nav_mode=0, control_mode=velocity
[INFO] [1774659324.677417995] [usv_01.velocity_controller_node]: 📨 velocity_controller 收到目标 [ID=1007]: (11.23, 0.66), nav_mode=0, control_mode=velocity
[INFO] [1774659324.728200674] [usv_01.velocity_controller_node]: 📨 velocity_controller 收到目标 [ID=1007]: (11.23, 0.66), nav_mode=0, control_mode=velocity
[INFO] [1774659324.777965734] [usv_01.velocity_controller_node]: 📨 velocity_controller 收到目标 [ID=1007]: (11.23, 0.66), nav_mode=0, control_mode=velocity
[INFO] [1774659324.828692512] [usv_02.velocity_controller_node]: 📨 velocity_controller 收到目标 [ID=2007]: (0.36, 0.08), nav_mode=0, control_mode=velocity
[INFO] [1774659324.833143389] [usv_02.velocity_controller_node]: 📊 导航状态: IDLE → ACTIVE (新导航目标[ID=2007])
[INFO] [1774659324.833712898] [usv_02.velocity_controller_node]: 🎯 新导航目标 [ID=2007]: (0.36, 0.08), 速度=0.40 m/s
[INFO] [1774659324.893036324] [usv_02.velocity_controller_node]: 📨 velocity_controller 收到目标 [ID=2007]: (0.36, 0.08), nav_mode=0, control_mode=velocity
[INFO] [1774659324.909039101] [usv_01.velocity_controller_node]: 🚀 纯RL导航中: rl(vx=0.40, ω=-0.40) -> final(vx=0.40, ω=-0.40), raw仅观测(vx=0.40, ω=0.25), 距离=11.57m, 队列=0
[INFO] [1774659324.949516701] [usv_02.velocity_controller_node]: 📨 velocity_controller 收到目标 [ID=2007]: (0.36, 0.08), nav_mode=0, control_mode=velocity
[INFO] [1774659325.008375319] [usv_02.velocity_controller_node]: 📨 velocity_controller 收到目标 [ID=2007]: (0.36, 0.08), nav_mode=0, control_mode=velocity
[INFO] [1774659325.045402360] [usv_02.velocity_controller_node]: 📨 velocity_controller 收到目标 [ID=2007]: (0.36, 0.08), nav_mode=0, control_mode=velocity
[INFO] [1774659325.054830923] [usv_02.velocity_controller_node]: 🚀 纯RL导航中: rl(vx=0.12, ω=0.40) -> final(vx=0.12, ω=0.40), raw仅观测(vx=0.24, ω=0.20), 距离=11.46m, 队列=0
[INFO] [1774659325.102362045] [usv_03.velocity_controller_node]: 📨 velocity_controller 收到目标 [ID=3007]: (0.38, 13.33), nav_mode=0, control_mode=velocity
[INFO] [1774659325.106958424] [usv_03.velocity_controller_node]: 📊 导航状态: IDLE → ACTIVE (新导航目标[ID=3007])
[INFO] [1774659325.107537734] [usv_03.velocity_controller_node]: 🎯 新导航目标 [ID=3007]: (0.38, 13.33), 速度=0.40 m/s
[INFO] [1774659325.142885845] [usv_03.velocity_controller_node]: 📨 velocity_controller 收到目标 [ID=3007]: (0.38, 13.33), nav_mode=0, control_mode=velocity
[INFO] [1774659325.209323295] [usv_03.velocity_controller_node]: 📨 velocity_controller 收到目标 [ID=3007]: (0.38, 13.33), nav_mode=0, control_mode=velocity
[INFO] [1774659325.237894889] [usv_03.velocity_controller_node]: 📨 velocity_controller 收到目标 [ID=3007]: (0.38, 13.33), nav_mode=0, control_mode=velocity
[INFO] [1774659325.313741700] [usv_03.velocity_controller_node]: 📨 velocity_controller 收到目标 [ID=3007]: (0.38, 13.33), nav_mode=0, control_mode=velocity
[INFO] [1774659325.465556126] [usv_03.velocity_controller_node]: 🚀 纯RL导航中: rl(vx=0.12, ω=-0.40) -> final(vx=0.12, ω=-0.40), raw仅观测(vx=0.00, ω=0.00), 距离=2.77m, 队列=0
[INFO] [1774659325.689691502] [usv_01.velocity_controller_node]: 🚀 纯RL导航中: rl(vx=0.12, ω=-0.40) -> final(vx=0.12, ω=-0.40), raw仅观测(vx=0.00, ω=0.00), 距离=7.44m, 队列=0
[INFO] [1774659326.169655703] [usv_03.velocity_controller_node]: 🚀 纯RL导航中: rl(vx=0.12, ω=0.40) -> final(vx=0.12, ω=0.40), raw仅观测(vx=0.26, ω=0.19), 距离=2.11m, 队列=0
[INFO] [1774659326.221166794] [usv_02.velocity_controller_node]: 🚀 纯RL导航中: rl(vx=0.40, ω=0.40) -> final(vx=0.40, ω=0.40), raw仅观测(vx=0.00, ω=0.00), 距离=6.60m, 队列=0
[INFO] [1774659326.970509854] [usv_01.velocity_controller_node]: 🚀 纯RL导航中: rl(vx=0.40, ω=0.40) -> final(vx=0.40, ω=0.40), raw仅观测(vx=0.12, ω=0.40), 距离=10.89m, 队列=0
[INFO] [1774659327.236368652] [usv_02.velocity_controller_node]: 🚀 纯RL导航中: rl(vx=0.12, ω=0.40) -> final(vx=0.12, ω=0.40), raw仅观测(vx=0.40, ω=-0.13), 距离=10.89m, 队列=0
[INFO] [1774659327.465027707] [usv_03.velocity_controller_node]: 🚀 纯RL导航中: rl(vx=0.40, ω=0.40) -> final(vx=0.40, ω=0.40), raw仅观测(vx=0.00, ω=0.00), 距离=3.27m, 队列=0
[INFO] [1774659327.690737910] [usv_01.velocity_controller_node]: 🚀 纯RL导航中: rl(vx=0.12, ω=-0.40) -> final(vx=0.12, ω=-0.40), raw仅观测(vx=0.00, ω=0.00), 距离=6.95m, 队列=0
[INFO] [1774659328.175735698] [usv_03.velocity_controller_node]: 🚀 纯RL导航中: rl(vx=0.12, ω=0.40) -> final(vx=0.12, ω=0.40), raw仅观测(vx=0.10, ω=-0.18), 距离=1.62m, 队列=0
[INFO] [1774659328.225186553] [usv_02.velocity_controller_node]: 🚀 纯RL导航中: rl(vx=0.40, ω=0.40) -> final(vx=0.40, ω=0.40), raw仅观测(vx=0.00, ω=0.00), 距离=5.99m, 队列=0
[INFO] [1774659328.952700536] [usv_01.velocity_controller_node]: 🚀 纯RL导航中: rl(vx=0.12, ω=0.40) -> final(vx=0.12, ω=0.40), raw仅观测(vx=0.12, ω=0.40), 距离=10.32m, 队列=0
[INFO] [1774659329.292627315] [usv_02.velocity_controller_node]: 🚀 纯RL导航中: rl(vx=0.40, ω=-0.40) -> final(vx=0.40, ω=-0.40), raw仅观测(vx=0.24, ω=0.24), 距离=10.48m, 队列=0
[INFO] [1774659329.580959201] [usv_01.velocity_controller_node]: 📨 velocity_controller 收到目标 [ID=1008]: (12.09, -0.46), nav_mode=0, control_mode=velocity
[INFO] [1774659329.581406809] [usv_01.velocity_controller_node]: 📊 导航状态: IDLE → ACTIVE (新导航目标[ID=1008])
[INFO] [1774659329.581860017] [usv_01.velocity_controller_node]: 🎯 新导航目标 [ID=1008]: (12.09, -0.46), 速度=0.40 m/s
[INFO] [1774659329.632501493] [usv_01.velocity_controller_node]: 📨 velocity_controller 收到目标 [ID=1008]: (12.09, -0.46), nav_mode=0, control_mode=velocity
[INFO] [1774659329.682560058] [usv_01.velocity_controller_node]: 📨 velocity_controller 收到目标 [ID=1008]: (12.09, -0.46), nav_mode=0, control_mode=velocity
[INFO] [1774659329.732797227] [usv_01.velocity_controller_node]: 📨 velocity_controller 收到目标 [ID=1008]: (12.09, -0.46), nav_mode=0, control_mode=velocity
[INFO] [1774659329.784237417] [usv_01.velocity_controller_node]: 📨 velocity_controller 收到目标 [ID=1008]: (12.09, -0.46), nav_mode=0, control_mode=velocity
[INFO] [1774659329.834724891] [usv_02.velocity_controller_node]: 📨 velocity_controller 收到目标 [ID=2008]: (5.66, 5.89), nav_mode=0, control_mode=velocity
[INFO] [1774659329.835232200] [usv_02.velocity_controller_node]: 📊 导航状态: IDLE → ACTIVE (新导航目标[ID=2008])
[INFO] [1774659329.835705308] [usv_02.velocity_controller_node]: 🎯 新导航目标 [ID=2008]: (5.66, 5.89), 速度=0.40 m/s
[INFO] [1774659329.883876642] [usv_02.velocity_controller_node]: 📨 velocity_controller 收到目标 [ID=2008]: (5.66, 5.89), nav_mode=0, control_mode=velocity
[INFO] [1774659329.934750323] [usv_02.velocity_controller_node]: 📨 velocity_controller 收到目标 [ID=2008]: (5.66, 5.89), nav_mode=0, control_mode=velocity
[INFO] [1774659329.985099894] [usv_02.velocity_controller_node]: 📨 velocity_controller 收到目标 [ID=2008]: (5.66, 5.89), nav_mode=0, control_mode=velocity
[INFO] [1774659330.035476966] [usv_02.velocity_controller_node]: 📨 velocity_controller 收到目标 [ID=2008]: (5.66, 5.89), nav_mode=0, control_mode=velocity
[INFO] [1774659330.087729371] [usv_03.velocity_controller_node]: 📨 velocity_controller 收到目标 [ID=3008]: (-0.11, -0.35), nav_mode=0, control_mode=velocity
[INFO] [1774659330.088301381] [usv_03.velocity_controller_node]: 📊 导航状态: IDLE → ACTIVE (新导航目标[ID=3008])
[INFO] [1774659330.088838890] [usv_03.velocity_controller_node]: 🎯 新导航目标 [ID=3008]: (-0.11, -0.35), 速度=0.40 m/s
[INFO] [1774659330.154174721] [usv_03.velocity_controller_node]: 📨 velocity_controller 收到目标 [ID=3008]: (-0.11, -0.35), nav_mode=0, control_mode=velocity
[INFO] [1774659330.175899197] [usv_03.velocity_controller_node]: 🚀 纯RL导航中: rl(vx=0.12, ω=0.40) -> final(vx=0.12, ω=0.40), raw仅观测(vx=0.07, ω=-0.16), 距离=1.26m, 队列=0
[INFO] [1774659330.220209764] [usv_03.velocity_controller_node]: 📨 velocity_controller 收到目标 [ID=3008]: (-0.11, -0.35), nav_mode=0, control_mode=velocity
[INFO] [1774659330.220968977] [usv_01.velocity_controller_node]: 🚀 纯RL导航中: rl(vx=0.40, ω=-0.40) -> final(vx=0.40, ω=-0.40), raw仅观测(vx=0.40, ω=0.10), 距离=11.92m, 队列=0
[INFO] [1774659330.260040054] [usv_03.velocity_controller_node]: 📨 velocity_controller 收到目标 [ID=3008]: (-0.11, -0.35), nav_mode=0, control_mode=velocity
[INFO] [1774659330.311474544] [usv_03.velocity_controller_node]: 📨 velocity_controller 收到目标 [ID=3008]: (-0.11, -0.35), nav_mode=0, control_mode=velocity
[INFO] [1774659330.437966434] [usv_03.velocity_controller_node]: 🚀 纯RL导航中: rl(vx=0.40, ω=-0.40) -> final(vx=0.40, ω=-0.40), raw仅观测(vx=0.26, ω=-0.29), 距离=12.31m, 队列=0
[INFO] [1774659330.935501946] [usv_02.velocity_controller_node]: 🚀 纯RL导航中: rl(vx=0.12, ω=-0.40) -> final(vx=0.12, ω=-0.40), raw仅观测(vx=0.40, ω=-0.08), 距离=12.20m, 队列=0
[INFO] [1774659330.952047933] [usv_01.velocity_controller_node]: 🚀 纯RL导航中: rl(vx=0.12, ω=0.40) -> final(vx=0.12, ω=0.40), raw仅观测(vx=0.13, ω=0.40), 距离=9.80m, 队列=0
[MAPPO][update=1166] total_steps=671616 rollout_steps=192 sample_count=576 rollout_time=22.21s rollout_sps=25.9 update_time=0.09s update_sps=19423.5 update_share=0.40% loss=605.4268 mean_reward=-3.4422 episodes=2 entropy_coef=0.0300 lr=3.00e-05 gpu=cpu
[INFO] [1774659331.309832326] [usv_02.velocity_controller_node]: 🚀 纯RL导航中: rl(vx=0.12, ω=-0.40) -> final(vx=0.12, ω=-0.40), raw仅观测(vx=0.11, ω=0.40), 距离=9.79m, 队列=0
[INFO] [1774659332.165118032] [usv_03.velocity_controller_node]: 🚀 纯RL导航中: rl(vx=0.12, ω=0.40) -> final(vx=0.12, ω=0.40), raw仅观测(vx=0.00, ω=0.00), 距离=0.73m, 队列=0
[INFO] [1774659332.207018357] [usv_01.velocity_controller_node]: 🚀 纯RL导航中: rl(vx=0.12, ω=0.40) -> final(vx=0.12, ω=0.40), raw仅观测(vx=0.30, ω=0.23), 距离=11.20m, 队列=0
[INFO] [1774659332.438010156] [usv_03.velocity_controller_node]: 🚀 纯RL导航中: rl(vx=0.40, ω=-0.40) -> final(vx=0.40, ω=-0.40), raw仅观测(vx=0.39, ω=-0.18), 距离=11.78m, 队列=0
[INFO] [1774659332.935837574] [usv_02.velocity_controller_node]: 🚀 纯RL导航中: rl(vx=0.12, ω=-0.11) -> final(vx=0.12, ω=-0.11), raw仅观测(vx=0.26, ω=0.11), 距离=11.69m, 队列=0
[INFO] [1774659332.952262058] [usv_01.velocity_controller_node]: 🚀 纯RL导航中: rl(vx=0.40, ω=-0.40) -> final(vx=0.40, ω=-0.40), raw仅观测(vx=0.20, ω=0.22), 距离=9.53m, 队列=0
[INFO] [1774659333.286860750] [usv_02.velocity_controller_node]: 🚀 纯RL导航中: rl(vx=0.40, ω=-0.01) -> final(vx=0.40, ω=-0.01), raw仅观测(vx=0.11, ω=0.40), 距离=9.74m, 队列=0
[INFO] [1774659334.158611541] [usv_03.velocity_controller_node]: 🚀 纯RL导航中: rl(vx=0.12, ω=-0.40) -> final(vx=0.12, ω=-0.40), raw仅观测(vx=0.00, ω=0.00), 距离=0.56m, 队列=0
[INFO] [1774659334.210363537] [usv_01.velocity_controller_node]: 🚀 纯RL导航中: rl(vx=0.12, ω=0.40) -> final(vx=0.12, ω=0.40), raw仅观测(vx=0.13, ω=0.40), 距离=10.99m, 队列=0
[INFO] [1774659334.551821847] [usv_03.velocity_controller_node]: 🚀 纯RL导航中: rl(vx=0.12, ω=-0.40) -> final(vx=0.12, ω=-0.40), raw仅观测(vx=0.37, ω=-0.02), 距离=10.86m, 队列=0
[INFO] [1774659334.934856278] [usv_02.velocity_controller_node]: 🚀 纯RL导航中: rl(vx=0.12, ω=0.28) -> final(vx=0.12, ω=0.28), raw仅观测(vx=0.40, ω=0.05), 距离=11.36m, 队列=0
[INFO] [1774659334.961147733] [usv_01.velocity_controller_node]: 🚀 纯RL导航中: rl(vx=0.12, ω=0.40) -> final(vx=0.12, ω=0.40), raw仅观测(vx=0.12, ω=0.40), 距离=8.84m, 队列=0
[INFO] [1774659335.284914138] [usv_02.velocity_controller_node]: 🚀 纯RL导航中: rl(vx=0.22, ω=0.40) -> final(vx=0.22, ω=0.40), raw仅观测(vx=0.11, ω=0.40), 距离=9.48m, 队列=0
[INFO] [1774659336.163725751] [usv_03.velocity_controller_node]: 🚀 纯RL导航中: rl(vx=0.40, ω=0.40) -> final(vx=0.40, ω=0.40), raw仅观测(vx=0.00, ω=0.00), 距离=0.36m, 队列=0
[INFO] [1774659336.221716055] [usv_01.velocity_controller_node]: 🚀 纯RL导航中: rl(vx=0.40, ω=-0.06) -> final(vx=0.40, ω=-0.06), raw仅观测(vx=0.11, ω=0.40), 距离=10.51m, 队列=0
[INFO] [1774659336.627282675] [usv_03.velocity_controller_node]: 🚀 纯RL导航中: rl(vx=0.12, ω=-0.40) -> final(vx=0.12, ω=-0.40), raw仅观测(vx=0.33, ω=-0.13), 距离=10.42m, 队列=0
[INFO] [1774659336.939287876] [usv_02.velocity_controller_node]: 🚀 纯RL导航中: rl(vx=0.40, ω=-0.40) -> final(vx=0.40, ω=-0.40), raw仅观测(vx=0.32, ω=0.20), 距离=10.56m, 队列=0
[INFO] [1774659336.948075928] [usv_01.velocity_controller_node]: 🚀 纯RL导航中: rl(vx=0.40, ω=-0.40) -> final(vx=0.40, ω=-0.40), raw仅观测(vx=0.12, ω=0.40), 距离=8.50m, 队列=0
[INFO] [1774659337.284974160] [usv_02.velocity_controller_node]: 🚀 纯RL导航中: rl(vx=0.40, ω=0.40) -> final(vx=0.40, ω=0.40), raw仅观测(vx=0.13, ω=0.40), 距离=8.92m, 队列=0
[INFO] [1774659338.163644168] [usv_03.velocity_controller_node]: 🚀 纯RL导航中: rl(vx=0.40, ω=-0.40) -> final(vx=0.40, ω=-0.40), raw仅观测(vx=0.00, ω=0.00), 距离=0.90m, 队列=0
[INFO] [1774659338.203919765] [usv_01.velocity_controller_node]: 🚀 纯RL导航中: rl(vx=0.18, ω=0.40) -> final(vx=0.18, ω=0.40), raw仅观测(vx=0.11, ω=0.40), 距离=9.93m, 队列=0
[INFO] [1774659338.779528524] [usv_03.velocity_controller_node]: 🚀 纯RL导航中: rl(vx=0.40, ω=-0.40) -> final(vx=0.40, ω=-0.40), raw仅观测(vx=0.33, ω=0.08), 距离=9.86m, 队列=0
[INFO] [1774659338.931011745] [usv_02.velocity_controller_node]: 🚀 纯RL导航中: rl(vx=0.12, ω=0.40) -> final(vx=0.12, ω=0.40), raw仅观测(vx=0.13, ω=0.40), 距离=9.96m, 队列=0
[INFO] [1774659338.938098368] [usv_01.velocity_controller_node]: 🚀 纯RL导航中: rl(vx=0.12, ω=0.40) -> final(vx=0.12, ω=0.40), raw仅观测(vx=0.00, ω=0.00), 距离=7.96m, 队列=0
[INFO] [1774659339.450676136] [usv_02.velocity_controller_node]: 🚀 纯RL导航中: rl(vx=0.12, ω=0.40) -> final(vx=0.12, ω=0.40), raw仅观测(vx=0.29, ω=0.30), 距离=8.17m, 队列=0
[INFO] [1774659340.162188947] [usv_03.velocity_controller_node]: 🚀 纯RL导航中: rl(vx=0.40, ω=0.40) -> final(vx=0.40, ω=0.40), raw仅观测(vx=0.00, ω=0.00), 距离=1.28m, 队列=0
[INFO] [1774659340.202283241] [usv_01.velocity_controller_node]: 🚀 纯RL导航中: rl(vx=0.12, ω=0.14) -> final(vx=0.12, ω=0.14), raw仅观测(vx=0.12, ω=0.40), 距离=9.73m, 队列=0
[INFO] [1774659340.775489159] [usv_03.velocity_controller_node]: 🚀 纯RL导航中: rl(vx=0.12, ω=-0.40) -> final(vx=0.12, ω=-0.40), raw仅观测(vx=0.28, ω=0.31), 距离=9.62m, 队列=0
[INFO] [1774659340.937894369] [usv_02.velocity_controller_node]: 🚀 纯RL导航中: rl(vx=0.12, ω=-0.21) -> final(vx=0.12, ω=-0.21), raw仅观测(vx=0.12, ω=0.40), 距离=9.54m, 队列=0
[INFO] [1774659340.938735983] [usv_01.velocity_controller_node]: 🚀 纯RL导航中: rl(vx=0.40, ω=-0.40) -> final(vx=0.40, ω=-0.40), raw仅观测(vx=0.00, ω=0.00), 距离=7.38m, 队列=0
[INFO] [1774659341.431221404] [usv_02.velocity_controller_node]: 🚀 纯RL导航中: rl(vx=0.40, ω=-0.40) -> final(vx=0.40, ω=-0.40), raw仅观测(vx=0.00, ω=0.00), 距离=7.58m, 队列=0
[INFO] [1774659342.159735809] [usv_03.velocity_controller_node]: 🚀 纯RL导航中: rl(vx=0.12, ω=0.40) -> final(vx=0.12, ω=0.40), raw仅观测(vx=0.00, ω=0.00), 距离=1.79m, 队列=0
[INFO] [1774659342.210848994] [usv_01.velocity_controller_node]: 🚀 纯RL导航中: rl(vx=0.40, ω=-0.40) -> final(vx=0.40, ω=-0.40), raw仅观测(vx=0.31, ω=0.22), 距离=9.16m, 队列=0
[INFO] [1774659342.784753424] [usv_03.velocity_controller_node]: 🚀 纯RL导航中: rl(vx=0.40, ω=-0.40) -> final(vx=0.40, ω=-0.40), raw仅观测(vx=0.12, ω=0.40), 距离=9.02m, 队列=0
[INFO] [1774659342.939123495] [usv_02.velocity_controller_node]: 🚀 纯RL导航中: rl(vx=0.12, ω=-0.40) -> final(vx=0.12, ω=-0.40), raw仅观测(vx=0.12, ω=0.40), 距离=9.31m, 队列=0
[INFO] [1774659342.943529871] [usv_01.velocity_controller_node]: 🚀 纯RL导航中: rl(vx=0.40, ω=0.40) -> final(vx=0.40, ω=0.40), raw仅观测(vx=0.00, ω=0.00), 距离=7.18m, 队列=0
[INFO] [1774659343.454652015] [usv_02.velocity_controller_node]: 🚀 纯RL导航中: rl(vx=0.40, ω=0.18) -> final(vx=0.40, ω=0.18), raw仅观测(vx=0.00, ω=0.00), 距离=7.00m, 队列=0
[INFO] [1774659344.158913700] [usv_03.velocity_controller_node]: 🚀 纯RL导航中: rl(vx=0.40, ω=-0.40) -> final(vx=0.40, ω=-0.40), raw仅观测(vx=0.00, ω=0.00), 距离=2.24m, 队列=0
[INFO] [1774659344.197398666] [usv_01.velocity_controller_node]: 🚀 纯RL导航中: rl(vx=0.40, ω=0.40) -> final(vx=0.40, ω=0.40), raw仅观测(vx=0.11, ω=0.40), 距离=8.39m, 队列=0
[INFO] [1774659344.863658594] [usv_03.velocity_controller_node]: 🚀 纯RL导航中: rl(vx=0.40, ω=-0.40) -> final(vx=0.40, ω=-0.40), raw仅观测(vx=0.12, ω=0.40), 距离=8.65m, 队列=0
[INFO] [1774659344.935097030] [usv_02.velocity_controller_node]: 🚀 纯RL导航中: rl(vx=0.12, ω=0.40) -> final(vx=0.12, ω=0.40), raw仅观测(vx=0.11, ω=0.40), 距离=8.82m, 队列=0
[INFO] [1774659344.941393039] [usv_01.velocity_controller_node]: 🚀 纯RL导航中: rl(vx=0.40, ω=-0.40) -> final(vx=0.40, ω=-0.40), raw仅观测(vx=0.00, ω=0.00), 距离=6.62m, 队列=0
[INFO] [1774659345.428838573] [usv_02.velocity_controller_node]: 🚀 纯RL导航中: rl(vx=0.12, ω=0.40) -> final(vx=0.12, ω=0.40), raw仅观测(vx=0.00, ω=0.00), 距离=6.64m, 队列=0
[INFO] [1774659346.159483214] [usv_03.velocity_controller_node]: 🚀 纯RL导航中: rl(vx=0.21, ω=0.40) -> final(vx=0.21, ω=0.40), raw仅观测(vx=0.00, ω=0.00), 距离=2.75m, 队列=0
[INFO] [1774659346.240226611] [usv_01.velocity_controller_node]: 🚀 纯RL导航中: rl(vx=0.12, ω=-0.40) -> final(vx=0.12, ω=-0.40), raw仅观测(vx=0.00, ω=0.00), 距离=7.92m, 队列=0
[INFO] [1774659346.870752720] [usv_03.velocity_controller_node]: 🚀 纯RL导航中: rl(vx=0.40, ω=0.40) -> final(vx=0.40, ω=0.40), raw仅观测(vx=0.00, ω=0.00), 距离=7.98m, 队列=0
[INFO] [1774659346.934650925] [usv_02.velocity_controller_node]: 🚀 纯RL导航中: rl(vx=0.12, ω=0.40) -> final(vx=0.12, ω=0.40), raw仅观测(vx=0.11, ω=0.40), 距离=8.62m, 队列=0
[INFO] [1774659346.957465820] [usv_01.velocity_controller_node]: 🚀 纯RL导航中: rl(vx=0.40, ω=0.40) -> final(vx=0.40, ω=0.40), raw仅观测(vx=0.00, ω=0.00), 距离=6.13m, 队列=0
[INFO] [1774659347.427535753] [usv_02.velocity_controller_node]: 🚀 纯RL导航中: rl(vx=0.12, ω=-0.40) -> final(vx=0.12, ω=-0.40), raw仅观测(vx=0.00, ω=0.00), 距离=5.98m, 队列=0
[INFO] [1774659348.156566166] [usv_03.velocity_controller_node]: 🚀 纯RL导航中: rl(vx=0.40, ω=-0.01) -> final(vx=0.40, ω=-0.01), raw仅观测(vx=0.00, ω=0.00), 距离=3.23m, 队列=0
[INFO] [1774659348.237482866] [usv_01.velocity_controller_node]: 🚀 纯RL导航中: rl(vx=0.12, ω=-0.40) -> final(vx=0.12, ω=-0.40), raw仅观测(vx=0.00, ω=0.00), 距离=7.76m, 队列=0
[INFO] [1774659348.926375785] [usv_03.velocity_controller_node]: 🚀 纯RL导航中: rl(vx=0.12, ω=-0.40) -> final(vx=0.12, ω=-0.40), raw仅观测(vx=0.00, ω=0.00), 距离=7.40m, 队列=0
[INFO] [1774659348.941578948] [usv_01.velocity_controller_node]: 🚀 纯RL导航中: rl(vx=0.38, ω=-0.35) -> final(vx=0.38, ω=-0.35), raw仅观测(vx=0.00, ω=0.00), 距离=6.00m, 队列=0
[INFO] [1774659348.953977962] [usv_02.velocity_controller_node]: 🚀 纯RL导航中: rl(vx=0.40, ω=-0.12) -> final(vx=0.40, ω=-0.12), raw仅观测(vx=0.11, ω=0.40), 距离=7.88m, 队列=0
[INFO] [1774659349.429847495] [usv_02.velocity_controller_node]: 🚀 纯RL导航中: rl(vx=0.40, ω=-0.40) -> final(vx=0.40, ω=-0.40), raw仅观测(vx=0.00, ω=0.00), 距离=5.35m, 队列=0
[INFO] [1774659350.213125447] [usv_03.velocity_controller_node]: 🚀 纯RL导航中: rl(vx=0.40, ω=0.40) -> final(vx=0.40, ω=0.40), raw仅观测(vx=0.00, ω=0.00), 距离=3.53m, 队列=0
[INFO] [1774659350.239400701] [usv_01.velocity_controller_node]: 🚀 纯RL导航中: rl(vx=0.12, ω=0.01) -> final(vx=0.12, ω=0.01), raw仅观测(vx=0.00, ω=0.00), 距离=7.29m, 队列=0
[INFO] [1774659350.914480281] [usv_03.velocity_controller_node]: 🚀 纯RL导航中: rl(vx=0.17, ω=0.40) -> final(vx=0.17, ω=0.40), raw仅观测(vx=0.00, ω=0.00), 距离=7.20m, 队列=0
[INFO] [1774659350.925837978] [usv_02.velocity_controller_node]: 🚀 纯RL导航中: rl(vx=0.12, ω=0.40) -> final(vx=0.12, ω=0.40), raw仅观测(vx=0.00, ω=0.00), 距离=7.93m, 队列=0
[INFO] [1774659350.941468348] [usv_01.velocity_controller_node]: 🚀 纯RL导航中: rl(vx=0.12, ω=0.40) -> final(vx=0.12, ω=0.40), raw仅观测(vx=0.00, ω=0.00), 距离=5.12m, 队列=0
[INFO] [1774659351.429047584] [usv_02.velocity_controller_node]: 🚀 纯RL导航中: rl(vx=0.40, ω=0.40) -> final(vx=0.40, ω=0.40), raw仅观测(vx=0.00, ω=0.00), 距离=5.04m, 队列=0
[INFO] [1774659352.207317649] [usv_03.velocity_controller_node]: 🚀 纯RL导航中: rl(vx=0.30, ω=0.40) -> final(vx=0.30, ω=0.40), raw仅观测(vx=0.00, ω=0.00), 距离=4.20m, 队列=0
[INFO] [1774659352.236990662] [usv_01.velocity_controller_node]: 🚀 纯RL导航中: rl(vx=0.40, ω=0.40) -> final(vx=0.40, ω=0.40), raw仅观测(vx=0.00, ω=0.00), 距离=6.85m, 队列=0
[MAPPO][update=1167] total_steps=672192 rollout_steps=192 sample_count=576 rollout_time=21.46s rollout_sps=26.8 update_time=0.09s update_sps=19722.3 update_share=0.41% loss=117.2428 mean_reward=-2.1538 episodes=0 entropy_coef=0.0300 lr=3.00e-05 gpu=cpu
[INFO] [1774659352.913839672] [usv_03.velocity_controller_node]: 🚀 纯RL导航中: rl(vx=0.40, ω=-0.40) -> final(vx=0.40, ω=-0.40), raw仅观测(vx=0.00, ω=0.00), 距离=6.69m, 队列=0
[INFO] [1774659352.924756861] [usv_02.velocity_controller_node]: 🚀 纯RL导航中: rl(vx=0.12, ω=0.30) -> final(vx=0.12, ω=0.30), raw仅观测(vx=0.00, ω=0.00), 距离=7.36m, 队列=0
[INFO] [1774659352.939270912] [usv_01.velocity_controller_node]: 🚀 纯RL导航中: rl(vx=0.40, ω=-0.40) -> final(vx=0.40, ω=-0.40), raw仅观测(vx=0.00, ω=0.00), 距离=4.71m, 队列=0
[INFO] [1774659353.429633096] [usv_02.velocity_controller_node]: 🚀 纯RL导航中: rl(vx=0.12, ω=-0.40) -> final(vx=0.12, ω=-0.40), raw仅观测(vx=0.00, ω=0.00), 距离=4.33m, 队列=0
[INFO] [1774659354.210991814] [usv_03.velocity_controller_node]: 🚀 纯RL导航中: rl(vx=0.12, ω=0.05) -> final(vx=0.12, ω=0.05), raw仅观测(vx=0.00, ω=0.00), 距离=4.49m, 队列=0
[INFO] [1774659354.238852796] [usv_01.velocity_controller_node]: 🚀 纯RL导航中: rl(vx=0.12, ω=-0.40) -> final(vx=0.12, ω=-0.40), raw仅观测(vx=0.00, ω=0.00), 距离=6.23m, 队列=0
[INFO] [1774659354.910880823] [usv_03.velocity_controller_node]: 🚀 纯RL导航中: rl(vx=0.40, ω=0.40) -> final(vx=0.40, ω=0.40), raw仅观测(vx=0.00, ω=0.00), 距离=5.94m, 队列=0
[INFO] [1774659354.927977819] [usv_02.velocity_controller_node]: 🚀 纯RL导航中: rl(vx=0.40, ω=-0.40) -> final(vx=0.40, ω=-0.40), raw仅观测(vx=0.00, ω=0.00), 距离=6.85m, 队列=0
[INFO] [1774659354.941907260] [usv_01.velocity_controller_node]: 🚀 纯RL导航中: rl(vx=0.40, ω=-0.40) -> final(vx=0.40, ω=-0.40), raw仅观测(vx=0.00, ω=0.00), 距离=4.47m, 队列=0
[INFO] [1774659355.431717034] [usv_02.velocity_controller_node]: 🚀 纯RL导航中: rl(vx=0.40, ω=-0.40) -> final(vx=0.40, ω=-0.40), raw仅观测(vx=0.00, ω=0.00), 距离=4.14m, 队列=0
[INFO] [1774659356.206865944] [usv_03.velocity_controller_node]: 🚀 纯RL导航中: rl(vx=0.40, ω=-0.00) -> final(vx=0.40, ω=-0.00), raw仅观测(vx=0.00, ω=0.00), 距离=4.67m, 队列=0
[INFO] [1774659356.236673060] [usv_01.velocity_controller_node]: 🚀 纯RL导航中: rl(vx=0.40, ω=0.40) -> final(vx=0.40, ω=0.40), raw仅观测(vx=0.00, ω=0.00), 距离=6.11m, 队列=0
[INFO] [1774659356.909878606] [usv_03.velocity_controller_node]: 🚀 纯RL导航中: rl(vx=0.40, ω=0.32) -> final(vx=0.40, ω=0.32), raw仅观测(vx=0.00, ω=0.00), 距离=5.18m, 队列=0
[INFO] [1774659356.936655570] [usv_02.velocity_controller_node]: 🚀 纯RL导航中: rl(vx=0.12, ω=0.40) -> final(vx=0.12, ω=0.40), raw仅观测(vx=0.00, ω=0.00), 距离=6.02m, 队列=0
[INFO] [1774659356.938488501] [usv_01.velocity_controller_node]: 🚀 纯RL导航中: rl(vx=0.25, ω=-0.32) -> final(vx=0.25, ω=-0.32), raw仅观测(vx=0.00, ω=0.00), 距离=3.87m, 队列=0
[INFO] [1774659357.447917015] [usv_02.velocity_controller_node]: 🚀 纯RL导航中: rl(vx=0.12, ω=-0.40) -> final(vx=0.12, ω=-0.40), raw仅观测(vx=0.00, ω=0.00), 距离=3.58m, 队列=0
[INFO] [1774659358.209405589] [usv_03.velocity_controller_node]: 🚀 纯RL导航中: rl(vx=0.12, ω=-0.40) -> final(vx=0.12, ω=-0.40), raw仅观测(vx=0.00, ω=0.00), 距离=5.11m, 队列=0
[INFO] [1774659358.239646412] [usv_01.velocity_controller_node]: 🚀 纯RL导航中: rl(vx=0.40, ω=0.40) -> final(vx=0.40, ω=0.40), raw仅观测(vx=0.00, ω=0.00), 距离=5.58m, 队列=0
[INFO] [1774659358.912879959] [usv_03.velocity_controller_node]: 🚀 纯RL导航中: rl(vx=0.12, ω=0.24) -> final(vx=0.12, ω=0.24), raw仅观测(vx=0.00, ω=0.00), 距离=5.02m, 队列=0
[INFO] [1774659358.925804383] [usv_02.velocity_controller_node]: 🚀 纯RL导航中: rl(vx=0.29, ω=0.40) -> final(vx=0.29, ω=0.40), raw仅观测(vx=0.00, ω=0.00), 距离=5.75m, 队列=0
[INFO] [1774659358.949365991] [usv_01.velocity_controller_node]: 🚀 纯RL导航中: rl(vx=0.40, ω=0.40) -> final(vx=0.40, ω=0.40), raw仅观测(vx=0.00, ω=0.00), 距离=3.62m, 队列=0
[INFO] [1774659359.428361177] [usv_02.velocity_controller_node]: 🚀 纯RL导航中: rl(vx=0.40, ω=-0.40) -> final(vx=0.40, ω=-0.40), raw仅观测(vx=0.00, ω=0.00), 距离=2.99m, 队列=0
[INFO] [1774659360.207129951] [usv_03.velocity_controller_node]: 🚀 纯RL导航中: rl(vx=0.40, ω=0.40) -> final(vx=0.40, ω=0.40), raw仅观测(vx=0.00, ω=0.00), 距离=5.32m, 队列=0
[INFO] [1774659360.241025137] [usv_01.velocity_controller_node]: 🚀 纯RL导航中: rl(vx=0.12, ω=0.40) -> final(vx=0.12, ω=0.40), raw仅观测(vx=0.00, ω=0.00), 距离=4.95m, 队列=0
[INFO] [1774659360.940753643] [usv_03.velocity_controller_node]: 🚀 纯RL导航中: rl(vx=0.12, ω=-0.32) -> final(vx=0.12, ω=-0.32), raw仅观测(vx=0.00, ω=0.00), 距离=4.63m, 队列=0
[INFO] [1774659360.940852744] [usv_01.velocity_controller_node]: 🚀 纯RL导航中: rl(vx=0.12, ω=0.40) -> final(vx=0.12, ω=0.40), raw仅观测(vx=0.00, ω=0.00), 距离=3.08m, 队列=0
[INFO] [1774659360.945957433] [usv_02.velocity_controller_node]: 🚀 纯RL导航中: rl(vx=0.12, ω=-0.40) -> final(vx=0.12, ω=-0.40), raw仅观测(vx=0.00, ω=0.00), 距离=5.13m, 队列=0
[INFO] [1774659361.443235536] [usv_02.velocity_controller_node]: 🚀 纯RL导航中: rl(vx=0.12, ω=0.40) -> final(vx=0.12, ω=0.40), raw仅观测(vx=0.00, ω=0.00), 距离=2.23m, 队列=0
[INFO] [1774659362.214321876] [usv_03.velocity_controller_node]: 🚀 纯RL导航中: rl(vx=0.40, ω=-0.40) -> final(vx=0.40, ω=-0.40), raw仅观测(vx=0.00, ω=0.00), 距离=5.44m, 队列=0
[INFO] [1774659362.240612730] [usv_01.velocity_controller_node]: 🚀 纯RL导航中: rl(vx=0.40, ω=-0.40) -> final(vx=0.40, ω=-0.40), raw仅观测(vx=0.00, ω=0.00), 距离=4.48m, 队列=0
[INFO] [1774659362.913726475] [usv_03.velocity_controller_node]: 🚀 纯RL导航中: rl(vx=0.40, ω=-0.40) -> final(vx=0.40, ω=-0.40), raw仅观测(vx=0.00, ω=0.00), 距离=4.49m, 队列=0
[INFO] [1774659362.939203016] [usv_02.velocity_controller_node]: 🚀 纯RL导航中: rl(vx=0.40, ω=-0.40) -> final(vx=0.40, ω=-0.40), raw仅观测(vx=0.00, ω=0.00), 距离=4.77m, 队列=0
[INFO] [1774659362.954764385] [usv_01.velocity_controller_node]: 🚀 纯RL导航中: rl(vx=0.40, ω=-0.40) -> final(vx=0.40, ω=-0.40), raw仅观测(vx=0.00, ω=0.00), 距离=2.69m, 队列=0
[INFO] [1774659363.428469180] [usv_02.velocity_controller_node]: 🚀 纯RL导航中: rl(vx=0.40, ω=-0.40) -> final(vx=0.40, ω=-0.40), raw仅观测(vx=0.00, ω=0.00), 距离=1.74m, 队列=0
[INFO] [1774659364.208617976] [usv_03.velocity_controller_node]: 🚀 纯RL导航中: rl(vx=0.40, ω=0.40) -> final(vx=0.40, ω=0.40), raw仅观测(vx=0.00, ω=0.00), 距离=5.38m, 队列=0
[INFO] [1774659364.244114390] [usv_01.velocity_controller_node]: 🚀 纯RL导航中: rl(vx=0.40, ω=-0.40) -> final(vx=0.40, ω=-0.40), raw仅观测(vx=0.00, ω=0.00), 距离=3.99m, 队列=0
[INFO] [1774659364.912241248] [usv_03.velocity_controller_node]: 🚀 纯RL导航中: rl(vx=0.40, ω=-0.40) -> final(vx=0.40, ω=-0.40), raw仅观测(vx=0.00, ω=0.00), 距离=3.85m, 队列=0
[INFO] [1774659364.925961685] [usv_02.velocity_controller_node]: 🚀 纯RL导航中: rl(vx=0.12, ω=0.40) -> final(vx=0.12, ω=0.40), raw仅观测(vx=0.00, ω=0.00), 距离=4.04m, 队列=0
[INFO] [1774659364.938412601] [usv_01.velocity_controller_node]: 🚀 纯RL导航中: rl(vx=0.40, ω=0.36) -> final(vx=0.40, ω=0.36), raw仅观测(vx=0.00, ω=0.00), 距离=2.26m, 队列=0
[INFO] [1774659365.437116428] [usv_02.velocity_controller_node]: 🚀 纯RL导航中: rl(vx=0.12, ω=0.40) -> final(vx=0.12, ω=0.40), raw仅观测(vx=0.00, ω=0.00), 距离=1.17m, 队列=0
[INFO] [1774659366.209960398] [usv_03.velocity_controller_node]: 🚀 纯RL导航中: rl(vx=0.40, ω=0.40) -> final(vx=0.40, ω=0.40), raw仅观测(vx=0.00, ω=0.00), 距离=5.50m, 队列=0
[INFO] [1774659366.250201094] [usv_01.velocity_controller_node]: 🚀 纯RL导航中: rl(vx=0.40, ω=-0.40) -> final(vx=0.40, ω=-0.40), raw仅观测(vx=0.00, ω=0.00), 距离=3.50m, 队列=0
[INFO] [1774659366.912729755] [usv_03.velocity_controller_node]: 🚀 纯RL导航中: rl(vx=0.40, ω=0.29) -> final(vx=0.40, ω=0.29), raw仅观测(vx=0.00, ω=0.00), 距离=3.28m, 队列=0
[INFO] [1774659366.928898135] [usv_02.velocity_controller_node]: 🚀 纯RL导航中: rl(vx=0.40, ω=0.40) -> final(vx=0.40, ω=0.40), raw仅观测(vx=0.00, ω=0.00), 距离=3.59m, 队列=0
[INFO] [1774659366.939544419] [usv_01.velocity_controller_node]: 🚀 纯RL导航中: rl(vx=0.12, ω=-0.40) -> final(vx=0.12, ω=-0.40), raw仅观测(vx=0.00, ω=0.00), 距离=1.83m, 队列=0
[INFO] [1774659367.428762282] [usv_02.velocity_controller_node]: 🚀 纯RL导航中: rl(vx=0.40, ω=-0.40) -> final(vx=0.40, ω=-0.40), raw仅观测(vx=0.00, ω=0.00), 距离=0.69m, 队列=0
[INFO] [1774659368.208921778] [usv_03.velocity_controller_node]: 🚀 纯RL导航中: rl(vx=0.12, ω=-0.38) -> final(vx=0.12, ω=-0.38), raw仅观测(vx=0.00, ω=0.00), 距离=5.59m, 队列=0
[INFO] [1774659368.238285986] [usv_01.velocity_controller_node]: 🚀 纯RL导航中: rl(vx=0.40, ω=0.40) -> final(vx=0.40, ω=0.40), raw仅观测(vx=0.00, ω=0.00), 距离=3.10m, 队列=0
[INFO] [1774659368.912675453] [usv_03.velocity_controller_node]: 🚀 纯RL导航中: rl(vx=0.40, ω=0.40) -> final(vx=0.40, ω=0.40), raw仅观测(vx=0.00, ω=0.00), 距离=3.26m, 队列=0
[INFO] [1774659368.928073619] [usv_02.velocity_controller_node]: 🚀 纯RL导航中: rl(vx=0.12, ω=0.40) -> final(vx=0.12, ω=0.40), raw仅观测(vx=0.00, ω=0.00), 距离=3.27m, 队列=0
[INFO] [1774659368.947086048] [usv_01.velocity_controller_node]: 🚀 纯RL导航中: rl(vx=0.12, ω=0.12) -> final(vx=0.12, ω=0.12), raw仅观测(vx=0.00, ω=0.00), 距离=1.35m, 队列=0
[INFO] [1774659369.442279915] [usv_02.velocity_controller_node]: 🚀 纯RL导航中: rl(vx=0.40, ω=-0.02) -> final(vx=0.40, ω=-0.02), raw仅观测(vx=0.00, ω=0.00), 距离=0.42m, 队列=0
[INFO] [1774659370.210410797] [usv_03.velocity_controller_node]: 🚀 纯RL导航中: rl(vx=0.12, ω=0.40) -> final(vx=0.12, ω=0.40), raw仅观测(vx=0.00, ω=0.00), 距离=5.55m, 队列=0
[INFO] [1774659370.232344376] [usv_01.velocity_controller_node]: 🚀 纯RL导航中: rl(vx=0.12, ω=0.40) -> final(vx=0.12, ω=0.40), raw仅观测(vx=0.00, ω=0.00), 距离=2.60m, 队列=0
[INFO] [1774659370.911945922] [usv_03.velocity_controller_node]: 🚀 纯RL导航中: rl(vx=0.12, ω=0.40) -> final(vx=0.12, ω=0.40), raw仅观测(vx=0.00, ω=0.00), 距离=2.90m, 队列=0
[INFO] [1774659370.925379454] [usv_02.velocity_controller_node]: 🚀 纯RL导航中: rl(vx=0.12, ω=-0.37) -> final(vx=0.12, ω=-0.37), raw仅观测(vx=0.00, ω=0.00), 距离=2.77m, 队列=0
[INFO] [1774659370.926829079] [usv_01.velocity_controller_node]: 📨 velocity_controller 收到目标 [ID=1008]: (11.74, 0.52), nav_mode=0, control_mode=velocity
[INFO] [1774659370.927395089] [usv_01.velocity_controller_node]: 📊 导航状态: IDLE → ACTIVE (新导航目标[ID=1008])
[INFO] [1774659370.933168888] [usv_01.velocity_controller_node]: 🎯 新导航目标 [ID=1008]: (11.74, 0.52), 速度=0.40 m/s
[INFO] [1774659370.978900979] [usv_01.velocity_controller_node]: 📨 velocity_controller 收到目标 [ID=1008]: (11.74, 0.52), nav_mode=0, control_mode=velocity
[INFO] [1774659371.030686674] [usv_01.velocity_controller_node]: 📨 velocity_controller 收到目标 [ID=1008]: (11.74, 0.52), nav_mode=0, control_mode=velocity
[INFO] [1774659371.084075797] [usv_01.velocity_controller_node]: 📨 velocity_controller 收到目标 [ID=1008]: (11.74, 0.52), nav_mode=0, control_mode=velocity
[INFO] [1774659371.133513751] [usv_01.velocity_controller_node]: 📨 velocity_controller 收到目标 [ID=1008]: (11.74, 0.52), nav_mode=0, control_mode=velocity
[INFO] [1774659371.182523198] [usv_02.velocity_controller_node]: 📨 velocity_controller 收到目标 [ID=2008]: (6.18, 6.15), nav_mode=0, control_mode=velocity
[INFO] [1774659371.182997506] [usv_02.velocity_controller_node]: 📊 导航状态: IDLE → ACTIVE (新导航目标[ID=2008])
[INFO] [1774659371.183490315] [usv_02.velocity_controller_node]: 🎯 新导航目标 [ID=2008]: (6.18, 6.15), 速度=0.40 m/s
[INFO] [1774659371.233728283] [usv_02.velocity_controller_node]: 📨 velocity_controller 收到目标 [ID=2008]: (6.18, 6.15), nav_mode=0, control_mode=velocity
[INFO] [1774659371.293273812] [usv_02.velocity_controller_node]: 📨 velocity_controller 收到目标 [ID=2008]: (6.18, 6.15), nav_mode=0, control_mode=velocity
[INFO] [1774659371.344383596] [usv_02.velocity_controller_node]: 📨 velocity_controller 收到目标 [ID=2008]: (6.18, 6.15), nav_mode=0, control_mode=velocity
[INFO] [1774659371.404964243] [usv_02.velocity_controller_node]: 📨 velocity_controller 收到目标 [ID=2008]: (6.18, 6.15), nav_mode=0, control_mode=velocity
[INFO] [1774659371.413470490] [usv_01.velocity_controller_node]: 🚀 纯RL导航中: rl(vx=0.12, ω=0.40) -> final(vx=0.12, ω=0.40), raw仅观测(vx=0.33, ω=0.06), 距离=11.66m, 队列=0
[INFO] [1774659371.443650811] [usv_03.velocity_controller_node]: 📨 velocity_controller 收到目标 [ID=3008]: (-0.20, -0.11), nav_mode=0, control_mode=velocity
[INFO] [1774659371.470615977] [usv_03.velocity_controller_node]: 📊 导航状态: IDLE → ACTIVE (新导航目标[ID=3008])
[INFO] [1774659371.520219035] [usv_03.velocity_controller_node]: 📨 velocity_controller 收到目标 [ID=3008]: (-0.20, -0.11), nav_mode=0, control_mode=velocity
[INFO] [1774659371.524251104] [usv_03.velocity_controller_node]: 🎯 新导航目标 [ID=3008]: (-0.20, -0.11), 速度=0.40 m/s
[INFO] [1774659371.566484134] [usv_03.velocity_controller_node]: 📨 velocity_controller 收到目标 [ID=3008]: (-0.20, -0.11), nav_mode=0, control_mode=velocity
[INFO] [1774659371.594494118] [usv_03.velocity_controller_node]: 📨 velocity_controller 收到目标 [ID=3008]: (-0.20, -0.11), nav_mode=0, control_mode=velocity
[INFO] [1774659371.665023337] [usv_03.velocity_controller_node]: 📨 velocity_controller 收到目标 [ID=3008]: (-0.20, -0.11), nav_mode=0, control_mode=velocity
[INFO] [1774659372.201126903] [usv_02.velocity_controller_node]: 🚀 纯RL导航中: rl(vx=0.12, ω=0.40) -> final(vx=0.12, ω=0.40), raw仅观测(vx=0.37, ω=-0.03), 距离=12.34m, 队列=0
[INFO] [1774659372.238649751] [usv_01.velocity_controller_node]: 🚀 纯RL导航中: rl(vx=0.22, ω=0.40) -> final(vx=0.22, ω=0.40), raw仅观测(vx=0.00, ω=0.00), 距离=2.24m, 队列=0
[INFO] [1774659372.923407586] [usv_02.velocity_controller_node]: 🚀 纯RL导航中: rl(vx=0.40, ω=-0.40) -> final(vx=0.40, ω=-0.40), raw仅观测(vx=0.00, ω=0.00), 距离=2.23m, 队列=0
[INFO] [1774659372.965237909] [usv_03.velocity_controller_node]: 🚀 纯RL导航中: rl(vx=0.40, ω=0.40) -> final(vx=0.40, ω=0.40), raw仅观测(vx=0.00, ω=0.00), 距离=2.40m, 队列=0
[INFO] [1774659373.225974916] [usv_03.velocity_controller_node]: 🚀 纯RL导航中: rl(vx=0.12, ω=-0.40) -> final(vx=0.12, ω=-0.40), raw仅观测(vx=0.27, ω=0.25), 距离=11.46m, 队列=0
[INFO] [1774659373.473927101] [usv_01.velocity_controller_node]: 🚀 纯RL导航中: rl(vx=0.21, ω=-0.40) -> final(vx=0.21, ω=-0.40), raw仅观测(vx=0.40, ω=0.08), 距离=11.25m, 队列=0
[INFO] [1774659374.242712388] [usv_02.velocity_controller_node]: 🚀 纯RL导航中: rl(vx=0.12, ω=-0.13) -> final(vx=0.12, ω=-0.13), raw仅观测(vx=0.24, ω=0.40), 距离=11.76m, 队列=0
[INFO] [1774659374.244606421] [usv_01.velocity_controller_node]: 🚀 纯RL导航中: rl(vx=0.12, ω=0.40) -> final(vx=0.12, ω=0.40), raw仅观测(vx=0.00, ω=0.00), 距离=1.77m, 队列=0
[INFO] [1774659374.933928035] [usv_02.velocity_controller_node]: 🚀 纯RL导航中: rl(vx=0.12, ω=0.40) -> final(vx=0.12, ω=0.40), raw仅观测(vx=0.00, ω=0.00), 距离=1.85m, 队列=0
[INFO] [1774659374.959553778] [usv_03.velocity_controller_node]: 🚀 纯RL导航中: rl(vx=0.40, ω=0.40) -> final(vx=0.40, ω=0.40), raw仅观测(vx=0.00, ω=0.00), 距离=1.77m, 队列=0
[INFO] [1774659375.221922212] [usv_03.velocity_controller_node]: 🚀 纯RL导航中: rl(vx=0.40, ω=0.26) -> final(vx=0.40, ω=0.26), raw仅观测(vx=0.32, ω=0.04), 距离=11.01m, 队列=0
[MAPPO][update=1168] total_steps=672768 rollout_steps=192 sample_count=576 rollout_time=22.61s rollout_sps=25.5 update_time=0.10s update_sps=17482.6 update_share=0.44% loss=338.3484 mean_reward=-2.9498 episodes=1 entropy_coef=0.0300 lr=3.00e-05 gpu=cpu
[INFO] [1774659375.483263029] [usv_01.velocity_controller_node]: 🚀 纯RL导航中: rl(vx=0.12, ω=0.40) -> final(vx=0.12, ω=0.40), raw仅观测(vx=0.29, ω=0.07), 距离=10.55m, 队列=0
[INFO] [1774659376.236140241] [usv_02.velocity_controller_node]: 🚀 纯RL导航中: rl(vx=0.12, ω=-0.40) -> final(vx=0.12, ω=-0.40), raw仅观测(vx=0.40, ω=-0.04), 距离=11.30m, 队列=0
[INFO] [1774659376.257543511] [usv_01.velocity_controller_node]: 📨 velocity_controller 收到目标 [ID=1009]: (12.22, -0.16), nav_mode=0, control_mode=velocity
[INFO] [1774659376.257963618] [usv_01.velocity_controller_node]: 📊 导航状态: IDLE → ACTIVE (新导航目标[ID=1009])
[INFO] [1774659376.258413926] [usv_01.velocity_controller_node]: 🎯 新导航目标 [ID=1009]: (12.22, -0.16), 速度=0.40 m/s
[INFO] [1774659376.310739430] [usv_01.velocity_controller_node]: 📨 velocity_controller 收到目标 [ID=1009]: (12.22, -0.16), nav_mode=0, control_mode=velocity
[INFO] [1774659376.358700759] [usv_01.velocity_controller_node]: 📨 velocity_controller 收到目标 [ID=1009]: (12.22, -0.16), nav_mode=0, control_mode=velocity
[INFO] [1774659376.412369987] [usv_01.velocity_controller_node]: 📨 velocity_controller 收到目标 [ID=1009]: (12.22, -0.16), nav_mode=0, control_mode=velocity
[INFO] [1774659376.468033349] [usv_01.velocity_controller_node]: 📨 velocity_controller 收到目标 [ID=1009]: (12.22, -0.16), nav_mode=0, control_mode=velocity
[INFO] [1774659376.514642255] [usv_02.velocity_controller_node]: 📨 velocity_controller 收到目标 [ID=2009]: (12.25, -3.22), nav_mode=0, control_mode=velocity
[INFO] [1774659376.519481538] [usv_02.velocity_controller_node]: 📊 导航状态: IDLE → ACTIVE (新导航目标[ID=2009])
[INFO] [1774659376.520269852] [usv_02.velocity_controller_node]: 🎯 新导航目标 [ID=2009]: (12.25, -3.22), 速度=0.40 m/s
[INFO] [1774659376.563763804] [usv_02.velocity_controller_node]: 📨 velocity_controller 收到目标 [ID=2009]: (12.25, -3.22), nav_mode=0, control_mode=velocity
[INFO] [1774659376.616837121] [usv_02.velocity_controller_node]: 📨 velocity_controller 收到目标 [ID=2009]: (12.25, -3.22), nav_mode=0, control_mode=velocity
[INFO] [1774659376.666353777] [usv_02.velocity_controller_node]: 📨 velocity_controller 收到目标 [ID=2009]: (12.25, -3.22), nav_mode=0, control_mode=velocity
[INFO] [1774659376.699733354] [usv_01.velocity_controller_node]: 🚀 纯RL导航中: rl(vx=0.12, ω=0.40) -> final(vx=0.12, ω=0.40), raw仅观测(vx=0.40, ω=-0.05), 距离=12.55m, 队列=0
[INFO] [1774659376.718722382] [usv_02.velocity_controller_node]: 📨 velocity_controller 收到目标 [ID=2009]: (12.25, -3.22), nav_mode=0, control_mode=velocity
[INFO] [1774659376.772237007] [usv_03.velocity_controller_node]: 📨 velocity_controller 收到目标 [ID=3009]: (11.88, 2.45), nav_mode=0, control_mode=velocity
[INFO] [1774659376.775544764] [usv_03.velocity_controller_node]: 📊 导航状态: IDLE → ACTIVE (新导航目标[ID=3009])
[INFO] [1774659376.784949626] [usv_03.velocity_controller_node]: 🎯 新导航目标 [ID=3009]: (11.88, 2.45), 速度=0.40 m/s
[INFO] [1774659376.819966032] [usv_03.velocity_controller_node]: 📨 velocity_controller 收到目标 [ID=3009]: (11.88, 2.45), nav_mode=0, control_mode=velocity
[INFO] [1774659376.887668302] [usv_03.velocity_controller_node]: 📨 velocity_controller 收到目标 [ID=3009]: (11.88, 2.45), nav_mode=0, control_mode=velocity
[INFO] [1774659376.938773685] [usv_03.velocity_controller_node]: 📨 velocity_controller 收到目标 [ID=3009]: (11.88, 2.45), nav_mode=0, control_mode=velocity
[INFO] [1774659376.993853137] [usv_03.velocity_controller_node]: 📨 velocity_controller 收到目标 [ID=3009]: (11.88, 2.45), nav_mode=0, control_mode=velocity
[INFO] [1774659377.265492632] [usv_03.velocity_controller_node]: 🚀 纯RL导航中: rl(vx=0.40, ω=0.17) -> final(vx=0.40, ω=0.17), raw仅观测(vx=0.13, ω=-0.40), 距离=10.57m, 队列=0
[INFO] [1774659377.552707596] [usv_01.velocity_controller_node]: 🚀 纯RL导航中: rl(vx=0.12, ω=-0.40) -> final(vx=0.12, ω=-0.40), raw仅观测(vx=0.12, ω=0.40), 距离=9.86m, 队列=0
[INFO] [1774659377.665676548] [usv_02.velocity_controller_node]: 🚀 纯RL导航中: rl(vx=0.40, ω=0.40) -> final(vx=0.40, ω=0.40), raw仅观测(vx=0.12, ω=-0.40), 距离=6.46m, 队列=0
[INFO] [1774659377.983760345] [usv_03.velocity_controller_node]: 🚀 纯RL导航中: rl(vx=0.40, ω=0.40) -> final(vx=0.40, ω=0.40), raw仅观测(vx=0.38, ω=0.03), 距离=8.51m, 队列=0
[INFO] [1774659378.238388246] [usv_02.velocity_controller_node]: 🚀 纯RL导航中: rl(vx=0.12, ω=0.40) -> final(vx=0.12, ω=0.40), raw仅观测(vx=0.27, ω=0.23), 距离=11.05m, 队列=0
[INFO] [1774659378.710402603] [usv_01.velocity_controller_node]: 🚀 纯RL导航中: rl(vx=0.12, ω=0.40) -> final(vx=0.12, ω=0.40), raw仅观测(vx=0.23, ω=0.40), 距离=12.21m, 队列=0
[INFO] [1774659379.268688251] [usv_03.velocity_controller_node]: 🚀 纯RL导航中: rl(vx=0.12, ω=-0.16) -> final(vx=0.12, ω=-0.16), raw仅观测(vx=0.12, ω=-0.40), 距离=10.20m, 队列=0
[INFO] [1774659379.558293956] [usv_01.velocity_controller_node]: 🚀 纯RL导航中: rl(vx=0.35, ω=0.37) -> final(vx=0.35, ω=0.37), raw仅观测(vx=0.11, ω=0.40), 距离=9.47m, 队列=0
[INFO] [1774659379.639824665] [usv_02.velocity_controller_node]: 🚀 纯RL导航中: rl(vx=0.12, ω=-0.40) -> final(vx=0.12, ω=-0.40), raw仅观测(vx=0.12, ω=-0.40), 距离=6.11m, 队列=0
[INFO] [1774659379.972976822] [usv_03.velocity_controller_node]: 🚀 纯RL导航中: rl(vx=0.40, ω=-0.40) -> final(vx=0.40, ω=-0.40), raw仅观测(vx=0.00, ω=0.00), 距离=7.88m, 队列=0
[INFO] [1774659380.235696262] [usv_02.velocity_controller_node]: 🚀 纯RL导航中: rl(vx=0.12, ω=-0.40) -> final(vx=0.12, ω=-0.40), raw仅观测(vx=0.22, ω=-0.30), 距离=10.41m, 队列=0
[INFO] [1774659380.700788800] [usv_01.velocity_controller_node]: 🚀 纯RL导航中: rl(vx=0.40, ω=0.40) -> final(vx=0.40, ω=0.40), raw仅观测(vx=0.40, ω=0.11), 距离=11.78m, 队列=0
[INFO] [1774659381.261517890] [usv_03.velocity_controller_node]: 🚀 纯RL导航中: rl(vx=0.12, ω=0.40) -> final(vx=0.12, ω=0.40), raw仅观测(vx=0.30, ω=-0.30), 距离=9.83m, 队列=0
[INFO] [1774659381.555989179] [usv_01.velocity_controller_node]: 🚀 纯RL导航中: rl(vx=0.12, ω=0.40) -> final(vx=0.12, ω=0.40), raw仅观测(vx=0.31, ω=0.08), 距离=9.14m, 队列=0
[INFO] [1774659381.635910260] [usv_02.velocity_controller_node]: 🚀 纯RL导航中: rl(vx=0.40, ω=-0.40) -> final(vx=0.40, ω=-0.40), raw仅观测(vx=0.23, ω=-0.22), 距离=5.49m, 队列=0
[INFO] [1774659381.967394589] [usv_03.velocity_controller_node]: 🚀 纯RL导航中: rl(vx=0.12, ω=-0.40) -> final(vx=0.12, ω=-0.40), raw仅观测(vx=0.00, ω=0.00), 距离=7.53m, 队列=0
[INFO] [1774659382.243023752] [usv_02.velocity_controller_node]: 🚀 纯RL导航中: rl(vx=0.12, ω=0.20) -> final(vx=0.12, ω=0.20), raw仅观测(vx=0.12, ω=0.40), 距离=9.90m, 队列=0
[INFO] [1774659382.710229726] [usv_01.velocity_controller_node]: 🚀 纯RL导航中: rl(vx=0.12, ω=0.17) -> final(vx=0.12, ω=0.17), raw仅观测(vx=0.13, ω=0.31), 距离=11.35m, 队列=0
[INFO] [1774659383.379838398] [usv_03.velocity_controller_node]: 🚀 纯RL导航中: rl(vx=0.12, ω=-0.40) -> final(vx=0.12, ω=-0.40), raw仅观测(vx=0.32, ω=-0.09), 距离=9.08m, 队列=0
[INFO] [1774659383.556357449] [usv_01.velocity_controller_node]: 🚀 纯RL导航中: rl(vx=0.12, ω=-0.32) -> final(vx=0.12, ω=-0.32), raw仅观测(vx=0.39, ω=0.00), 距离=8.34m, 队列=0
[INFO] [1774659383.632249060] [usv_02.velocity_controller_node]: 🚀 纯RL导航中: rl(vx=0.40, ω=-0.40) -> final(vx=0.40, ω=-0.40), raw仅观测(vx=0.26, ω=0.35), 距离=4.91m, 队列=0
[INFO] [1774659383.965488019] [usv_03.velocity_controller_node]: 🚀 纯RL导航中: rl(vx=0.40, ω=0.40) -> final(vx=0.40, ω=0.40), raw仅观测(vx=0.00, ω=0.00), 距离=7.24m, 队列=0
[INFO] [1774659384.236687306] [usv_02.velocity_controller_node]: 🚀 纯RL导航中: rl(vx=0.12, ω=-0.40) -> final(vx=0.12, ω=-0.40), raw仅观测(vx=0.14, ω=0.40), 距离=9.47m, 队列=0
[INFO] [1774659384.711685714] [usv_01.velocity_controller_node]: 🚀 纯RL导航中: rl(vx=0.12, ω=0.40) -> final(vx=0.12, ω=0.40), raw仅观测(vx=0.35, ω=-0.19), 距离=11.12m, 队列=0
[INFO] [1774659385.415142971] [usv_03.velocity_controller_node]: 🚀 纯RL导航中: rl(vx=0.40, ω=-0.40) -> final(vx=0.40, ω=-0.40), raw仅观测(vx=0.34, ω=0.19), 距离=8.67m, 队列=0
[INFO] [1774659385.548596578] [usv_01.velocity_controller_node]: 🚀 纯RL导航中: rl(vx=0.12, ω=-0.10) -> final(vx=0.12, ω=-0.10), raw仅观测(vx=0.00, ω=0.00), 距离=7.74m, 队列=0
[INFO] [1774659385.634236558] [usv_02.velocity_controller_node]: 🚀 纯RL导航中: rl(vx=0.40, ω=-0.40) -> final(vx=0.40, ω=-0.40), raw仅观测(vx=0.35, ω=0.12), 距离=4.28m, 队列=0
[INFO] [1774659385.961166808] [usv_03.velocity_controller_node]: 🚀 纯RL导航中: rl(vx=0.12, ω=0.30) -> final(vx=0.12, ω=0.30), raw仅观测(vx=0.00, ω=0.00), 距离=6.86m, 队列=0
[INFO] [1774659386.242494470] [usv_02.velocity_controller_node]: 🚀 纯RL导航中: rl(vx=0.40, ω=0.40) -> final(vx=0.40, ω=0.40), raw仅观测(vx=0.38, ω=0.18), 距离=9.43m, 队列=0
[INFO] [1774659386.701124497] [usv_01.velocity_controller_node]: 🚀 纯RL导航中: rl(vx=0.12, ω=-0.40) -> final(vx=0.12, ω=-0.40), raw仅观测(vx=0.40, ω=-0.04), 距离=10.33m, 队列=0
[INFO] [1774659387.415190339] [usv_03.velocity_controller_node]: 🚀 纯RL导航中: rl(vx=0.40, ω=0.40) -> final(vx=0.40, ω=0.40), raw仅观测(vx=0.35, ω=0.19), 距离=8.28m, 队列=0
[INFO] [1774659387.538441169] [usv_01.velocity_controller_node]: 🚀 纯RL导航中: rl(vx=0.12, ω=0.40) -> final(vx=0.12, ω=0.40), raw仅观测(vx=0.00, ω=0.00), 距离=7.14m, 队列=0
[INFO] [1774659387.636756169] [usv_02.velocity_controller_node]: 🚀 纯RL导航中: rl(vx=0.40, ω=-0.13) -> final(vx=0.40, ω=-0.13), raw仅观测(vx=0.11, ω=0.40), 距离=3.69m, 队列=0
[INFO] [1774659387.963644118] [usv_03.velocity_controller_node]: 🚀 纯RL导航中: rl(vx=0.12, ω=-0.40) -> final(vx=0.12, ω=-0.40), raw仅观测(vx=0.00, ω=0.00), 距离=6.20m, 队列=0
[INFO] [1774659388.262501484] [usv_02.velocity_controller_node]: 🚀 纯RL导航中: rl(vx=0.40, ω=0.40) -> final(vx=0.40, ω=0.40), raw仅观测(vx=0.36, ω=0.18), 距离=8.87m, 队列=0
[INFO] [1774659388.709679113] [usv_01.velocity_controller_node]: 🚀 纯RL导航中: rl(vx=0.40, ω=-0.40) -> final(vx=0.40, ω=-0.40), raw仅观测(vx=0.38, ω=0.05), 距离=9.87m, 队列=0
[INFO] [1774659389.407974282] [usv_03.velocity_controller_node]: 🚀 纯RL导航中: rl(vx=0.12, ω=-0.40) -> final(vx=0.12, ω=-0.40), raw仅观测(vx=0.00, ω=0.00), 距离=7.86m, 队列=0
[INFO] [1774659389.544190237] [usv_01.velocity_controller_node]: 🚀 纯RL导航中: rl(vx=0.40, ω=-0.12) -> final(vx=0.40, ω=-0.12), raw仅观测(vx=0.00, ω=0.00), 距离=6.63m, 队列=0
[INFO] [1774659389.634661100] [usv_02.velocity_controller_node]: 🚀 纯RL导航中: rl(vx=0.12, ω=-0.40) -> final(vx=0.12, ω=-0.40), raw仅观测(vx=0.15, ω=0.40), 距离=3.20m, 队列=0
[INFO] [1774659389.960154426] [usv_03.velocity_controller_node]: 🚀 纯RL导航中: rl(vx=0.31, ω=0.40) -> final(vx=0.31, ω=0.40), raw仅观测(vx=0.00, ω=0.00), 距离=5.81m, 队列=0
[INFO] [1774659390.240547472] [usv_02.velocity_controller_node]: 🚀 纯RL导航中: rl(vx=0.40, ω=0.03) -> final(vx=0.40, ω=0.03), raw仅观测(vx=0.40, ω=-0.09), 距离=8.33m, 队列=0
[INFO] [1774659390.693022293] [usv_01.velocity_controller_node]: 🚀 纯RL导航中: rl(vx=0.40, ω=-0.40) -> final(vx=0.40, ω=-0.40), raw仅观测(vx=0.23, ω=0.10), 距离=9.36m, 队列=0
[INFO] [1774659391.411897918] [usv_03.velocity_controller_node]: 🚀 纯RL导航中: rl(vx=0.12, ω=0.40) -> final(vx=0.12, ω=0.40), raw仅观测(vx=0.00, ω=0.00), 距离=7.33m, 队列=0
[INFO] [1774659391.538364004] [usv_01.velocity_controller_node]: 🚀 纯RL导航中: rl(vx=0.40, ω=0.40) -> final(vx=0.40, ω=0.40), raw仅观测(vx=0.00, ω=0.00), 距离=5.93m, 队列=0
[INFO] [1774659391.643716225] [usv_02.velocity_controller_node]: 🚀 纯RL导航中: rl(vx=0.12, ω=0.40) -> final(vx=0.12, ω=0.40), raw仅观测(vx=0.11, ω=0.40), 距离=2.77m, 队列=0
[INFO] [1774659391.964008061] [usv_03.velocity_controller_node]: 🚀 纯RL导航中: rl(vx=0.40, ω=-0.40) -> final(vx=0.40, ω=-0.40), raw仅观测(vx=0.00, ω=0.00), 距离=5.65m, 队列=0
[INFO] [1774659392.530575653] [usv_01.velocity_controller_node]: 📨 velocity_controller 收到目标 [ID=1009]: (11.90, -0.25), nav_mode=0, control_mode=velocity
[INFO] [1774659392.533690007] [usv_01.velocity_controller_node]: 📊 导航状态: IDLE → ACTIVE (新导航目标[ID=1009])
[INFO] [1774659392.534198116] [usv_01.velocity_controller_node]: 🎯 新导航目标 [ID=1009]: (11.90, -0.25), 速度=0.40 m/s
[INFO] [1774659392.578870688] [usv_01.velocity_controller_node]: 📨 velocity_controller 收到目标 [ID=1009]: (11.90, -0.25), nav_mode=0, control_mode=velocity
[INFO] [1774659392.634185044] [usv_01.velocity_controller_node]: 📨 velocity_controller 收到目标 [ID=1009]: (11.90, -0.25), nav_mode=0, control_mode=velocity
[INFO] [1774659392.682247675] [usv_01.velocity_controller_node]: 📨 velocity_controller 收到目标 [ID=1009]: (11.90, -0.25), nav_mode=0, control_mode=velocity
[INFO] [1774659392.719746523] [usv_01.velocity_controller_node]: 🚀 纯RL导航中: rl(vx=0.12, ω=0.40) -> final(vx=0.12, ω=0.40), raw仅观测(vx=0.12, ω=0.40), 距离=8.77m, 队列=0
[INFO] [1774659392.732897850] [usv_01.velocity_controller_node]: 📨 velocity_controller 收到目标 [ID=1009]: (11.90, -0.25), nav_mode=0, control_mode=velocity
[INFO] [1774659392.782473707] [usv_02.velocity_controller_node]: 📨 velocity_controller 收到目标 [ID=2009]: (11.82, -2.66), nav_mode=0, control_mode=velocity
[INFO] [1774659392.783034417] [usv_02.velocity_controller_node]: 📊 导航状态: IDLE → ACTIVE (新导航目标[ID=2009])
[INFO] [1774659392.783520125] [usv_02.velocity_controller_node]: 🎯 新导航目标 [ID=2009]: (11.82, -2.66), 速度=0.40 m/s
[INFO] [1774659392.833850595] [usv_02.velocity_controller_node]: 📨 velocity_controller 收到目标 [ID=2009]: (11.82, -2.66), nav_mode=0, control_mode=velocity
[INFO] [1774659392.910849026] [usv_02.velocity_controller_node]: 📨 velocity_controller 收到目标 [ID=2009]: (11.82, -2.66), nav_mode=0, control_mode=velocity
[INFO] [1774659392.959521867] [usv_02.velocity_controller_node]: 📨 velocity_controller 收到目标 [ID=2009]: (11.82, -2.66), nav_mode=0, control_mode=velocity
[INFO] [1774659393.003351825] [usv_02.velocity_controller_node]: 🚀 纯RL导航中: rl(vx=0.40, ω=0.40) -> final(vx=0.40, ω=0.40), raw仅观测(vx=0.40, ω=-0.16), 距离=5.99m, 队列=0
[INFO] [1774659393.006000270] [usv_02.velocity_controller_node]: 📨 velocity_controller 收到目标 [ID=2009]: (11.82, -2.66), nav_mode=0, control_mode=velocity
[INFO] [1774659393.044484436] [usv_03.velocity_controller_node]: 📨 velocity_controller 收到目标 [ID=3009]: (11.96, 2.25), nav_mode=0, control_mode=velocity
[INFO] [1774659393.061315127] [usv_03.velocity_controller_node]: 📊 导航状态: IDLE → ACTIVE (新导航目标[ID=3009])
[INFO] [1774659393.062012439] [usv_03.velocity_controller_node]: 🎯 新导航目标 [ID=3009]: (11.96, 2.25), 速度=0.40 m/s
[INFO] [1774659393.115660966] [usv_03.velocity_controller_node]: 📨 velocity_controller 收到目标 [ID=3009]: (11.96, 2.25), nav_mode=0, control_mode=velocity
[INFO] [1774659393.163579294] [usv_03.velocity_controller_node]: 📨 velocity_controller 收到目标 [ID=3009]: (11.96, 2.25), nav_mode=0, control_mode=velocity
[INFO] [1774659393.203182379] [usv_03.velocity_controller_node]: 📨 velocity_controller 收到目标 [ID=3009]: (11.96, 2.25), nav_mode=0, control_mode=velocity
[INFO] [1774659393.240240719] [usv_03.velocity_controller_node]: 📨 velocity_controller 收到目标 [ID=3009]: (11.96, 2.25), nav_mode=0, control_mode=velocity
[INFO] [1774659393.636631370] [usv_02.velocity_controller_node]: 🚀 纯RL导航中: rl(vx=0.40, ω=0.40) -> final(vx=0.40, ω=0.40), raw仅观测(vx=0.12, ω=0.40), 距离=2.54m, 队列=0
[INFO] [1774659393.962119795] [usv_03.velocity_controller_node]: 🚀 纯RL导航中: rl(vx=0.40, ω=0.20) -> final(vx=0.40, ω=0.20), raw仅观测(vx=0.00, ω=0.00), 距离=5.28m, 队列=0
[INFO] [1774659394.008102590] [usv_01.velocity_controller_node]: 🚀 纯RL导航中: rl(vx=0.40, ω=0.40) -> final(vx=0.40, ω=0.40), raw仅观测(vx=0.11, ω=-0.40), 距离=11.63m, 队列=0
[INFO] [1774659394.372801990] [usv_03.velocity_controller_node]: 🚀 纯RL导航中: rl(vx=0.40, ω=0.40) -> final(vx=0.40, ω=0.40), raw仅观测(vx=0.21, ω=-0.36), 距离=8.16m, 队列=0
[INFO] [1774659394.704425120] [usv_01.velocity_controller_node]: 🚀 纯RL导航中: rl(vx=0.12, ω=0.36) -> final(vx=0.12, ω=0.36), raw仅观测(vx=0.18, ω=0.40), 距离=8.58m, 队列=0
[INFO] [1774659394.986263089] [usv_02.velocity_controller_node]: 🚀 纯RL导航中: rl(vx=0.40, ω=0.40) -> final(vx=0.40, ω=0.40), raw仅观测(vx=0.26, ω=-0.20), 距离=5.47m, 队列=0
[INFO] [1774659395.635046798] [usv_02.velocity_controller_node]: 🚀 纯RL导航中: rl(vx=0.12, ω=0.25) -> final(vx=0.12, ω=0.25), raw仅观测(vx=0.33, ω=0.02), 距离=2.11m, 队列=0
[INFO] [1774659395.961586339] [usv_03.velocity_controller_node]: 🚀 纯RL导航中: rl(vx=0.12, ω=0.40) -> final(vx=0.12, ω=0.40), raw仅观测(vx=0.00, ω=0.00), 距离=5.10m, 队列=0
[INFO] [1774659396.002852052] [usv_01.velocity_controller_node]: 🚀 纯RL导航中: rl(vx=0.40, ω=-0.36) -> final(vx=0.40, ω=-0.36), raw仅观测(vx=0.12, ω=-0.40), 距离=10.85m, 队列=0
[INFO] [1774659396.357600781] [usv_03.velocity_controller_node]: 🚀 纯RL导航中: rl(vx=0.40, ω=0.24) -> final(vx=0.40, ω=0.24), raw仅观测(vx=0.00, ω=0.00), 距离=7.56m, 队列=0
[INFO] [1774659396.694375399] [usv_01.velocity_controller_node]: 🚀 纯RL导航中: rl(vx=0.12, ω=-0.40) -> final(vx=0.12, ω=-0.40), raw仅观测(vx=0.00, ω=0.00), 距离=7.94m, 队列=0
[INFO] [1774659396.989593199] [usv_02.velocity_controller_node]: 🚀 纯RL导航中: rl(vx=0.40, ω=0.40) -> final(vx=0.40, ω=0.40), raw仅观测(vx=0.35, ω=-0.01), 距离=4.70m, 队列=0
[INFO] [1774659397.696377010] [usv_02.velocity_controller_node]: 🚀 纯RL导航中: rl(vx=0.12, ω=0.40) -> final(vx=0.12, ω=0.40), raw仅观测(vx=0.38, ω=0.06), 距离=1.78m, 队列=0
[MAPPO][update=1169] total_steps=673344 rollout_steps=192 sample_count=576 rollout_time=22.45s rollout_sps=25.7 update_time=0.13s update_sps=13745.1 update_share=0.56% loss=209.2030 mean_reward=-2.4962 episodes=2 entropy_coef=0.0300 lr=3.00e-05 gpu=cpu
[INFO] [1774659398.022749249] [usv_03.velocity_controller_node]: 🚀 纯RL导航中: rl(vx=0.40, ω=-0.09) -> final(vx=0.40, ω=-0.09), raw仅观测(vx=0.00, ω=0.00), 距离=5.12m, 队列=0
[INFO] [1774659398.086031742] [usv_01.velocity_controller_node]: 🚀 纯RL导航中: rl(vx=0.39, ω=-0.40) -> final(vx=0.39, ω=-0.40), raw仅观测(vx=0.35, ω=-0.05), 距离=10.45m, 队列=0
[INFO] [1774659398.392208032] [usv_03.velocity_controller_node]: 🚀 纯RL导航中: rl(vx=0.12, ω=-0.40) -> final(vx=0.12, ω=-0.40), raw仅观测(vx=0.00, ω=0.00), 距离=6.94m, 队列=0
[INFO] [1774659398.687710537] [usv_01.velocity_controller_node]: 🚀 纯RL导航中: rl(vx=0.12, ω=0.40) -> final(vx=0.12, ω=0.40), raw仅观测(vx=0.00, ω=0.00), 距离=7.54m, 队列=0
[INFO] [1774659399.066440980] [usv_02.velocity_controller_node]: 🚀 纯RL导航中: rl(vx=0.40, ω=-0.40) -> final(vx=0.40, ω=-0.40), raw仅观测(vx=0.31, ω=0.25), 距离=4.28m, 队列=0
[INFO] [1774659399.690005053] [usv_02.velocity_controller_node]: 🚀 纯RL导航中: rl(vx=0.40, ω=-0.40) -> final(vx=0.40, ω=-0.40), raw仅观测(vx=0.00, ω=0.00), 距离=1.31m, 队列=0
[INFO] [1774659400.012110118] [usv_03.velocity_controller_node]: 🚀 纯RL导航中: rl(vx=0.12, ω=0.40) -> final(vx=0.12, ω=0.40), raw仅观测(vx=0.00, ω=0.00), 距离=5.33m, 队列=0
[INFO] [1774659400.108933291] [usv_01.velocity_controller_node]: 🚀 纯RL导航中: rl(vx=0.12, ω=0.40) -> final(vx=0.12, ω=0.40), raw仅观测(vx=0.12, ω=0.40), 距离=9.70m, 队列=0
[INFO] [1774659400.358208197] [usv_03.velocity_controller_node]: 🚀 纯RL导航中: rl(vx=0.12, ω=-0.40) -> final(vx=0.12, ω=-0.40), raw仅观测(vx=0.00, ω=0.00), 距离=6.37m, 队列=0
[INFO] [1774659400.687786191] [usv_01.velocity_controller_node]: 🚀 纯RL导航中: rl(vx=0.12, ω=0.40) -> final(vx=0.12, ω=0.40), raw仅观测(vx=0.00, ω=0.00), 距离=7.42m, 队列=0
[INFO] [1774659401.036596618] [usv_02.velocity_controller_node]: 🚀 纯RL导航中: rl(vx=0.40, ω=0.40) -> final(vx=0.40, ω=0.40), raw仅观测(vx=0.12, ω=0.35), 距离=3.79m, 队列=0
[INFO] [1774659401.675247451] [usv_02.velocity_controller_node]: 🚀 纯RL导航中: rl(vx=0.40, ω=-0.40) -> final(vx=0.40, ω=-0.40), raw仅观测(vx=0.00, ω=0.00), 距离=0.81m, 队列=0
[INFO] [1774659402.012643881] [usv_03.velocity_controller_node]: 🚀 纯RL导航中: rl(vx=0.40, ω=0.40) -> final(vx=0.40, ω=0.40), raw仅观测(vx=0.00, ω=0.00), 距离=5.01m, 队列=0
[INFO] [1774659402.108325235] [usv_01.velocity_controller_node]: 🚀 纯RL导航中: rl(vx=0.40, ω=0.40) -> final(vx=0.40, ω=0.40), raw仅观测(vx=0.11, ω=0.40), 距离=9.47m, 队列=0
[INFO] [1774659402.359133970] [usv_03.velocity_controller_node]: 🚀 纯RL导航中: rl(vx=0.12, ω=0.22) -> final(vx=0.12, ω=0.22), raw仅观测(vx=0.00, ω=0.00), 距离=5.96m, 队列=0
[INFO] [1774659402.688017555] [usv_01.velocity_controller_node]: 🚀 纯RL导航中: rl(vx=0.40, ω=-0.40) -> final(vx=0.40, ω=-0.40), raw仅观测(vx=0.00, ω=0.00), 距离=6.82m, 队列=0
[INFO] [1774659403.036044170] [usv_02.velocity_controller_node]: 🚀 纯RL导航中: rl(vx=0.40, ω=-0.40) -> final(vx=0.40, ω=-0.40), raw仅观测(vx=0.36, ω=0.23), 距离=3.36m, 队列=0
[INFO] [1774659403.675604825] [usv_02.velocity_controller_node]: 🚀 纯RL导航中: rl(vx=0.40, ω=0.35) -> final(vx=0.40, ω=0.35), raw仅观测(vx=0.00, ω=0.00), 距离=0.31m, 队列=0
[INFO] [1774659404.012702351] [usv_03.velocity_controller_node]: 🚀 纯RL导航中: rl(vx=0.40, ω=-0.40) -> final(vx=0.40, ω=-0.40), raw仅观测(vx=0.00, ω=0.00), 距离=4.56m, 队列=0
[INFO] [1774659404.112737680] [usv_01.velocity_controller_node]: 🚀 纯RL导航中: rl(vx=0.40, ω=0.32) -> final(vx=0.40, ω=0.32), raw仅观测(vx=0.11, ω=0.40), 距离=9.25m, 队列=0
[INFO] [1774659404.358326125] [usv_03.velocity_controller_node]: 🚀 纯RL导航中: rl(vx=0.12, ω=0.40) -> final(vx=0.12, ω=0.40), raw仅观测(vx=0.00, ω=0.00), 距离=5.80m, 队列=0
[INFO] [1774659404.720544286] [usv_01.velocity_controller_node]: 🚀 纯RL导航中: rl(vx=0.12, ω=0.40) -> final(vx=0.12, ω=0.40), raw仅观测(vx=0.00, ω=0.00), 距离=6.42m, 队列=0
[INFO] [1774659405.035193124] [usv_02.velocity_controller_node]: 🚀 纯RL导航中: rl(vx=0.29, ω=0.40) -> final(vx=0.29, ω=0.40), raw仅观测(vx=0.40, ω=-0.03), 距离=2.99m, 队列=0
[INFO] [1774659405.676814614] [usv_02.velocity_controller_node]: 🚀 纯RL导航中: rl(vx=0.12, ω=0.40) -> final(vx=0.12, ω=0.40), raw仅观测(vx=0.00, ω=0.00), 距离=0.43m, 队列=0
[INFO] [1774659406.011918706] [usv_03.velocity_controller_node]: 🚀 纯RL导航中: rl(vx=0.12, ω=0.40) -> final(vx=0.12, ω=0.40), raw仅观测(vx=0.00, ω=0.00), 距离=4.15m, 队列=0
[INFO] [1774659406.107808064] [usv_01.velocity_controller_node]: 🚀 纯RL导航中: rl(vx=0.12, ω=0.40) -> final(vx=0.12, ω=0.40), raw仅观测(vx=0.11, ω=0.40), 距离=8.69m, 队列=0
[INFO] [1774659406.358094890] [usv_03.velocity_controller_node]: 🚀 纯RL导航中: rl(vx=0.12, ω=-0.40) -> final(vx=0.12, ω=-0.40), raw仅观测(vx=0.00, ω=0.00), 距离=5.48m, 队列=0
[INFO] [1774659406.689787523] [usv_01.velocity_controller_node]: 🚀 纯RL导航中: rl(vx=0.12, ω=-0.40) -> final(vx=0.12, ω=-0.40), raw仅观测(vx=0.00, ω=0.00), 距离=5.99m, 队列=0
[INFO] [1774659407.036783220] [usv_02.velocity_controller_node]: 🚀 纯RL导航中: rl(vx=0.40, ω=-0.40) -> final(vx=0.40, ω=-0.40), raw仅观测(vx=0.39, ω=0.13), 距离=2.30m, 队列=0
[INFO] [1774659407.676885484] [usv_02.velocity_controller_node]: 🚀 纯RL导航中: rl(vx=0.40, ω=-0.40) -> final(vx=0.40, ω=-0.40), raw仅观测(vx=0.00, ω=0.00), 距离=0.89m, 队列=0
[INFO] [1774659408.013014594] [usv_03.velocity_controller_node]: 🚀 纯RL导航中: rl(vx=0.12, ω=0.40) -> final(vx=0.12, ω=0.40), raw仅观测(vx=0.00, ω=0.00), 距离=3.75m, 队列=0
[INFO] [1774659408.108020536] [usv_01.velocity_controller_node]: 🚀 纯RL导航中: rl(vx=0.22, ω=0.40) -> final(vx=0.22, ω=0.40), raw仅观测(vx=0.12, ω=0.40), 距离=8.25m, 队列=0
[INFO] [1774659408.360211295] [usv_03.velocity_controller_node]: 🚀 纯RL导航中: rl(vx=0.40, ω=-0.40) -> final(vx=0.40, ω=-0.40), raw仅观测(vx=0.00, ω=0.00), 距离=4.84m, 队列=0
[INFO] [1774659408.681529049] [usv_01.velocity_controller_node]: 🚀 纯RL导航中: rl(vx=0.40, ω=0.40) -> final(vx=0.40, ω=0.40), raw仅观测(vx=0.00, ω=0.00), 距离=5.47m, 队列=0
[INFO] [1774659409.035258363] [usv_02.velocity_controller_node]: 🚀 纯RL导航中: rl(vx=0.40, ω=0.40) -> final(vx=0.40, ω=0.40), raw仅观测(vx=0.39, ω=0.12), 距离=2.00m, 队列=0
[INFO] [1774659409.683399065] [usv_02.velocity_controller_node]: 🚀 纯RL导航中: rl(vx=0.40, ω=0.40) -> final(vx=0.40, ω=0.40), raw仅观测(vx=0.00, ω=0.00), 距离=1.44m, 队列=0
[INFO] [1774659410.031217081] [usv_03.velocity_controller_node]: 🚀 纯RL导航中: rl(vx=0.12, ω=0.40) -> final(vx=0.12, ω=0.40), raw仅观测(vx=0.00, ω=0.00), 距离=3.12m, 队列=0
[INFO] [1774659410.106877990] [usv_01.velocity_controller_node]: 🚀 纯RL导航中: rl(vx=0.12, ω=0.22) -> final(vx=0.12, ω=0.22), raw仅观测(vx=0.12, ω=0.40), 距离=7.80m, 队列=0
[INFO] [1774659410.360086973] [usv_03.velocity_controller_node]: 🚀 纯RL导航中: rl(vx=0.40, ω=-0.40) -> final(vx=0.40, ω=-0.40), raw仅观测(vx=0.00, ω=0.00), 距离=4.43m, 队列=0
[INFO] [1774659410.687486840] [usv_01.velocity_controller_node]: 🚀 纯RL导航中: rl(vx=0.32, ω=0.40) -> final(vx=0.32, ω=0.40), raw仅观测(vx=0.00, ω=0.00), 距离=5.03m, 队列=0
[INFO] [1774659411.039485532] [usv_02.velocity_controller_node]: 🚀 纯RL导航中: rl(vx=0.40, ω=-0.40) -> final(vx=0.40, ω=-0.40), raw仅观测(vx=0.05, ω=0.40), 距离=1.48m, 队列=0
[INFO] [1774659411.679452309] [usv_02.velocity_controller_node]: 🚀 纯RL导航中: rl(vx=0.12, ω=0.40) -> final(vx=0.12, ω=0.40), raw仅观测(vx=0.00, ω=0.00), 距离=1.65m, 队列=0
[INFO] [1774659412.025622800] [usv_03.velocity_controller_node]: 🚀 纯RL导航中: rl(vx=0.40, ω=0.40) -> final(vx=0.40, ω=0.40), raw仅观测(vx=0.00, ω=0.00), 距离=2.78m, 队列=0
[INFO] [1774659412.111994195] [usv_01.velocity_controller_node]: 🚀 纯RL导航中: rl(vx=0.40, ω=0.40) -> final(vx=0.40, ω=0.40), raw仅观测(vx=0.30, ω=0.11), 距离=7.41m, 队列=0
[INFO] [1774659412.364306162] [usv_03.velocity_controller_node]: 🚀 纯RL导航中: rl(vx=0.12, ω=-0.40) -> final(vx=0.12, ω=-0.40), raw仅观测(vx=0.00, ω=0.00), 距离=3.86m, 队列=0
[INFO] [1774659412.689060183] [usv_01.velocity_controller_node]: 🚀 纯RL导航中: rl(vx=0.40, ω=-0.40) -> final(vx=0.40, ω=-0.40), raw仅观测(vx=0.00, ω=0.00), 距离=4.68m, 队列=0
[INFO] [1774659413.034765667] [usv_02.velocity_controller_node]: 🚀 纯RL导航中: rl(vx=0.32, ω=-0.38) -> final(vx=0.32, ω=-0.38), raw仅观测(vx=0.05, ω=0.28), 距离=0.99m, 队列=0
[INFO] [1774659413.683311392] [usv_02.velocity_controller_node]: 🚀 纯RL导航中: rl(vx=0.12, ω=-0.40) -> final(vx=0.12, ω=-0.40), raw仅观测(vx=0.00, ω=0.00), 距离=2.13m, 队列=0
[INFO] [1774659414.014216019] [usv_03.velocity_controller_node]: 🚀 纯RL导航中: rl(vx=0.40, ω=0.40) -> final(vx=0.40, ω=0.40), raw仅观测(vx=0.00, ω=0.00), 距离=2.38m, 队列=0
[INFO] [1774659414.104633484] [usv_01.velocity_controller_node]: 🚀 纯RL导航中: rl(vx=0.12, ω=-0.40) -> final(vx=0.12, ω=-0.40), raw仅观测(vx=0.11, ω=0.40), 距离=6.91m, 队列=0
[INFO] [1774659414.358912985] [usv_03.velocity_controller_node]: 🚀 纯RL导航中: rl(vx=0.12, ω=0.40) -> final(vx=0.12, ω=0.40), raw仅观测(vx=0.00, ω=0.00), 距离=3.48m, 队列=0
[INFO] [1774659414.687416671] [usv_01.velocity_controller_node]: 🚀 纯RL导航中: rl(vx=0.12, ω=0.40) -> final(vx=0.12, ω=0.40), raw仅观测(vx=0.00, ω=0.00), 距离=4.41m, 队列=0
[INFO] [1774659415.025389521] [usv_02.velocity_controller_node]: 🚀 纯RL导航中: rl(vx=0.12, ω=0.40) -> final(vx=0.12, ω=0.40), raw仅观测(vx=0.00, ω=0.00), 距离=0.61m, 队列=0
[INFO] [1774659415.673262935] [usv_02.velocity_controller_node]: 🚀 纯RL导航中: rl(vx=0.40, ω=0.00) -> final(vx=0.40, ω=0.00), raw仅观测(vx=0.00, ω=0.00), 距离=2.49m, 队列=0
[INFO] [1774659416.024380512] [usv_03.velocity_controller_node]: 🚀 纯RL导航中: rl(vx=0.36, ω=-0.40) -> final(vx=0.36, ω=-0.40), raw仅观测(vx=0.00, ω=0.00), 距离=1.86m, 队列=0
[INFO] [1774659416.105005807] [usv_01.velocity_controller_node]: 🚀 纯RL导航中: rl(vx=0.12, ω=-0.40) -> final(vx=0.12, ω=-0.40), raw仅观测(vx=0.09, ω=0.40), 距离=6.33m, 队列=0
[INFO] [1774659416.358560996] [usv_03.velocity_controller_node]: 🚀 纯RL导航中: rl(vx=0.20, ω=0.40) -> final(vx=0.20, ω=0.40), raw仅观测(vx=0.00, ω=0.00), 距离=2.79m, 队列=0
[INFO] [1774659416.687210084] [usv_01.velocity_controller_node]: 🚀 纯RL导航中: rl(vx=0.40, ω=-0.00) -> final(vx=0.40, ω=-0.00), raw仅观测(vx=0.00, ω=0.00), 距离=3.48m, 队列=0
[INFO] [1774659417.033142172] [usv_02.velocity_controller_node]: 🚀 纯RL导航中: rl(vx=0.15, ω=0.40) -> final(vx=0.15, ω=0.40), raw仅观测(vx=0.00, ω=0.00), 距离=0.57m, 队列=0
[INFO] [1774659417.678010833] [usv_02.velocity_controller_node]: 🚀 纯RL导航中: rl(vx=0.12, ω=0.40) -> final(vx=0.12, ω=0.40), raw仅观测(vx=0.00, ω=0.00), 距离=3.02m, 队列=0
[INFO] [1774659418.011233500] [usv_03.velocity_controller_node]: 🚀 纯RL导航中: rl(vx=0.12, ω=0.40) -> final(vx=0.12, ω=0.40), raw仅观测(vx=0.00, ω=0.00), 距离=1.22m, 队列=0
[INFO] [1774659418.108648085] [usv_01.velocity_controller_node]: 🚀 纯RL导航中: rl(vx=0.12, ω=0.40) -> final(vx=0.12, ω=0.40), raw仅观测(vx=0.09, ω=0.40), 距离=5.98m, 队列=0
[INFO] [1774659418.357510691] [usv_03.velocity_controller_node]: 🚀 纯RL导航中: rl(vx=0.12, ω=0.40) -> final(vx=0.12, ω=0.40), raw仅观测(vx=0.00, ω=0.00), 距离=2.45m, 队列=0
[INFO] [1774659418.687953309] [usv_01.velocity_controller_node]: 🚀 纯RL导航中: rl(vx=0.40, ω=-0.40) -> final(vx=0.40, ω=-0.40), raw仅观测(vx=0.00, ω=0.00), 距离=3.24m, 队列=0
[INFO] [1774659419.037343854] [usv_02.velocity_controller_node]: 🚀 纯RL导航中: rl(vx=0.12, ω=-0.40) -> final(vx=0.12, ω=-0.40), raw仅观测(vx=0.00, ω=0.00), 距离=0.54m, 队列=0
[MAPPO][update=1170] total_steps=673920 rollout_steps=192 sample_count=576 rollout_time=21.54s rollout_sps=26.7 update_time=0.06s update_sps=26781.9 update_share=0.30% loss=312.3111 mean_reward=-2.0398 episodes=0 entropy_coef=0.0300 lr=3.00e-05 gpu=cpu
[INFO] [1774659419.677432629] [usv_02.velocity_controller_node]: 🚀 纯RL导航中: rl(vx=0.40, ω=-0.21) -> final(vx=0.40, ω=-0.21), raw仅观测(vx=0.00, ω=0.00), 距离=3.45m, 队列=0
[INFO] [1774659420.013166338] [usv_03.velocity_controller_node]: 🚀 纯RL导航中: rl(vx=0.40, ω=-0.40) -> final(vx=0.40, ω=-0.40), raw仅观测(vx=0.00, ω=0.00), 距离=0.50m, 队列=0
[INFO] [1774659420.109919612] [usv_01.velocity_controller_node]: 🚀 纯RL导航中: rl(vx=0.12, ω=0.40) -> final(vx=0.12, ω=0.40), raw仅观测(vx=0.29, ω=-0.10), 距离=5.43m, 队列=0
[INFO] [1774659420.360233343] [usv_03.velocity_controller_node]: 🚀 纯RL导航中: rl(vx=0.12, ω=0.23) -> final(vx=0.12, ω=0.23), raw仅观测(vx=0.00, ω=0.00), 距离=1.74m, 队列=0
[INFO] [1774659420.687579406] [usv_01.velocity_controller_node]: 🚀 纯RL导航中: rl(vx=0.40, ω=0.40) -> final(vx=0.40, ω=0.40), raw仅观测(vx=0.00, ω=0.00), 距离=2.53m, 队列=0
[INFO] [1774659421.026215566] [usv_02.velocity_controller_node]: 🚀 纯RL导航中: rl(vx=0.40, ω=0.40) -> final(vx=0.40, ω=0.40), raw仅观测(vx=0.00, ω=0.00), 距离=0.85m, 队列=0
[INFO] [1774659421.675804905] [usv_02.velocity_controller_node]: 🚀 纯RL导航中: rl(vx=0.12, ω=-0.40) -> final(vx=0.12, ω=-0.40), raw仅观测(vx=0.00, ω=0.00), 距离=4.09m, 队列=0
[INFO] [1774659422.058686930] [usv_03.velocity_controller_node]: 🚀 纯RL导航中: rl(vx=0.40, ω=0.32) -> final(vx=0.40, ω=0.32), raw仅观测(vx=0.00, ω=0.00), 距离=0.28m, 队列=0
[INFO] [1774659422.106007748] [usv_01.velocity_controller_node]: 🚀 纯RL导航中: rl(vx=0.12, ω=-0.40) -> final(vx=0.12, ω=-0.40), raw仅观测(vx=0.17, ω=0.30), 距离=4.95m, 队列=0
[INFO] [1774659422.411709838] [usv_03.velocity_controller_node]: 🚀 纯RL导航中: rl(vx=0.12, ω=-0.40) -> final(vx=0.12, ω=-0.40), raw仅观测(vx=0.00, ω=0.00), 距离=1.12m, 队列=0
[INFO] [1774659422.712483542] [usv_01.velocity_controller_node]: 📨 velocity_controller 收到目标 [ID=1010]: (12.35, -0.41), nav_mode=0, control_mode=velocity
[INFO] [1774659422.712904849] [usv_01.velocity_controller_node]: 📊 导航状态: IDLE → ACTIVE (新导航目标[ID=1010])
[INFO] [1774659422.717663931] [usv_01.velocity_controller_node]: 🎯 新导航目标 [ID=1010]: (12.35, -0.41), 速度=0.40 m/s
[INFO] [1774659422.774476114] [usv_01.velocity_controller_node]: 📨 velocity_controller 收到目标 [ID=1010]: (12.35, -0.41), nav_mode=0, control_mode=velocity
[INFO] [1774659422.816516742] [usv_01.velocity_controller_node]: 📨 velocity_controller 收到目标 [ID=1010]: (12.35, -0.41), nav_mode=0, control_mode=velocity
[INFO] [1774659422.874865851] [usv_01.velocity_controller_node]: 📨 velocity_controller 收到目标 [ID=1010]: (12.35, -0.41), nav_mode=0, control_mode=velocity
[INFO] [1774659422.919127717] [usv_01.velocity_controller_node]: 📨 velocity_controller 收到目标 [ID=1010]: (12.35, -0.41), nav_mode=0, control_mode=velocity
[INFO] [1774659422.971900630] [usv_02.velocity_controller_node]: 📨 velocity_controller 收到目标 [ID=2010]: (0.08, 0.03), nav_mode=0, control_mode=velocity
[INFO] [1774659422.978147538] [usv_02.velocity_controller_node]: 📊 导航状态: IDLE → ACTIVE (新导航目标[ID=2010])
[INFO] [1774659422.982621016] [usv_02.velocity_controller_node]: 🎯 新导航目标 [ID=2010]: (0.08, 0.03), 速度=0.40 m/s
[INFO] [1774659423.018199431] [usv_02.velocity_controller_node]: 📨 velocity_controller 收到目标 [ID=2010]: (0.08, 0.03), nav_mode=0, control_mode=velocity
[INFO] [1774659423.028659712] [usv_02.velocity_controller_node]: 🚀 纯RL导航中: rl(vx=0.12, ω=-0.18) -> final(vx=0.12, ω=-0.18), raw仅观测(vx=0.00, ω=0.00), 距离=1.38m, 队列=0
[INFO] [1774659423.077379255] [usv_02.velocity_controller_node]: 📨 velocity_controller 收到目标 [ID=2010]: (0.08, 0.03), nav_mode=0, control_mode=velocity
[INFO] [1774659423.118725271] [usv_02.velocity_controller_node]: 📨 velocity_controller 收到目标 [ID=2010]: (0.08, 0.03), nav_mode=0, control_mode=velocity
[INFO] [1774659423.154723893] [usv_01.velocity_controller_node]: 🚀 纯RL导航中: rl(vx=0.12, ω=0.40) -> final(vx=0.12, ω=0.40), raw仅观测(vx=0.40, ω=-0.03), 距离=12.24m, 队列=0
[INFO] [1774659423.175418051] [usv_02.velocity_controller_node]: 📨 velocity_controller 收到目标 [ID=2010]: (0.08, 0.03), nav_mode=0, control_mode=velocity
[INFO] [1774659423.219100907] [usv_03.velocity_controller_node]: 📨 velocity_controller 收到目标 [ID=3010]: (-0.06, 13.53), nav_mode=0, control_mode=velocity
[INFO] [1774659423.219566315] [usv_03.velocity_controller_node]: 📊 导航状态: IDLE → ACTIVE (新导航目标[ID=3010])
[INFO] [1774659423.220072324] [usv_03.velocity_controller_node]: 🎯 新导航目标 [ID=3010]: (-0.06, 13.53), 速度=0.40 m/s
[INFO] [1774659423.278455234] [usv_03.velocity_controller_node]: 📨 velocity_controller 收到目标 [ID=3010]: (-0.06, 13.53), nav_mode=0, control_mode=velocity
[INFO] [1774659423.321913286] [usv_03.velocity_controller_node]: 📨 velocity_controller 收到目标 [ID=3010]: (-0.06, 13.53), nav_mode=0, control_mode=velocity
[INFO] [1774659423.377403846] [usv_03.velocity_controller_node]: 📨 velocity_controller 收到目标 [ID=3010]: (-0.06, 13.53), nav_mode=0, control_mode=velocity
[INFO] [1774659423.421043501] [usv_03.velocity_controller_node]: 📨 velocity_controller 收到目标 [ID=3010]: (-0.06, 13.53), nav_mode=0, control_mode=velocity
[INFO] [1774659424.111993756] [usv_01.velocity_controller_node]: 🚀 纯RL导航中: rl(vx=0.40, ω=-0.18) -> final(vx=0.40, ω=-0.18), raw仅观测(vx=0.07, ω=0.40), 距离=4.48m, 队列=0
[INFO] [1774659424.409974912] [usv_03.velocity_controller_node]: 🚀 纯RL导航中: rl(vx=0.40, ω=0.20) -> final(vx=0.40, ω=0.20), raw仅观测(vx=0.00, ω=0.00), 距离=0.61m, 队列=0
[INFO] [1774659424.458252547] [usv_02.velocity_controller_node]: 🚀 纯RL导航中: rl(vx=0.12, ω=0.08) -> final(vx=0.12, ω=0.08), raw仅观测(vx=0.17, ω=0.30), 距离=12.16m, 队列=0
[INFO] [1774659425.026922787] [usv_02.velocity_controller_node]: 🚀 纯RL导航中: rl(vx=0.40, ω=0.40) -> final(vx=0.40, ω=0.40), raw仅观测(vx=0.00, ω=0.00), 距离=1.98m, 队列=0
[INFO] [1774659425.076819550] [usv_03.velocity_controller_node]: 🚀 纯RL导航中: rl(vx=0.12, ω=0.40) -> final(vx=0.12, ω=0.40), raw仅观测(vx=0.32, ω=0.22), 距离=1.98m, 队列=0
[INFO] [1774659425.156522129] [usv_01.velocity_controller_node]: 🚀 纯RL导航中: rl(vx=0.24, ω=-0.40) -> final(vx=0.24, ω=-0.40), raw仅观测(vx=0.40, ω=0.18), 距离=11.96m, 队列=0
[INFO] [1774659426.090317385] [usv_01.velocity_controller_node]: 🚀 纯RL导航中: rl(vx=0.40, ω=-0.40) -> final(vx=0.40, ω=-0.40), raw仅观测(vx=0.00, ω=0.00), 距离=4.13m, 队列=0
[INFO] [1774659426.411777047] [usv_03.velocity_controller_node]: 🚀 纯RL导航中: rl(vx=0.40, ω=0.40) -> final(vx=0.40, ω=0.40), raw仅观测(vx=0.00, ω=0.00), 距离=0.16m, 队列=0
[INFO] [1774659426.432944213] [usv_02.velocity_controller_node]: 🚀 纯RL导航中: rl(vx=0.30, ω=0.40) -> final(vx=0.30, ω=0.40), raw仅观测(vx=0.12, ω=0.40), 距离=11.59m, 队列=0
[INFO] [1774659427.028492716] [usv_02.velocity_controller_node]: 🚀 纯RL导航中: rl(vx=0.40, ω=-0.40) -> final(vx=0.40, ω=-0.40), raw仅观测(vx=0.00, ω=0.00), 距离=2.36m, 队列=0
[INFO] [1774659427.073091788] [usv_03.velocity_controller_node]: 🚀 纯RL导航中: rl(vx=0.12, ω=0.40) -> final(vx=0.12, ω=0.40), raw仅观测(vx=0.05, ω=0.31), 距离=1.42m, 队列=0
[INFO] [1774659427.158664768] [usv_01.velocity_controller_node]: 🚀 纯RL导航中: rl(vx=0.40, ω=0.34) -> final(vx=0.40, ω=0.34), raw仅观测(vx=0.25, ω=-0.22), 距离=11.14m, 队列=0
[INFO] [1774659428.087504238] [usv_01.velocity_controller_node]: 🚀 纯RL导航中: rl(vx=0.12, ω=-0.40) -> final(vx=0.12, ω=-0.40), raw仅观测(vx=0.00, ω=0.00), 距离=3.66m, 队列=0
[INFO] [1774659428.409193303] [usv_03.velocity_controller_node]: 🚀 纯RL导航中: rl(vx=0.40, ω=-0.40) -> final(vx=0.40, ω=-0.40), raw仅观测(vx=0.00, ω=0.00), 距离=0.51m, 队列=0
[INFO] [1774659428.436852382] [usv_02.velocity_controller_node]: 🚀 纯RL导航中: rl(vx=0.12, ω=-0.40) -> final(vx=0.12, ω=-0.40), raw仅观测(vx=0.33, ω=0.19), 距离=11.06m, 队列=0
[INFO] [1774659429.028638720] [usv_02.velocity_controller_node]: 🚀 纯RL导航中: rl(vx=0.40, ω=0.40) -> final(vx=0.40, ω=0.40), raw仅观测(vx=0.00, ω=0.00), 距离=2.73m, 队列=0
[INFO] [1774659429.073792601] [usv_03.velocity_controller_node]: 🚀 纯RL导航中: rl(vx=0.12, ω=0.35) -> final(vx=0.12, ω=0.35), raw仅观测(vx=0.06, ω=0.37), 距离=1.24m, 队列=0
[INFO] [1774659429.163947361] [usv_01.velocity_controller_node]: 🚀 纯RL导航中: rl(vx=0.12, ω=-0.40) -> final(vx=0.12, ω=-0.40), raw仅观测(vx=0.40, ω=0.10), 距离=10.71m, 队列=0
[INFO] [1774659430.089280369] [usv_01.velocity_controller_node]: 🚀 纯RL导航中: rl(vx=0.40, ω=0.40) -> final(vx=0.40, ω=0.40), raw仅观测(vx=0.00, ω=0.00), 距离=3.49m, 队列=0
[INFO] [1774659430.407432474] [usv_03.velocity_controller_node]: 🚀 纯RL导航中: rl(vx=0.40, ω=-0.40) -> final(vx=0.40, ω=-0.40), raw仅观测(vx=0.00, ω=0.00), 距离=0.92m, 队列=0
[INFO] [1774659430.534746576] [usv_02.velocity_controller_node]: 🚀 纯RL导航中: rl(vx=0.40, ω=-0.40) -> final(vx=0.40, ω=-0.40), raw仅观测(vx=0.37, ω=0.29), 距离=10.58m, 队列=0
[INFO] [1774659431.028834424] [usv_02.velocity_controller_node]: 🚀 纯RL导航中: rl(vx=0.30, ω=0.40) -> final(vx=0.30, ω=0.40), raw仅观测(vx=0.00, ω=0.00), 距离=3.15m, 队列=0
[INFO] [1774659431.061193384] [usv_03.velocity_controller_node]: 🚀 纯RL导航中: rl(vx=0.40, ω=0.40) -> final(vx=0.40, ω=0.40), raw仅观测(vx=0.00, ω=0.00), 距离=0.61m, 队列=0
[INFO] [1774659431.159491785] [usv_01.velocity_controller_node]: 🚀 纯RL导航中: rl(vx=0.40, ω=-0.40) -> final(vx=0.40, ω=-0.40), raw仅观测(vx=0.40, ω=0.14), 距离=10.17m, 队列=0
[INFO] [1774659432.095898585] [usv_01.velocity_controller_node]: 🚀 纯RL导航中: rl(vx=0.40, ω=-0.40) -> final(vx=0.40, ω=-0.40), raw仅观测(vx=0.00, ω=0.00), 距离=3.54m, 队列=0
[INFO] [1774659432.409471510] [usv_03.velocity_controller_node]: 🚀 纯RL导航中: rl(vx=0.12, ω=-0.34) -> final(vx=0.12, ω=-0.34), raw仅观测(vx=0.00, ω=0.00), 距离=1.23m, 队列=0
[INFO] [1774659432.534375871] [usv_02.velocity_controller_node]: 🚀 纯RL导航中: rl(vx=0.40, ω=-0.33) -> final(vx=0.40, ω=-0.33), raw仅观测(vx=0.18, ω=0.31), 距离=10.16m, 队列=0
[INFO] [1774659433.026256381] [usv_02.velocity_controller_node]: 🚀 纯RL导航中: rl(vx=0.40, ω=-0.40) -> final(vx=0.40, ω=-0.40), raw仅观测(vx=0.00, ω=0.00), 距离=3.32m, 队列=0
[INFO] [1774659433.062770612] [usv_03.velocity_controller_node]: 🚀 纯RL导航中: rl(vx=0.12, ω=-0.40) -> final(vx=0.12, ω=-0.40), raw仅观测(vx=0.00, ω=0.00), 距离=0.33m, 队列=0
[INFO] [1774659433.161684324] [usv_01.velocity_controller_node]: 🚀 纯RL导航中: rl(vx=0.40, ω=0.35) -> final(vx=0.40, ω=0.35), raw仅观测(vx=0.11, ω=0.40), 距离=9.55m, 队列=0
[INFO] [1774659434.088564859] [usv_01.velocity_controller_node]: 🚀 纯RL导航中: rl(vx=0.40, ω=0.40) -> final(vx=0.40, ω=0.40), raw仅观测(vx=0.00, ω=0.00), 距离=3.16m, 队列=0
[INFO] [1774659434.408464193] [usv_03.velocity_controller_node]: 🚀 纯RL导航中: rl(vx=0.12, ω=-0.40) -> final(vx=0.12, ω=-0.40), raw仅观测(vx=0.00, ω=0.00), 距离=1.75m, 队列=0
[INFO] [1774659434.534449272] [usv_02.velocity_controller_node]: 🚀 纯RL导航中: rl(vx=0.13, ω=-0.03) -> final(vx=0.13, ω=-0.03), raw仅观测(vx=0.21, ω=0.37), 距离=9.69m, 队列=0
[INFO] [1774659435.025458266] [usv_02.velocity_controller_node]: 🚀 纯RL导航中: rl(vx=0.12, ω=0.40) -> final(vx=0.12, ω=0.40), raw仅观测(vx=0.00, ω=0.00), 距离=3.57m, 队列=0
[INFO] [1774659435.062216602] [usv_03.velocity_controller_node]: 🚀 纯RL导航中: rl(vx=0.40, ω=-0.40) -> final(vx=0.40, ω=-0.40), raw仅观测(vx=0.00, ω=0.00), 距离=0.83m, 队列=0
[INFO] [1774659435.155915323] [usv_01.velocity_controller_node]: 🚀 纯RL导航中: rl(vx=0.12, ω=-0.40) -> final(vx=0.12, ω=-0.40), raw仅观测(vx=0.16, ω=0.38), 距离=9.06m, 队列=0
[INFO] [1774659436.087299435] [usv_01.velocity_controller_node]: 🚀 纯RL导航中: rl(vx=0.12, ω=0.40) -> final(vx=0.12, ω=0.40), raw仅观测(vx=0.00, ω=0.00), 距离=3.10m, 队列=0
[INFO] [1774659436.407457873] [usv_03.velocity_controller_node]: 🚀 纯RL导航中: rl(vx=0.40, ω=0.38) -> final(vx=0.40, ω=0.38), raw仅观测(vx=0.00, ω=0.00), 距离=2.42m, 队列=0
[INFO] [1774659436.533556355] [usv_02.velocity_controller_node]: 🚀 纯RL导航中: rl(vx=0.40, ω=-0.40) -> final(vx=0.40, ω=-0.40), raw仅观测(vx=0.14, ω=0.40), 距离=9.19m, 队列=0
[INFO] [1774659437.027986208] [usv_02.velocity_controller_node]: 🚀 纯RL导航中: rl(vx=0.12, ω=-0.40) -> final(vx=0.12, ω=-0.40), raw仅观测(vx=0.00, ω=0.00), 距离=3.87m, 队列=0
[INFO] [1774659437.073907002] [usv_03.velocity_controller_node]: 🚀 纯RL导航中: rl(vx=0.12, ω=0.40) -> final(vx=0.12, ω=0.40), raw仅观测(vx=0.00, ω=0.00), 距离=1.36m, 队列=0
[INFO] [1774659437.161654920] [usv_01.velocity_controller_node]: 🚀 纯RL导航中: rl(vx=0.40, ω=0.40) -> final(vx=0.40, ω=0.40), raw仅观测(vx=0.39, ω=0.12), 距离=8.30m, 队列=0
[INFO] [1774659438.088113247] [usv_01.velocity_controller_node]: 🚀 纯RL导航中: rl(vx=0.20, ω=0.40) -> final(vx=0.20, ω=0.40), raw仅观测(vx=0.00, ω=0.00), 距离=2.62m, 队列=0
[INFO] [1774659438.420623299] [usv_03.velocity_controller_node]: 🚀 纯RL导航中: rl(vx=0.40, ω=0.40) -> final(vx=0.40, ω=0.40), raw仅观测(vx=0.00, ω=0.00), 距离=3.05m, 队列=0
[INFO] [1774659438.540019265] [usv_02.velocity_controller_node]: 🚀 纯RL导航中: rl(vx=0.12, ω=0.40) -> final(vx=0.12, ω=0.40), raw仅观测(vx=0.37, ω=0.03), 距离=8.78m, 队列=0
[INFO] [1774659438.876063478] [usv_01.velocity_controller_node]: 📨 velocity_controller 收到目标 [ID=1010]: (11.38, 0.26), nav_mode=0, control_mode=velocity
[INFO] [1774659438.876502485] [usv_01.velocity_controller_node]: 📊 导航状态: IDLE → ACTIVE (新导航目标[ID=1010])
[INFO] [1774659438.876946493] [usv_01.velocity_controller_node]: 🎯 新导航目标 [ID=1010]: (11.38, 0.26), 速度=0.40 m/s
[INFO] [1774659438.924793621] [usv_01.velocity_controller_node]: 📨 velocity_controller 收到目标 [ID=1010]: (11.38, 0.26), nav_mode=0, control_mode=velocity
[INFO] [1774659438.977550533] [usv_01.velocity_controller_node]: 📨 velocity_controller 收到目标 [ID=1010]: (11.38, 0.26), nav_mode=0, control_mode=velocity
[INFO] [1774659439.026488580] [usv_01.velocity_controller_node]: 📨 velocity_controller 收到目标 [ID=1010]: (11.38, 0.26), nav_mode=0, control_mode=velocity
[INFO] [1774659439.061571587] [usv_03.velocity_controller_node]: 🚀 纯RL导航中: rl(vx=0.40, ω=0.40) -> final(vx=0.40, ω=0.40), raw仅观测(vx=0.00, ω=0.00), 距离=1.76m, 队列=0
[INFO] [1774659439.078475479] [usv_01.velocity_controller_node]: 📨 velocity_controller 收到目标 [ID=1010]: (11.38, 0.26), nav_mode=0, control_mode=velocity
[INFO] [1774659439.128946952] [usv_02.velocity_controller_node]: 📨 velocity_controller 收到目标 [ID=2010]: (-0.12, -0.04), nav_mode=0, control_mode=velocity
[INFO] [1774659439.133289128] [usv_02.velocity_controller_node]: 📊 导航状态: IDLE → ACTIVE (新导航目标[ID=2010])
[INFO] [1774659439.133852737] [usv_02.velocity_controller_node]: 🎯 新导航目标 [ID=2010]: (-0.12, -0.04), 速度=0.40 m/s
[INFO] [1774659439.137918408] [usv_01.velocity_controller_node]: 🚀 纯RL导航中: rl(vx=0.12, ω=-0.40) -> final(vx=0.12, ω=-0.40), raw仅观测(vx=0.00, ω=0.00), 距离=7.91m, 队列=0
[INFO] [1774659439.181904169] [usv_02.velocity_controller_node]: 📨 velocity_controller 收到目标 [ID=2010]: (-0.12, -0.04), nav_mode=0, control_mode=velocity
[INFO] [1774659439.260942736] [usv_02.velocity_controller_node]: 📨 velocity_controller 收到目标 [ID=2010]: (-0.12, -0.04), nav_mode=0, control_mode=velocity
[INFO] [1774659439.290212442] [usv_02.velocity_controller_node]: 📨 velocity_controller 收到目标 [ID=2010]: (-0.12, -0.04), nav_mode=0, control_mode=velocity
[INFO] [1774659439.361864682] [usv_02.velocity_controller_node]: 📨 velocity_controller 收到目标 [ID=2010]: (-0.12, -0.04), nav_mode=0, control_mode=velocity
[INFO] [1774659439.389210455] [usv_03.velocity_controller_node]: 📨 velocity_controller 收到目标 [ID=3010]: (0.14, 12.99), nav_mode=0, control_mode=velocity
[INFO] [1774659439.397520499] [usv_03.velocity_controller_node]: 📊 导航状态: IDLE → ACTIVE (新导航目标[ID=3010])
[INFO] [1774659439.408590590] [usv_03.velocity_controller_node]: 🎯 新导航目标 [ID=3010]: (0.14, 12.99), 速度=0.40 m/s
[INFO] [1774659439.464887264] [usv_03.velocity_controller_node]: 📨 velocity_controller 收到目标 [ID=3010]: (0.14, 12.99), nav_mode=0, control_mode=velocity
[INFO] [1774659439.507534002] [usv_03.velocity_controller_node]: 📨 velocity_controller 收到目标 [ID=3010]: (0.14, 12.99), nav_mode=0, control_mode=velocity
[INFO] [1774659439.572429024] [usv_03.velocity_controller_node]: 📨 velocity_controller 收到目标 [ID=3010]: (0.14, 12.99), nav_mode=0, control_mode=velocity
[INFO] [1774659439.607669934] [usv_03.velocity_controller_node]: 📨 velocity_controller 收到目标 [ID=3010]: (0.14, 12.99), nav_mode=0, control_mode=velocity
[INFO] [1774659439.788775167] [usv_02.velocity_controller_node]: 🚀 纯RL导航中: rl(vx=0.12, ω=-0.09) -> final(vx=0.12, ω=-0.09), raw仅观测(vx=0.37, ω=-0.34), 距离=11.93m, 队列=0
[INFO] [1774659440.541173183] [usv_02.velocity_controller_node]: 🚀 纯RL导航中: rl(vx=0.12, ω=0.40) -> final(vx=0.12, ω=0.40), raw仅观测(vx=0.32, ω=-0.16), 距离=8.10m, 队列=0
[INFO] [1774659440.549378725] [usv_01.velocity_controller_node]: 🚀 纯RL导航中: rl(vx=0.31, ω=0.40) -> final(vx=0.31, ω=0.40), raw仅观测(vx=0.12, ω=0.40), 距离=11.01m, 队列=0
[INFO] [1774659441.060079159] [usv_03.velocity_controller_node]: 🚀 纯RL导航中: rl(vx=0.40, ω=-0.27) -> final(vx=0.40, ω=-0.27), raw仅观测(vx=0.00, ω=0.00), 距离=2.19m, 队列=0
[INFO] [1774659441.139165327] [usv_01.velocity_controller_node]: 🚀 纯RL导航中: rl(vx=0.40, ω=-0.40) -> final(vx=0.40, ω=-0.40), raw仅观测(vx=0.00, ω=0.00), 距离=7.52m, 队列=0
[INFO] [1774659441.390879082] [usv_03.velocity_controller_node]: 🚀 纯RL导航中: rl(vx=0.40, ω=-0.40) -> final(vx=0.40, ω=-0.40), raw仅观测(vx=0.25, ω=0.17), 距离=1.99m, 队列=0
[MAPPO][update=1171] total_steps=674496 rollout_steps=192 sample_count=576 rollout_time=21.88s rollout_sps=26.3 update_time=0.08s update_sps=20603.4 update_share=0.38% loss=764.2281 mean_reward=-2.4701 episodes=2 entropy_coef=0.0300 lr=3.00e-05 gpu=cpu
[INFO] [1774659441.785725012] [usv_02.velocity_controller_node]: 🚀 纯RL导航中: rl(vx=0.40, ω=-0.40) -> final(vx=0.40, ω=-0.40), raw仅观测(vx=0.25, ω=-0.08), 距离=11.25m, 队列=0
[INFO] [1774659442.521165635] [usv_02.velocity_controller_node]: 🚀 纯RL导航中: rl(vx=0.12, ω=-0.40) -> final(vx=0.12, ω=-0.40), raw仅观测(vx=0.00, ω=0.00), 距离=7.71m, 队列=0
[INFO] [1774659442.557665566] [usv_01.velocity_controller_node]: 🚀 纯RL导航中: rl(vx=0.12, ω=0.22) -> final(vx=0.12, ω=0.22), raw仅观测(vx=0.25, ω=-0.29), 距离=10.70m, 队列=0
[INFO] [1774659443.062447999] [usv_03.velocity_controller_node]: 🚀 纯RL导航中: rl(vx=0.40, ω=-0.40) -> final(vx=0.40, ω=-0.40), raw仅观测(vx=0.00, ω=0.00), 距离=2.71m, 队列=0
[INFO] [1774659443.141108960] [usv_01.velocity_controller_node]: 🚀 纯RL导航中: rl(vx=0.12, ω=-0.40) -> final(vx=0.12, ω=-0.40), raw仅观测(vx=0.00, ω=0.00), 距离=6.69m, 队列=0
[INFO] [1774659443.370326225] [usv_03.velocity_controller_node]: 🚀 纯RL导航中: rl(vx=0.12, ω=0.40) -> final(vx=0.12, ω=0.40), raw仅观测(vx=0.07, ω=0.24), 距离=1.31m, 队列=0
[INFO] [1774659443.838651327] [usv_02.velocity_controller_node]: 🚀 纯RL导航中: rl(vx=0.40, ω=0.40) -> final(vx=0.40, ω=0.40), raw仅观测(vx=0.21, ω=0.34), 距离=11.16m, 队列=0
[INFO] [1774659444.526305624] [usv_02.velocity_controller_node]: 🚀 纯RL导航中: rl(vx=0.12, ω=-0.40) -> final(vx=0.12, ω=-0.40), raw仅观测(vx=0.00, ω=0.00), 距离=7.24m, 队列=0
[INFO] [1774659444.553241390] [usv_01.velocity_controller_node]: 🚀 纯RL导航中: rl(vx=0.40, ω=-0.40) -> final(vx=0.40, ω=-0.40), raw仅观测(vx=0.12, ω=-0.39), 距离=10.11m, 队列=0
[INFO] [1774659445.110342627] [usv_03.velocity_controller_node]: 🚀 纯RL导航中: rl(vx=0.12, ω=0.40) -> final(vx=0.12, ω=0.40), raw仅观测(vx=0.00, ω=0.00), 距离=3.15m, 队列=0
[INFO] [1774659445.138159109] [usv_01.velocity_controller_node]: 🚀 纯RL导航中: rl(vx=0.40, ω=-0.05) -> final(vx=0.40, ω=-0.05), raw仅观测(vx=0.00, ω=0.00), 距离=6.24m, 队列=0
[INFO] [1774659445.423379243] [usv_03.velocity_controller_node]: 🚀 纯RL导航中: rl(vx=0.12, ω=0.40) -> final(vx=0.12, ω=0.40), raw仅观测(vx=0.05, ω=-0.32), 距离=0.67m, 队列=0
[INFO] [1774659445.887801977] [usv_02.velocity_controller_node]: 🚀 纯RL导航中: rl(vx=0.12, ω=0.10) -> final(vx=0.12, ω=0.10), raw仅观测(vx=0.18, ω=0.35), 距离=10.46m, 队列=0
[INFO] [1774659446.535568783] [usv_02.velocity_controller_node]: 🚀 纯RL导航中: rl(vx=0.12, ω=-0.40) -> final(vx=0.12, ω=-0.40), raw仅观测(vx=0.00, ω=0.00), 距离=6.49m, 队列=0
[INFO] [1774659446.585279143] [usv_01.velocity_controller_node]: 🚀 纯RL导航中: rl(vx=0.12, ω=-0.40) -> final(vx=0.12, ω=-0.40), raw仅观测(vx=0.22, ω=0.23), 距离=9.36m, 队列=0
[INFO] [1774659447.112497664] [usv_03.velocity_controller_node]: 🚀 纯RL导航中: rl(vx=0.40, ω=-0.40) -> final(vx=0.40, ω=-0.40), raw仅观测(vx=0.00, ω=0.00), 距离=3.58m, 队列=0
[INFO] [1774659447.137530197] [usv_01.velocity_controller_node]: 🚀 纯RL导航中: rl(vx=0.12, ω=0.40) -> final(vx=0.12, ω=0.40), raw仅观测(vx=0.00, ω=0.00), 距离=5.79m, 队列=0
[INFO] [1774659447.408977793] [usv_03.velocity_controller_node]: 🚀 纯RL导航中: rl(vx=0.12, ω=0.40) -> final(vx=0.12, ω=0.40), raw仅观测(vx=0.00, ω=0.00), 距离=0.42m, 队列=0
[INFO] [1774659447.935979910] [usv_02.velocity_controller_node]: 🚀 纯RL导航中: rl(vx=0.40, ω=-0.40) -> final(vx=0.40, ω=-0.40), raw仅观测(vx=0.37, ω=-0.09), 距离=9.92m, 队列=0
[INFO] [1774659448.523615576] [usv_02.velocity_controller_node]: 🚀 纯RL导航中: rl(vx=0.40, ω=0.21) -> final(vx=0.40, ω=0.21), raw仅观测(vx=0.00, ω=0.00), 距离=6.11m, 队列=0
[INFO] [1774659448.623265000] [usv_01.velocity_controller_node]: 🚀 纯RL导航中: rl(vx=0.12, ω=0.40) -> final(vx=0.12, ω=0.40), raw仅观测(vx=0.12, ω=0.40), 距离=8.77m, 队列=0
[INFO] [1774659449.110349627] [usv_03.velocity_controller_node]: 🚀 纯RL导航中: rl(vx=0.40, ω=-0.40) -> final(vx=0.40, ω=-0.40), raw仅观测(vx=0.00, ω=0.00), 距离=4.09m, 队列=0
[INFO] [1774659449.139090324] [usv_01.velocity_controller_node]: 🚀 纯RL导航中: rl(vx=0.40, ω=-0.24) -> final(vx=0.40, ω=-0.24), raw仅观测(vx=0.00, ω=0.00), 距离=5.20m, 队列=0
[INFO] [1774659449.406722854] [usv_03.velocity_controller_node]: 🚀 纯RL导航中: rl(vx=0.40, ω=-0.01) -> final(vx=0.40, ω=-0.01), raw仅观测(vx=0.00, ω=0.00), 距离=0.34m, 队列=0
[INFO] [1774659450.014314569] [usv_02.velocity_controller_node]: 🚀 纯RL导航中: rl(vx=0.12, ω=-0.40) -> final(vx=0.12, ω=-0.40), raw仅观测(vx=0.33, ω=-0.13), 距离=9.60m, 队列=0
[INFO] [1774659450.524221011] [usv_02.velocity_controller_node]: 🚀 纯RL导航中: rl(vx=0.12, ω=-0.40) -> final(vx=0.12, ω=-0.40), raw仅观测(vx=0.00, ω=0.00), 距离=5.52m, 队列=0
[INFO] [1774659450.611706828] [usv_01.velocity_controller_node]: 🚀 纯RL导航中: rl(vx=0.40, ω=0.40) -> final(vx=0.40, ω=0.40), raw仅观测(vx=0.34, ω=0.03), 距离=8.29m, 队列=0
[INFO] [1774659451.110580079] [usv_03.velocity_controller_node]: 🚀 纯RL导航中: rl(vx=0.12, ω=-0.14) -> final(vx=0.12, ω=-0.14), raw仅观测(vx=0.00, ω=0.00), 距离=4.50m, 队列=0
[INFO] [1774659451.138311160] [usv_01.velocity_controller_node]: 🚀 纯RL导航中: rl(vx=0.32, ω=0.40) -> final(vx=0.32, ω=0.40), raw仅观测(vx=0.00, ω=0.00), 距离=4.80m, 队列=0
[INFO] [1774659451.414082642] [usv_03.velocity_controller_node]: 🚀 纯RL导航中: rl(vx=0.40, ω=0.01) -> final(vx=0.40, ω=0.01), raw仅观测(vx=0.00, ω=0.00), 距离=0.93m, 队列=0
[INFO] [1774659451.987320682] [usv_02.velocity_controller_node]: 🚀 纯RL导航中: rl(vx=0.40, ω=-0.40) -> final(vx=0.40, ω=-0.40), raw仅观测(vx=0.23, ω=-0.26), 距离=9.33m, 队列=0
[INFO] [1774659452.523346077] [usv_02.velocity_controller_node]: 🚀 纯RL导航中: rl(vx=0.40, ω=0.40) -> final(vx=0.40, ω=0.40), raw仅观测(vx=0.00, ω=0.00), 距离=5.13m, 队列=0
[INFO] [1774659452.598482980] [usv_01.velocity_controller_node]: 🚀 纯RL导航中: rl(vx=0.12, ω=-0.40) -> final(vx=0.12, ω=-0.40), raw仅观测(vx=0.38, ω=0.15), 距离=7.58m, 队列=0
[INFO] [1774659453.127046146] [usv_03.velocity_controller_node]: 🚀 纯RL导航中: rl(vx=0.12, ω=-0.40) -> final(vx=0.12, ω=-0.40), raw仅观测(vx=0.00, ω=0.00), 距离=4.76m, 队列=0
[INFO] [1774659453.173154745] [usv_01.velocity_controller_node]: 🚀 纯RL导航中: rl(vx=0.12, ω=-0.40) -> final(vx=0.12, ω=-0.40), raw仅观测(vx=0.00, ω=0.00), 距离=3.94m, 队列=0
[INFO] [1774659453.412263992] [usv_03.velocity_controller_node]: 🚀 纯RL导航中: rl(vx=0.40, ω=0.40) -> final(vx=0.40, ω=0.40), raw仅观测(vx=0.00, ω=0.00), 距离=1.59m, 队列=0
[INFO] [1774659454.073340155] [usv_02.velocity_controller_node]: 🚀 纯RL导航中: rl(vx=0.12, ω=-0.17) -> final(vx=0.12, ω=-0.17), raw仅观测(vx=0.40, ω=0.01), 距离=8.64m, 队列=0
[INFO] [1774659454.537799709] [usv_02.velocity_controller_node]: 🚀 纯RL导航中: rl(vx=0.40, ω=0.40) -> final(vx=0.40, ω=0.40), raw仅观测(vx=0.00, ω=0.00), 距离=4.62m, 队列=0
[INFO] [1774659454.604602267] [usv_01.velocity_controller_node]: 🚀 纯RL导航中: rl(vx=0.12, ω=0.12) -> final(vx=0.12, ω=0.12), raw仅观测(vx=0.00, ω=0.00), 距离=7.11m, 队列=0
[INFO] [1774659455.120421712] [usv_03.velocity_controller_node]: 🚀 纯RL导航中: rl(vx=0.40, ω=-0.40) -> final(vx=0.40, ω=-0.40), raw仅观测(vx=0.00, ω=0.00), 距离=5.13m, 队列=0
[INFO] [1774659455.142325192] [usv_01.velocity_controller_node]: 🚀 纯RL导航中: rl(vx=0.40, ω=0.16) -> final(vx=0.40, ω=0.16), raw仅观测(vx=0.00, ω=0.00), 距离=3.79m, 队列=0
[INFO] [1774659455.412813582] [usv_03.velocity_controller_node]: 🚀 纯RL导航中: rl(vx=0.40, ω=0.40) -> final(vx=0.40, ω=0.40), raw仅观测(vx=0.00, ω=0.00), 距离=1.79m, 队列=0
[INFO] [1774659456.177203237] [usv_02.velocity_controller_node]: 🚀 纯RL导航中: rl(vx=0.12, ω=-0.40) -> final(vx=0.12, ω=-0.40), raw仅观测(vx=0.00, ω=0.00), 距离=8.11m, 队列=0
[INFO] [1774659456.523187437] [usv_02.velocity_controller_node]: 🚀 纯RL导航中: rl(vx=0.40, ω=-0.40) -> final(vx=0.40, ω=-0.40), raw仅观测(vx=0.00, ω=0.00), 距离=4.13m, 队列=0
[INFO] [1774659456.589047479] [usv_01.velocity_controller_node]: 🚀 纯RL导航中: rl(vx=0.12, ω=0.21) -> final(vx=0.12, ω=0.21), raw仅观测(vx=0.00, ω=0.00), 距离=6.77m, 队列=0
[INFO] [1774659457.110962229] [usv_03.velocity_controller_node]: 🚀 纯RL导航中: rl(vx=0.40, ω=-0.40) -> final(vx=0.40, ω=-0.40), raw仅观测(vx=0.00, ω=0.00), 距离=5.07m, 队列=0
[INFO] [1774659457.137600591] [usv_01.velocity_controller_node]: 🚀 纯RL导航中: rl(vx=0.12, ω=0.40) -> final(vx=0.12, ω=0.40), raw仅观测(vx=0.00, ω=0.00), 距离=3.14m, 队列=0
[INFO] [1774659457.409820812] [usv_03.velocity_controller_node]: 🚀 纯RL导航中: rl(vx=0.12, ω=0.40) -> final(vx=0.12, ω=0.40), raw仅观测(vx=0.00, ω=0.00), 距离=2.28m, 队列=0
[INFO] [1774659458.175852088] [usv_02.velocity_controller_node]: 🚀 纯RL导航中: rl(vx=0.12, ω=0.39) -> final(vx=0.12, ω=0.39), raw仅观测(vx=0.00, ω=0.00), 距离=7.43m, 队列=0
[INFO] [1774659458.524259319] [usv_02.velocity_controller_node]: 🚀 纯RL导航中: rl(vx=0.40, ω=-0.33) -> final(vx=0.40, ω=-0.33), raw仅观测(vx=0.00, ω=0.00), 距离=3.58m, 队列=0
[INFO] [1774659458.589461948] [usv_01.velocity_controller_node]: 🚀 纯RL导航中: rl(vx=0.12, ω=-0.40) -> final(vx=0.12, ω=-0.40), raw仅观测(vx=0.00, ω=0.00), 距离=6.05m, 队列=0
[INFO] [1774659459.129166491] [usv_03.velocity_controller_node]: 🚀 纯RL导航中: rl(vx=0.12, ω=0.40) -> final(vx=0.12, ω=0.40), raw仅观测(vx=0.00, ω=0.00), 距离=5.06m, 队列=0
[INFO] [1774659459.151816283] [usv_01.velocity_controller_node]: 🚀 纯RL导航中: rl(vx=0.12, ω=-0.08) -> final(vx=0.12, ω=-0.08), raw仅观测(vx=0.00, ω=0.00), 距离=2.90m, 队列=0
[INFO] [1774659459.409682647] [usv_03.velocity_controller_node]: 🚀 纯RL导航中: rl(vx=0.12, ω=-0.40) -> final(vx=0.12, ω=-0.40), raw仅观测(vx=0.00, ω=0.00), 距离=2.96m, 队列=0
[INFO] [1774659460.176769526] [usv_02.velocity_controller_node]: 🚀 纯RL导航中: rl(vx=0.40, ω=-0.40) -> final(vx=0.40, ω=-0.40), raw仅观测(vx=0.00, ω=0.00), 距离=6.90m, 队列=0
[INFO] [1774659460.520341874] [usv_02.velocity_controller_node]: 🚀 纯RL导航中: rl(vx=0.40, ω=0.40) -> final(vx=0.40, ω=0.40), raw仅观测(vx=0.00, ω=0.00), 距离=2.54m, 队列=0
[INFO] [1774659460.590527889] [usv_01.velocity_controller_node]: 🚀 纯RL导航中: rl(vx=0.40, ω=-0.40) -> final(vx=0.40, ω=-0.40), raw仅观测(vx=0.00, ω=0.00), 距离=5.52m, 队列=0
[INFO] [1774659461.113443941] [usv_03.velocity_controller_node]: 🚀 纯RL导航中: rl(vx=0.12, ω=0.40) -> final(vx=0.12, ω=0.40), raw仅观测(vx=0.00, ω=0.00), 距离=4.96m, 队列=0
[INFO] [1774659461.137201252] [usv_01.velocity_controller_node]: 🚀 纯RL导航中: rl(vx=0.12, ω=0.40) -> final(vx=0.12, ω=0.40), raw仅观测(vx=0.00, ω=0.00), 距离=2.44m, 队列=0
[INFO] [1774659461.410216678] [usv_03.velocity_controller_node]: 🚀 纯RL导航中: rl(vx=0.40, ω=0.40) -> final(vx=0.40, ω=0.40), raw仅观测(vx=0.00, ω=0.00), 距离=3.37m, 队列=0
[INFO] [1774659462.520804004] [usv_02.velocity_controller_node]: 🚀 纯RL导航中: rl(vx=0.12, ω=0.40) -> final(vx=0.12, ω=0.40), raw仅观测(vx=0.00, ω=0.00), 距离=1.90m, 队列=0
[INFO] [1774659462.523944658] [usv_01.velocity_controller_node]: 📨 velocity_controller 收到目标 [ID=1011]: (11.97, -0.34), nav_mode=0, control_mode=velocity
[INFO] [1774659462.524422267] [usv_01.velocity_controller_node]: 📊 导航状态: IDLE → ACTIVE (新导航目标[ID=1011])
[INFO] [1774659462.524979176] [usv_01.velocity_controller_node]: 🎯 新导航目标 [ID=1011]: (11.97, -0.34), 速度=0.40 m/s
[INFO] [1774659462.573626218] [usv_01.velocity_controller_node]: 📨 velocity_controller 收到目标 [ID=1011]: (11.97, -0.34), nav_mode=0, control_mode=velocity
[INFO] [1774659462.622445064] [usv_01.velocity_controller_node]: 📨 velocity_controller 收到目标 [ID=1011]: (11.97, -0.34), nav_mode=0, control_mode=velocity
[INFO] [1774659462.675436781] [usv_01.velocity_controller_node]: 📨 velocity_controller 收到目标 [ID=1011]: (11.97, -0.34), nav_mode=0, control_mode=velocity
[INFO] [1774659462.725581649] [usv_01.velocity_controller_node]: 📨 velocity_controller 收到目标 [ID=1011]: (11.97, -0.34), nav_mode=0, control_mode=velocity
[INFO] [1774659462.778343362] [usv_02.velocity_controller_node]: 📨 velocity_controller 收到目标 [ID=2011]: (6.35, 5.50), nav_mode=0, control_mode=velocity
[INFO] [1774659462.783227447] [usv_02.velocity_controller_node]: 📊 导航状态: IDLE → ACTIVE (新导航目标[ID=2011])
[INFO] [1774659462.783762456] [usv_02.velocity_controller_node]: 🎯 新导航目标 [ID=2011]: (6.35, 5.50), 速度=0.40 m/s
[INFO] [1774659462.827821519] [usv_02.velocity_controller_node]: 📨 velocity_controller 收到目标 [ID=2011]: (6.35, 5.50), nav_mode=0, control_mode=velocity
[INFO] [1774659462.889269483] [usv_02.velocity_controller_node]: 📨 velocity_controller 收到目标 [ID=2011]: (6.35, 5.50), nav_mode=0, control_mode=velocity
[INFO] [1774659462.959086991] [usv_02.velocity_controller_node]: 📨 velocity_controller 收到目标 [ID=2011]: (6.35, 5.50), nav_mode=0, control_mode=velocity
[INFO] [1774659462.963506568] [usv_02.velocity_controller_node]: 🚀 纯RL导航中: rl(vx=0.28, ω=-0.40) -> final(vx=0.28, ω=-0.40), raw仅观测(vx=0.37, ω=0.15), 距离=10.60m, 队列=0
[INFO] [1774659463.007801335] [usv_02.velocity_controller_node]: 📨 velocity_controller 收到目标 [ID=2011]: (6.35, 5.50), nav_mode=0, control_mode=velocity
[INFO] [1774659463.039201878] [usv_03.velocity_controller_node]: 📨 velocity_controller 收到目标 [ID=3011]: (-0.15, -0.17), nav_mode=0, control_mode=velocity
[INFO] [1774659463.061717668] [usv_03.velocity_controller_node]: 📊 导航状态: IDLE → ACTIVE (新导航目标[ID=3011])
[INFO] [1774659463.063323996] [usv_01.velocity_controller_node]: 🚀 纯RL导航中: rl(vx=0.40, ω=0.40) -> final(vx=0.40, ω=0.40), raw仅观测(vx=0.28, ω=-0.40), 距离=11.86m, 队列=0
[INFO] [1774659463.068464385] [usv_03.velocity_controller_node]: 🎯 新导航目标 [ID=3011]: (-0.15, -0.17), 速度=0.40 m/s
[INFO] [1774659463.114285478] [usv_03.velocity_controller_node]: 🚀 纯RL导航中: rl(vx=0.12, ω=-0.40) -> final(vx=0.12, ω=-0.40), raw仅观测(vx=0.00, ω=0.00), 距离=5.17m, 队列=0
[INFO] [1774659463.114508582] [usv_03.velocity_controller_node]: 📨 velocity_controller 收到目标 [ID=3011]: (-0.15, -0.17), nav_mode=0, control_mode=velocity
[INFO] [1774659463.140274628] [usv_01.velocity_controller_node]: 🚀 纯RL导航中: rl(vx=0.12, ω=-0.40) -> final(vx=0.12, ω=-0.40), raw仅观测(vx=0.00, ω=0.00), 距离=1.94m, 队列=0
[INFO] [1774659463.142826172] [usv_03.velocity_controller_node]: 📨 velocity_controller 收到目标 [ID=3011]: (-0.15, -0.17), nav_mode=0, control_mode=velocity
[INFO] [1774659463.194435065] [usv_03.velocity_controller_node]: 📨 velocity_controller 收到目标 [ID=3011]: (-0.15, -0.17), nav_mode=0, control_mode=velocity
[INFO] [1774659463.261819432] [usv_03.velocity_controller_node]: 📨 velocity_controller 收到目标 [ID=3011]: (-0.15, -0.17), nav_mode=0, control_mode=velocity
[INFO] [1774659464.571473004] [usv_02.velocity_controller_node]: 🚀 纯RL导航中: rl(vx=0.12, ω=-0.40) -> final(vx=0.12, ω=-0.40), raw仅观测(vx=0.00, ω=0.00), 距离=1.47m, 队列=0
[INFO] [1774659464.600894713] [usv_03.velocity_controller_node]: 🚀 纯RL导航中: rl(vx=0.40, ω=0.40) -> final(vx=0.40, ω=0.40), raw仅观测(vx=0.16, ω=-0.40), 距离=11.67m, 队列=0
[INFO] [1774659465.142147383] [usv_01.velocity_controller_node]: 🚀 纯RL导航中: rl(vx=0.12, ω=-0.40) -> final(vx=0.12, ω=-0.40), raw仅观测(vx=0.00, ω=0.00), 距离=1.62m, 队列=0
[INFO] [1774659465.162735839] [usv_03.velocity_controller_node]: 🚀 纯RL导航中: rl(vx=0.12, ω=-0.40) -> final(vx=0.12, ω=-0.40), raw仅观测(vx=0.00, ω=0.00), 距离=5.14m, 队列=0
[INFO] [1774659465.494386980] [usv_02.velocity_controller_node]: 🚀 纯RL导航中: rl(vx=0.40, ω=0.40) -> final(vx=0.40, ω=0.40), raw仅观测(vx=0.24, ω=-0.40), 距离=9.92m, 队列=0
[MAPPO][update=1172] total_steps=675072 rollout_steps=192 sample_count=576 rollout_time=22.47s rollout_sps=25.6 update_time=1.53s update_sps=1130.7 update_share=6.37% loss=205.0715 mean_reward=-3.3249 episodes=1 entropy_coef=0.0300 lr=3.00e-05 gpu=cpu
Saved MAPPO checkpoint scaffold to /mnt/data/checkpoints/usv_rl/unified45_checkpoints/unified45_step_0675072.pt
[INFO] [1774659465.658658024] [usv_01.velocity_controller_node]: 🚀 纯RL导航中: rl(vx=0.12, ω=0.15) -> final(vx=0.12, ω=0.15), raw仅观测(vx=0.11, ω=-0.40), 距离=11.40m, 队列=0
[INFO] [1774659466.574737883] [usv_02.velocity_controller_node]: 🚀 纯RL导航中: rl(vx=0.40, ω=0.40) -> final(vx=0.40, ω=0.40), raw仅观测(vx=0.00, ω=0.00), 距离=1.50m, 队列=0
[INFO] [1774659466.814572535] [usv_03.velocity_controller_node]: 🚀 纯RL导航中: rl(vx=0.12, ω=0.40) -> final(vx=0.12, ω=0.40), raw仅观测(vx=0.11, ω=-0.40), 距离=11.18m, 队列=0
[INFO] [1774659467.140487977] [usv_01.velocity_controller_node]: 🚀 纯RL导航中: rl(vx=0.40, ω=-0.40) -> final(vx=0.40, ω=-0.40), raw仅观测(vx=0.00, ω=0.00), 距离=1.51m, 队列=0
[INFO] [1774659467.175666086] [usv_03.velocity_controller_node]: 🚀 纯RL导航中: rl(vx=0.12, ω=-0.40) -> final(vx=0.12, ω=-0.40), raw仅观测(vx=0.00, ω=0.00), 距离=5.01m, 队列=0
[INFO] [1774659467.497961665] [usv_02.velocity_controller_node]: 🚀 纯RL导航中: rl(vx=0.40, ω=0.08) -> final(vx=0.40, ω=0.08), raw仅观测(vx=0.12, ω=-0.40), 距离=9.27m, 队列=0
[INFO] [1774659467.661794302] [usv_01.velocity_controller_node]: 🚀 纯RL导航中: rl(vx=0.40, ω=0.40) -> final(vx=0.40, ω=0.40), raw仅观测(vx=0.12, ω=-0.40), 距离=11.13m, 队列=0
[INFO] [1774659468.623977459] [usv_02.velocity_controller_node]: 🚀 纯RL导航中: rl(vx=0.12, ω=-0.40) -> final(vx=0.12, ω=-0.40), raw仅观测(vx=0.00, ω=0.00), 距离=1.58m, 队列=0
[INFO] [1774659468.826592966] [usv_03.velocity_controller_node]: 🚀 纯RL导航中: rl(vx=0.40, ω=0.40) -> final(vx=0.40, ω=0.40), raw仅观测(vx=0.11, ω=-0.40), 距离=10.65m, 队列=0
[INFO] [1774659469.209553796] [usv_01.velocity_controller_node]: 📨 velocity_controller 收到目标 [ID=1011]: (11.81, 0.01), nav_mode=0, control_mode=velocity
[INFO] [1774659469.212945255] [usv_01.velocity_controller_node]: 📊 导航状态: IDLE → ACTIVE (新导航目标[ID=1011])
[INFO] [1774659469.220355783] [usv_01.velocity_controller_node]: 🎯 新导航目标 [ID=1011]: (11.81, 0.01), 速度=0.40 m/s
[INFO] [1774659469.277133166] [usv_01.velocity_controller_node]: 📨 velocity_controller 收到目标 [ID=1011]: (11.81, 0.01), nav_mode=0, control_mode=velocity
[INFO] [1774659469.316249643] [usv_01.velocity_controller_node]: 📨 velocity_controller 收到目标 [ID=1011]: (11.81, 0.01), nav_mode=0, control_mode=velocity
[INFO] [1774659469.356747044] [usv_01.velocity_controller_node]: 📨 velocity_controller 收到目标 [ID=1011]: (11.81, 0.01), nav_mode=0, control_mode=velocity
[INFO] [1774659469.407067115] [usv_01.velocity_controller_node]: 📨 velocity_controller 收到目标 [ID=1011]: (11.81, 0.01), nav_mode=0, control_mode=velocity
[INFO] [1774659469.461189952] [usv_02.velocity_controller_node]: 📨 velocity_controller 收到目标 [ID=2011]: (5.85, 5.87), nav_mode=0, control_mode=velocity
[INFO] [1774659469.461606259] [usv_02.velocity_controller_node]: 📊 导航状态: IDLE → ACTIVE (新导航目标[ID=2011])
[INFO] [1774659469.462173969] [usv_02.velocity_controller_node]: 🎯 新导航目标 [ID=2011]: (5.85, 5.87), 速度=0.40 m/s
[INFO] [1774659469.510991714] [usv_02.velocity_controller_node]: 📨 velocity_controller 收到目标 [ID=2011]: (5.85, 5.87), nav_mode=0, control_mode=velocity
[INFO] [1774659469.557983928] [usv_02.velocity_controller_node]: 📨 velocity_controller 收到目标 [ID=2011]: (5.85, 5.87), nav_mode=0, control_mode=velocity
[INFO] [1774659469.587519639] [usv_02.velocity_controller_node]: 🚀 纯RL导航中: rl(vx=0.40, ω=-0.40) -> final(vx=0.40, ω=-0.40), raw仅观测(vx=0.28, ω=-0.17), 距离=8.50m, 队列=0
[INFO] [1774659469.598032821] [usv_01.velocity_controller_node]: 🚀 纯RL导航中: rl(vx=0.40, ω=0.24) -> final(vx=0.40, ω=0.24), raw仅观测(vx=0.15, ω=-0.40), 距离=11.78m, 队列=0
[INFO] [1774659469.611675657] [usv_02.velocity_controller_node]: 📨 velocity_controller 收到目标 [ID=2011]: (5.85, 5.87), nav_mode=0, control_mode=velocity
[INFO] [1774659469.664435171] [usv_02.velocity_controller_node]: 📨 velocity_controller 收到目标 [ID=2011]: (5.85, 5.87), nav_mode=0, control_mode=velocity
[INFO] [1774659469.699047170] [usv_01.velocity_controller_node]: 🚀 纯RL导航中: rl(vx=0.12, ω=0.40) -> final(vx=0.12, ω=0.40), raw仅观测(vx=0.11, ω=-0.40), 距离=10.38m, 队列=0
[INFO] [1774659469.711541786] [usv_03.velocity_controller_node]: 📨 velocity_controller 收到目标 [ID=3011]: (-0.43, 0.07), nav_mode=0, control_mode=velocity
[INFO] [1774659469.712009194] [usv_03.velocity_controller_node]: 📊 导航状态: IDLE → ACTIVE (新导航目标[ID=3011])
[INFO] [1774659469.712499303] [usv_03.velocity_controller_node]: 🎯 新导航目标 [ID=3011]: (-0.43, 0.07), 速度=0.40 m/s
[INFO] [1774659469.762668971] [usv_03.velocity_controller_node]: 📨 velocity_controller 收到目标 [ID=3011]: (-0.43, 0.07), nav_mode=0, control_mode=velocity
[INFO] [1774659469.811501017] [usv_03.velocity_controller_node]: 📨 velocity_controller 收到目标 [ID=3011]: (-0.43, 0.07), nav_mode=0, control_mode=velocity
[INFO] [1774659469.862618502] [usv_03.velocity_controller_node]: 📨 velocity_controller 收到目标 [ID=3011]: (-0.43, 0.07), nav_mode=0, control_mode=velocity
[INFO] [1774659469.931473194] [usv_03.velocity_controller_node]: 📨 velocity_controller 收到目标 [ID=3011]: (-0.43, 0.07), nav_mode=0, control_mode=velocity
[INFO] [1774659470.245355827] [usv_03.velocity_controller_node]: 🚀 纯RL导航中: rl(vx=0.40, ω=0.40) -> final(vx=0.40, ω=0.40), raw仅观测(vx=0.17, ω=-0.40), 距离=12.90m, 队列=0
[INFO] [1774659470.871095360] [usv_03.velocity_controller_node]: 🚀 纯RL导航中: rl(vx=0.40, ω=-0.40) -> final(vx=0.40, ω=-0.40), raw仅观测(vx=0.11, ω=-0.40), 距离=10.27m, 队列=0
[INFO] [1774659471.335192294] [usv_02.velocity_controller_node]: 🚀 纯RL导航中: rl(vx=0.40, ω=0.38) -> final(vx=0.40, ω=0.38), raw仅观测(vx=0.31, ω=0.06), 距离=11.74m, 队列=0
[INFO] [1774659471.573701323] [usv_02.velocity_controller_node]: 🚀 纯RL导航中: rl(vx=0.40, ω=0.40) -> final(vx=0.40, ω=0.40), raw仅观测(vx=0.00, ω=0.00), 距离=7.99m, 队列=0
[INFO] [1774659471.602789527] [usv_01.velocity_controller_node]: 🚀 纯RL导航中: rl(vx=0.12, ω=0.40) -> final(vx=0.12, ω=0.40), raw仅观测(vx=0.12, ω=-0.40), 距离=11.28m, 队列=0
[INFO] [1774659471.713268840] [usv_01.velocity_controller_node]: 🚀 纯RL导航中: rl(vx=0.29, ω=0.40) -> final(vx=0.29, ω=0.40), raw仅观测(vx=0.10, ω=-0.40), 距离=10.26m, 队列=0
[INFO] [1774659472.283675214] [usv_03.velocity_controller_node]: 🚀 纯RL导航中: rl(vx=0.40, ω=-0.40) -> final(vx=0.40, ω=-0.40), raw仅观测(vx=0.37, ω=-0.01), 距离=12.30m, 队列=0
[INFO] [1774659472.873809330] [usv_03.velocity_controller_node]: 🚀 纯RL导航中: rl(vx=0.29, ω=0.40) -> final(vx=0.29, ω=0.40), raw仅观测(vx=0.11, ω=-0.40), 距离=9.76m, 队列=0
[INFO] [1774659473.357839310] [usv_02.velocity_controller_node]: 🚀 纯RL导航中: rl(vx=0.12, ω=0.40) -> final(vx=0.12, ω=0.40), raw仅观测(vx=0.32, ω=-0.38), 距离=11.21m, 队列=0
[INFO] [1774659473.582251095] [usv_02.velocity_controller_node]: 🚀 纯RL导航中: rl(vx=0.40, ω=-0.40) -> final(vx=0.40, ω=-0.40), raw仅观测(vx=0.00, ω=0.00), 距离=7.45m, 队列=0
[INFO] [1774659473.608127443] [usv_01.velocity_controller_node]: 🚀 纯RL导航中: rl(vx=0.12, ω=0.40) -> final(vx=0.12, ω=0.40), raw仅观测(vx=0.21, ω=-0.14), 距离=10.81m, 队列=0
[INFO] [1774659473.702617379] [usv_01.velocity_controller_node]: 🚀 纯RL导航中: rl(vx=0.40, ω=-0.40) -> final(vx=0.40, ω=-0.40), raw仅观测(vx=0.11, ω=-0.40), 距离=10.04m, 队列=0
[INFO] [1774659474.274445079] [usv_03.velocity_controller_node]: 🚀 纯RL导航中: rl(vx=0.40, ω=-0.23) -> final(vx=0.40, ω=-0.23), raw仅观测(vx=0.40, ω=0.01), 距离=11.78m, 队列=0
[INFO] [1774659474.877358420] [usv_03.velocity_controller_node]: 🚀 纯RL导航中: rl(vx=0.40, ω=-0.40) -> final(vx=0.40, ω=-0.40), raw仅观测(vx=0.11, ω=-0.40), 距离=9.47m, 队列=0
[INFO] [1774659475.336531971] [usv_02.velocity_controller_node]: 🚀 纯RL导航中: rl(vx=0.40, ω=0.40) -> final(vx=0.40, ω=0.40), raw仅观测(vx=0.13, ω=0.40), 距离=10.52m, 队列=0
[INFO] [1774659475.576965035] [usv_02.velocity_controller_node]: 🚀 纯RL导航中: rl(vx=0.40, ω=0.28) -> final(vx=0.40, ω=0.28), raw仅观测(vx=0.00, ω=0.00), 距离=6.90m, 队列=0
[INFO] [1774659475.610274512] [usv_01.velocity_controller_node]: 🚀 纯RL导航中: rl(vx=0.23, ω=-0.40) -> final(vx=0.23, ω=-0.40), raw仅观测(vx=0.40, ω=-0.04), 距离=10.37m, 队列=0
[INFO] [1774659475.695984396] [usv_01.velocity_controller_node]: 🚀 纯RL导航中: rl(vx=0.40, ω=-0.40) -> final(vx=0.40, ω=-0.40), raw仅观测(vx=0.11, ω=-0.40), 距离=9.62m, 队列=0
[INFO] [1774659476.324211075] [usv_03.velocity_controller_node]: 🚀 纯RL导航中: rl(vx=0.12, ω=-0.40) -> final(vx=0.12, ω=-0.40), raw仅观测(vx=0.18, ω=-0.25), 距离=11.15m, 队列=0
[INFO] [1774659476.874438203] [usv_03.velocity_controller_node]: 🚀 纯RL导航中: rl(vx=0.12, ω=-0.29) -> final(vx=0.12, ω=-0.29), raw仅观测(vx=0.11, ω=-0.40), 距离=9.13m, 队列=0
[INFO] [1774659477.335447286] [usv_02.velocity_controller_node]: 🚀 纯RL导航中: rl(vx=0.12, ω=0.40) -> final(vx=0.12, ω=0.40), raw仅观测(vx=0.12, ω=0.40), 距离=10.13m, 队列=0
[INFO] [1774659477.583893188] [usv_02.velocity_controller_node]: 🚀 纯RL导航中: rl(vx=0.12, ω=0.40) -> final(vx=0.12, ω=0.40), raw仅观测(vx=0.00, ω=0.00), 距离=6.56m, 队列=0
[INFO] [1774659477.603976336] [usv_01.velocity_controller_node]: 🚀 纯RL导航中: rl(vx=0.40, ω=-0.40) -> final(vx=0.40, ω=-0.40), raw仅观测(vx=0.40, ω=-0.02), 距离=9.71m, 队列=0
[INFO] [1774659477.710327877] [usv_01.velocity_controller_node]: 🚀 纯RL导航中: rl(vx=0.12, ω=-0.40) -> final(vx=0.12, ω=-0.40), raw仅观测(vx=0.11, ω=-0.40), 距离=9.22m, 队列=0
[INFO] [1774659478.422903217] [usv_03.velocity_controller_node]: 🚀 纯RL导航中: rl(vx=0.12, ω=-0.40) -> final(vx=0.12, ω=-0.40), raw仅观测(vx=0.29, ω=-0.29), 距离=10.56m, 队列=0
[INFO] [1774659478.887594364] [usv_03.velocity_controller_node]: 🚀 纯RL导航中: rl(vx=0.12, ω=-0.40) -> final(vx=0.12, ω=-0.40), raw仅观测(vx=0.13, ω=-0.28), 距离=8.71m, 队列=0
[INFO] [1774659479.334813108] [usv_02.velocity_controller_node]: 🚀 纯RL导航中: rl(vx=0.40, ω=0.40) -> final(vx=0.40, ω=0.40), raw仅观测(vx=0.17, ω=0.31), 距离=9.68m, 队列=0
[INFO] [1774659479.580953870] [usv_02.velocity_controller_node]: 🚀 纯RL导航中: rl(vx=0.12, ω=-0.40) -> final(vx=0.12, ω=-0.40), raw仅观测(vx=0.00, ω=0.00), 距离=6.12m, 队列=0
[INFO] [1774659479.617729807] [usv_01.velocity_controller_node]: 🚀 纯RL导航中: rl(vx=0.12, ω=0.19) -> final(vx=0.12, ω=0.19), raw仅观测(vx=0.36, ω=-0.21), 距离=9.12m, 队列=0
[INFO] [1774659479.704182704] [usv_01.velocity_controller_node]: 🚀 纯RL导航中: rl(vx=0.40, ω=-0.40) -> final(vx=0.40, ω=-0.40), raw仅观测(vx=0.10, ω=-0.40), 距离=8.83m, 队列=0
[INFO] [1774659480.622602308] [usv_03.velocity_controller_node]: 🚀 纯RL导航中: rl(vx=0.40, ω=-0.40) -> final(vx=0.40, ω=-0.40), raw仅观测(vx=0.34, ω=-0.08), 距离=10.26m, 队列=0
[INFO] [1774659480.916916505] [usv_03.velocity_controller_node]: 🚀 纯RL导航中: rl(vx=0.40, ω=-0.40) -> final(vx=0.40, ω=-0.40), raw仅观测(vx=0.14, ω=-0.29), 距离=8.36m, 队列=0
[INFO] [1774659481.334555137] [usv_02.velocity_controller_node]: 🚀 纯RL导航中: rl(vx=0.12, ω=0.40) -> final(vx=0.12, ω=0.40), raw仅观测(vx=0.40, ω=0.04), 距离=9.04m, 队列=0
[INFO] [1774659481.575587611] [usv_02.velocity_controller_node]: 🚀 纯RL导航中: rl(vx=0.40, ω=0.40) -> final(vx=0.40, ω=0.40), raw仅观测(vx=0.00, ω=0.00), 距离=5.48m, 队列=0
[INFO] [1774659481.603759699] [usv_01.velocity_controller_node]: 🚀 纯RL导航中: rl(vx=0.40, ω=-0.40) -> final(vx=0.40, ω=-0.40), raw仅观测(vx=0.21, ω=0.32), 距离=8.77m, 队列=0
[INFO] [1774659481.705206255] [usv_01.velocity_controller_node]: 🚀 纯RL导航中: rl(vx=0.40, ω=-0.40) -> final(vx=0.40, ω=-0.40), raw仅观测(vx=0.11, ω=-0.40), 距离=8.59m, 队列=0
[INFO] [1774659482.822473196] [usv_03.velocity_controller_node]: 🚀 纯RL导航中: rl(vx=0.40, ω=0.40) -> final(vx=0.40, ω=0.40), raw仅观测(vx=0.36, ω=0.08), 距离=9.83m, 队列=0
[INFO] [1774659482.910508720] [usv_03.velocity_controller_node]: 🚀 纯RL导航中: rl(vx=0.40, ω=0.40) -> final(vx=0.40, ω=0.40), raw仅观测(vx=0.00, ω=0.00), 距离=7.54m, 队列=0
[INFO] [1774659483.354756909] [usv_02.velocity_controller_node]: 🚀 纯RL导航中: rl(vx=0.40, ω=0.40) -> final(vx=0.40, ω=0.40), raw仅观测(vx=0.29, ω=-0.23), 距离=8.49m, 队列=0
[INFO] [1774659483.577024356] [usv_02.velocity_controller_node]: 🚀 纯RL导航中: rl(vx=0.40, ω=-0.21) -> final(vx=0.40, ω=-0.21), raw仅观测(vx=0.00, ω=0.00), 距离=4.83m, 队列=0
[INFO] [1774659483.603828720] [usv_01.velocity_controller_node]: 🚀 纯RL导航中: rl(vx=0.12, ω=-0.40) -> final(vx=0.12, ω=-0.40), raw仅观测(vx=0.29, ω=0.17), 距离=7.97m, 队列=0
[INFO] [1774659483.708775536] [usv_01.velocity_controller_node]: 🚀 纯RL导航中: rl(vx=0.40, ω=-0.18) -> final(vx=0.40, ω=-0.18), raw仅观测(vx=0.11, ω=-0.40), 距离=8.21m, 队列=0
[INFO] [1774659484.915561824] [usv_03.velocity_controller_node]: 🚀 纯RL导航中: rl(vx=0.12, ω=0.40) -> final(vx=0.12, ω=0.40), raw仅观测(vx=0.00, ω=0.00), 距离=7.33m, 队列=0
[INFO] [1774659484.920128103] [usv_03.velocity_controller_node]: 🚀 纯RL导航中: rl(vx=0.40, ω=-0.40) -> final(vx=0.40, ω=-0.40), raw仅观测(vx=0.24, ω=-0.17), 距离=9.14m, 队列=0
[INFO] [1774659485.323653988] [usv_02.velocity_controller_node]: 🚀 纯RL导航中: rl(vx=0.12, ω=0.40) -> final(vx=0.12, ω=0.40), raw仅观测(vx=0.00, ω=0.00), 距离=7.99m, 队列=0
[INFO] [1774659485.581594152] [usv_02.velocity_controller_node]: 🚀 纯RL导航中: rl(vx=0.40, ω=-0.04) -> final(vx=0.40, ω=-0.04), raw仅观测(vx=0.00, ω=0.00), 距离=3.91m, 队列=0
[INFO] [1774659485.590432805] [usv_01.velocity_controller_node]: 🚀 纯RL导航中: rl(vx=0.40, ω=-0.35) -> final(vx=0.40, ω=-0.35), raw仅观测(vx=0.00, ω=0.00), 距离=7.71m, 队列=0
[INFO] [1774659485.688604805] [usv_01.velocity_controller_node]: 🚀 纯RL导航中: rl(vx=0.12, ω=0.40) -> final(vx=0.12, ω=0.40), raw仅观测(vx=0.00, ω=0.00), 距离=7.65m, 队列=0
[INFO] [1774659486.878694003] [usv_01.velocity_controller_node]: 📨 velocity_controller 收到目标 [ID=1012]: (11.91, -0.27), nav_mode=0, control_mode=velocity
[INFO] [1774659486.885695425] [usv_01.velocity_controller_node]: 📊 导航状态: IDLE → ACTIVE (新导航目标[ID=1012])
[INFO] [1774659486.886231934] [usv_01.velocity_controller_node]: 🎯 新导航目标 [ID=1012]: (11.91, -0.27), 速度=0.40 m/s
[INFO] [1774659486.927106241] [usv_01.velocity_controller_node]: 📨 velocity_controller 收到目标 [ID=1012]: (11.91, -0.27), nav_mode=0, control_mode=velocity
[INFO] [1774659486.978643933] [usv_01.velocity_controller_node]: 📨 velocity_controller 收到目标 [ID=1012]: (11.91, -0.27), nav_mode=0, control_mode=velocity
[INFO] [1774659486.993284087] [usv_03.velocity_controller_node]: 🚀 纯RL导航中: rl(vx=0.12, ω=-0.05) -> final(vx=0.12, ω=-0.05), raw仅观测(vx=0.19, ω=0.40), 距离=8.41m, 队列=0
[INFO] [1774659487.031670551] [usv_01.velocity_controller_node]: 📨 velocity_controller 收到目标 [ID=1012]: (11.91, -0.27), nav_mode=0, control_mode=velocity
[INFO] [1774659487.082509031] [usv_01.velocity_controller_node]: 📨 velocity_controller 收到目标 [ID=1012]: (11.91, -0.27), nav_mode=0, control_mode=velocity
[INFO] [1774659487.134359129] [usv_02.velocity_controller_node]: 📨 velocity_controller 收到目标 [ID=2012]: (12.45, -3.59), nav_mode=0, control_mode=velocity
[INFO] [1774659487.134802336] [usv_02.velocity_controller_node]: 📊 导航状态: IDLE → ACTIVE (新导航目标[ID=2012])
[INFO] [1774659487.135309945] [usv_02.velocity_controller_node]: 🎯 新导航目标 [ID=2012]: (12.45, -3.59), 速度=0.40 m/s
[INFO] [1774659487.183183474] [usv_02.velocity_controller_node]: 📨 velocity_controller 收到目标 [ID=2012]: (12.45, -3.59), nav_mode=0, control_mode=velocity
[INFO] [1774659487.257951868] [usv_02.velocity_controller_node]: 📨 velocity_controller 收到目标 [ID=2012]: (12.45, -3.59), nav_mode=0, control_mode=velocity
[INFO] [1774659487.290651634] [usv_02.velocity_controller_node]: 📨 velocity_controller 收到目标 [ID=2012]: (12.45, -3.59), nav_mode=0, control_mode=velocity
[INFO] [1774659487.326009546] [usv_02.velocity_controller_node]: 🚀 纯RL导航中: rl(vx=0.12, ω=-0.40) -> final(vx=0.12, ω=-0.40), raw仅观测(vx=0.00, ω=0.00), 距离=7.64m, 队列=0
[INFO] [1774659487.354259635] [usv_02.velocity_controller_node]: 📨 velocity_controller 收到目标 [ID=2012]: (12.45, -3.59), nav_mode=0, control_mode=velocity
[INFO] [1774659487.390086455] [usv_03.velocity_controller_node]: 📨 velocity_controller 收到目标 [ID=3012]: (12.20, 2.21), nav_mode=0, control_mode=velocity
[INFO] [1774659487.406422038] [usv_03.velocity_controller_node]: 📊 导航状态: IDLE → ACTIVE (新导航目标[ID=3012])
[INFO] [1774659487.411405724] [usv_03.velocity_controller_node]: 🎯 新导航目标 [ID=3012]: (12.20, 2.21), 速度=0.40 m/s
[INFO] [1774659487.470184441] [usv_03.velocity_controller_node]: 📨 velocity_controller 收到目标 [ID=3012]: (12.20, 2.21), nav_mode=0, control_mode=velocity
[INFO] [1774659487.507734591] [usv_03.velocity_controller_node]: 📨 velocity_controller 收到目标 [ID=3012]: (12.20, 2.21), nav_mode=0, control_mode=velocity
[INFO] [1774659487.557847859] [usv_03.velocity_controller_node]: 📨 velocity_controller 收到目标 [ID=3012]: (12.20, 2.21), nav_mode=0, control_mode=velocity
[INFO] [1774659487.591183636] [usv_01.velocity_controller_node]: 🚀 纯RL导航中: rl(vx=0.12, ω=-0.40) -> final(vx=0.12, ω=-0.40), raw仅观测(vx=0.00, ω=0.00), 距离=7.00m, 队列=0
[INFO] [1774659487.591409539] [usv_03.velocity_controller_node]: 📨 velocity_controller 收到目标 [ID=3012]: (12.20, 2.21), nav_mode=0, control_mode=velocity
[INFO] [1774659487.864834972] [usv_03.velocity_controller_node]: 🚀 纯RL导航中: rl(vx=0.40, ω=-0.06) -> final(vx=0.40, ω=-0.06), raw仅观测(vx=0.40, ω=0.09), 距离=9.06m, 队列=0
[MAPPO][update=1173] total_steps=675648 rollout_steps=192 sample_count=576 rollout_time=22.44s rollout_sps=25.7 update_time=0.07s update_sps=23459.2 update_share=0.33% loss=119.6667 mean_reward=-2.6804 episodes=2 entropy_coef=0.0300 lr=3.00e-05 gpu=cpu
[INFO] [1774659488.161825413] [usv_01.velocity_controller_node]: 🚀 纯RL导航中: rl(vx=0.12, ω=-0.21) -> final(vx=0.12, ω=-0.21), raw仅观测(vx=0.40, ω=0.04), 距离=11.26m, 队列=0
[INFO] [1774659488.335031811] [usv_02.velocity_controller_node]: 🚀 纯RL导航中: rl(vx=0.40, ω=-0.40) -> final(vx=0.40, ω=-0.40), raw仅观测(vx=0.12, ω=-0.40), 距离=6.32m, 队列=0
[INFO] [1774659488.974523279] [usv_03.velocity_controller_node]: 🚀 纯RL导航中: rl(vx=0.40, ω=-0.40) -> final(vx=0.40, ω=-0.40), raw仅观测(vx=0.39, ω=0.03), 距离=8.08m, 队列=0
[INFO] [1774659489.326342869] [usv_02.velocity_controller_node]: 🚀 纯RL导航中: rl(vx=0.12, ω=0.40) -> final(vx=0.12, ω=0.40), raw仅观测(vx=0.00, ω=0.00), 距离=7.21m, 队列=0
[INFO] [1774659489.589737128] [usv_01.velocity_controller_node]: 🚀 纯RL导航中: rl(vx=0.40, ω=-0.16) -> final(vx=0.40, ω=-0.16), raw仅观测(vx=0.00, ω=0.00), 距离=6.62m, 队列=0
[INFO] [1774659489.876009183] [usv_03.velocity_controller_node]: 🚀 纯RL导航中: rl(vx=0.12, ω=0.40) -> final(vx=0.12, ω=0.40), raw仅观测(vx=0.16, ω=0.40), 距离=8.49m, 队列=0
[INFO] [1774659490.161011327] [usv_01.velocity_controller_node]: 🚀 纯RL导航中: rl(vx=0.12, ω=-0.40) -> final(vx=0.12, ω=-0.40), raw仅观测(vx=0.39, ω=-0.18), 距离=11.10m, 队列=0
[INFO] [1774659490.331468687] [usv_02.velocity_controller_node]: 🚀 纯RL导航中: rl(vx=0.40, ω=0.40) -> final(vx=0.40, ω=0.40), raw仅观测(vx=0.26, ω=0.17), 距离=5.69m, 队列=0
[INFO] [1774659490.808156465] [usv_01.velocity_controller_node]: 📨 velocity_controller 收到目标 [ID=1012]: (12.15, 0.29), nav_mode=0, control_mode=velocity
[INFO] [1774659490.808631273] [usv_01.velocity_controller_node]: 📊 导航状态: IDLE → ACTIVE (新导航目标[ID=1012])
[INFO] [1774659490.809086781] [usv_01.velocity_controller_node]: 🎯 新导航目标 [ID=1012]: (12.15, 0.29), 速度=0.40 m/s
[INFO] [1774659490.868473812] [usv_01.velocity_controller_node]: 📨 velocity_controller 收到目标 [ID=1012]: (12.15, 0.29), nav_mode=0, control_mode=velocity
[INFO] [1774659490.914154006] [usv_01.velocity_controller_node]: 📨 velocity_controller 收到目标 [ID=1012]: (12.15, 0.29), nav_mode=0, control_mode=velocity
[INFO] [1774659490.962133139] [usv_01.velocity_controller_node]: 📨 velocity_controller 收到目标 [ID=1012]: (12.15, 0.29), nav_mode=0, control_mode=velocity
[INFO] [1774659491.014107341] [usv_01.velocity_controller_node]: 📨 velocity_controller 收到目标 [ID=1012]: (12.15, 0.29), nav_mode=0, control_mode=velocity
[INFO] [1774659491.073646775] [usv_02.velocity_controller_node]: 📨 velocity_controller 收到目标 [ID=2012]: (11.92, -3.88), nav_mode=0, control_mode=velocity
[INFO] [1774659491.074068683] [usv_02.velocity_controller_node]: 📊 导航状态: IDLE → ACTIVE (新导航目标[ID=2012])
[INFO] [1774659491.074512490] [usv_02.velocity_controller_node]: 🎯 新导航目标 [ID=2012]: (11.92, -3.88), 速度=0.40 m/s
[INFO] [1774659491.117778642] [usv_02.velocity_controller_node]: 📨 velocity_controller 收到目标 [ID=2012]: (11.92, -3.88), nav_mode=0, control_mode=velocity
[INFO] [1774659491.177433478] [usv_02.velocity_controller_node]: 📨 velocity_controller 收到目标 [ID=2012]: (11.92, -3.88), nav_mode=0, control_mode=velocity
[INFO] [1774659491.218617993] [usv_02.velocity_controller_node]: 📨 velocity_controller 收到目标 [ID=2012]: (11.92, -3.88), nav_mode=0, control_mode=velocity
[INFO] [1774659491.280658070] [usv_02.velocity_controller_node]: 📨 velocity_controller 收到目标 [ID=2012]: (11.92, -3.88), nav_mode=0, control_mode=velocity
[INFO] [1774659491.319466744] [usv_03.velocity_controller_node]: 📨 velocity_controller 收到目标 [ID=3012]: (12.03, 2.77), nav_mode=0, control_mode=velocity
[INFO] [1774659491.320183557] [usv_03.velocity_controller_node]: 📊 导航状态: IDLE → ACTIVE (新导航目标[ID=3012])
[INFO] [1774659491.321074472] [usv_03.velocity_controller_node]: 🎯 新导航目标 [ID=3012]: (12.03, 2.77), 速度=0.40 m/s
[INFO] [1774659491.375417216] [usv_03.velocity_controller_node]: 📨 velocity_controller 收到目标 [ID=3012]: (12.03, 2.77), nav_mode=0, control_mode=velocity
[INFO] [1774659491.436413375] [usv_03.velocity_controller_node]: 📨 velocity_controller 收到目标 [ID=3012]: (12.03, 2.77), nav_mode=0, control_mode=velocity
[INFO] [1774659491.510021153] [usv_03.velocity_controller_node]: 📨 velocity_controller 收到目标 [ID=3012]: (12.03, 2.77), nav_mode=0, control_mode=velocity
[INFO] [1774659491.535219491] [usv_03.velocity_controller_node]: 📨 velocity_controller 收到目标 [ID=3012]: (12.03, 2.77), nav_mode=0, control_mode=velocity
[INFO] [1774659491.880679590] [usv_03.velocity_controller_node]: 🚀 纯RL导航中: rl(vx=0.40, ω=-0.36) -> final(vx=0.40, ω=-0.36), raw仅观测(vx=0.00, ω=0.00), 距离=7.75m, 队列=0
[INFO] [1774659492.024825093] [usv_03.velocity_controller_node]: 🚀 纯RL导航中: rl(vx=0.40, ω=-0.40) -> final(vx=0.40, ω=-0.40), raw仅观测(vx=0.36, ω=-0.17), 距离=9.09m, 队列=0
[INFO] [1774659492.109489763] [usv_01.velocity_controller_node]: 🚀 纯RL导航中: rl(vx=0.40, ω=-0.40) -> final(vx=0.40, ω=-0.40), raw仅观测(vx=0.26, ω=-0.26), 距离=12.16m, 队列=0
[INFO] [1774659492.136507033] [usv_02.velocity_controller_node]: 🚀 纯RL导航中: rl(vx=0.40, ω=0.40) -> final(vx=0.40, ω=0.40), raw仅观测(vx=0.38, ω=-0.13), 距离=5.62m, 队列=0
[INFO] [1774659492.143021346] [usv_01.velocity_controller_node]: 🚀 纯RL导航中: rl(vx=0.40, ω=0.20) -> final(vx=0.40, ω=0.20), raw仅观测(vx=0.31, ω=0.21), 距离=10.37m, 队列=0
[INFO] [1774659492.334525171] [usv_02.velocity_controller_node]: 🚀 纯RL导航中: rl(vx=0.40, ω=-0.40) -> final(vx=0.40, ω=-0.40), raw仅观测(vx=0.31, ω=-0.21), 距离=5.06m, 队列=0
[INFO] [1774659493.915202421] [usv_03.velocity_controller_node]: 🚀 纯RL导航中: rl(vx=0.40, ω=0.40) -> final(vx=0.40, ω=0.40), raw仅观测(vx=0.00, ω=0.00), 距离=7.30m, 队列=0
[INFO] [1774659494.023174296] [usv_03.velocity_controller_node]: 🚀 纯RL导航中: rl(vx=0.40, ω=-0.40) -> final(vx=0.40, ω=-0.40), raw仅观测(vx=0.40, ω=0.09), 距离=8.55m, 队列=0
[INFO] [1774659494.108457977] [usv_01.velocity_controller_node]: 🚀 纯RL导航中: rl(vx=0.12, ω=-0.40) -> final(vx=0.12, ω=-0.40), raw仅观测(vx=0.12, ω=-0.40), 距离=11.78m, 队列=0
[INFO] [1774659494.147779459] [usv_01.velocity_controller_node]: 🚀 纯RL导航中: rl(vx=0.12, ω=0.40) -> final(vx=0.12, ω=0.40), raw仅观测(vx=0.12, ω=0.40), 距离=9.95m, 队列=0
[INFO] [1774659494.164926857] [usv_02.velocity_controller_node]: 🚀 纯RL导航中: rl(vx=0.40, ω=-0.40) -> final(vx=0.40, ω=-0.40), raw仅观测(vx=0.36, ω=-0.07), 距离=5.19m, 队列=0
[INFO] [1774659494.384363268] [usv_02.velocity_controller_node]: 🚀 纯RL导航中: rl(vx=0.39, ω=-0.37) -> final(vx=0.39, ω=-0.37), raw仅观测(vx=0.39, ω=-0.01), 距离=4.33m, 队列=0
[INFO] [1774659495.912157299] [usv_03.velocity_controller_node]: 🚀 纯RL导航中: rl(vx=0.12, ω=0.40) -> final(vx=0.12, ω=0.40), raw仅观测(vx=0.00, ω=0.00), 距离=6.81m, 队列=0
[INFO] [1774659496.010556808] [usv_03.velocity_controller_node]: 🚀 纯RL导航中: rl(vx=0.40, ω=0.40) -> final(vx=0.40, ω=0.40), raw仅观测(vx=0.00, ω=0.00), 距离=7.69m, 队列=0
[INFO] [1774659496.110445142] [usv_01.velocity_controller_node]: 🚀 纯RL导航中: rl(vx=0.12, ω=-0.03) -> final(vx=0.12, ω=-0.03), raw仅观测(vx=0.16, ω=0.13), 距离=11.27m, 队列=0
[INFO] [1774659496.137360010] [usv_02.velocity_controller_node]: 🚀 纯RL导航中: rl(vx=0.40, ω=-0.40) -> final(vx=0.40, ω=-0.40), raw仅观测(vx=0.40, ω=0.12), 距离=4.62m, 队列=0
[INFO] [1774659496.158705880] [usv_01.velocity_controller_node]: 🚀 纯RL导航中: rl(vx=0.40, ω=-0.40) -> final(vx=0.40, ω=-0.40), raw仅观测(vx=0.12, ω=0.40), 距离=9.20m, 队列=0
[INFO] [1774659496.386773141] [usv_02.velocity_controller_node]: 🚀 纯RL导航中: rl(vx=0.40, ω=-0.05) -> final(vx=0.40, ω=-0.05), raw仅观测(vx=0.20, ω=0.32), 距离=3.59m, 队列=0
[INFO] [1774659497.909210579] [usv_03.velocity_controller_node]: 🚀 纯RL导航中: rl(vx=0.12, ω=-0.06) -> final(vx=0.12, ω=-0.06), raw仅观测(vx=0.00, ω=0.00), 距离=6.00m, 队列=0
[INFO] [1774659498.015183917] [usv_03.velocity_controller_node]: 🚀 纯RL导航中: rl(vx=0.40, ω=-0.40) -> final(vx=0.40, ω=-0.40), raw仅观测(vx=0.00, ω=0.00), 距离=7.53m, 队列=0
[INFO] [1774659498.105200276] [usv_01.velocity_controller_node]: 🚀 纯RL导航中: rl(vx=0.32, ω=-0.40) -> final(vx=0.32, ω=-0.40), raw仅观测(vx=0.15, ω=0.39), 距离=11.12m, 队列=0
[INFO] [1774659498.135707404] [usv_02.velocity_controller_node]: 🚀 纯RL导航中: rl(vx=0.12, ω=0.40) -> final(vx=0.12, ω=0.40), raw仅观测(vx=0.12, ω=0.40), 距离=4.07m, 队列=0
[INFO] [1774659498.160567634] [usv_01.velocity_controller_node]: 🚀 纯RL导航中: rl(vx=0.40, ω=0.19) -> final(vx=0.40, ω=0.19), raw仅观测(vx=0.35, ω=0.20), 距离=8.76m, 队列=0
[INFO] [1774659498.383513194] [usv_02.velocity_controller_node]: 🚀 纯RL导航中: rl(vx=0.12, ω=0.40) -> final(vx=0.12, ω=0.40), raw仅观测(vx=0.06, ω=0.40), 距离=3.12m, 队列=0
[INFO] [1774659499.909392214] [usv_03.velocity_controller_node]: 🚀 纯RL导航中: rl(vx=0.40, ω=-0.19) -> final(vx=0.40, ω=-0.19), raw仅观测(vx=0.00, ω=0.00), 距离=5.66m, 队列=0
[INFO] [1774659500.013088410] [usv_03.velocity_controller_node]: 🚀 纯RL导航中: rl(vx=0.40, ω=0.40) -> final(vx=0.40, ω=0.40), raw仅观测(vx=0.00, ω=0.00), 距离=6.71m, 队列=0
[INFO] [1774659500.110443295] [usv_01.velocity_controller_node]: 🚀 纯RL导航中: rl(vx=0.12, ω=-0.40) -> final(vx=0.12, ω=-0.40), raw仅观测(vx=0.12, ω=0.40), 距离=10.58m, 队列=0
[INFO] [1774659500.132782182] [usv_02.velocity_controller_node]: 🚀 纯RL导航中: rl(vx=0.12, ω=0.40) -> final(vx=0.12, ω=0.40), raw仅观测(vx=0.23, ω=0.36), 距离=3.48m, 队列=0
[INFO] [1774659500.147392035] [usv_01.velocity_controller_node]: 🚀 纯RL导航中: rl(vx=0.12, ω=-0.40) -> final(vx=0.12, ω=-0.40), raw仅观测(vx=0.40, ω=-0.00), 距离=8.15m, 队列=0
[INFO] [1774659500.378476236] [usv_02.velocity_controller_node]: 🚀 纯RL导航中: rl(vx=0.12, ω=0.40) -> final(vx=0.12, ω=0.40), raw仅观测(vx=0.00, ω=0.00), 距离=2.78m, 队列=0
[INFO] [1774659501.909470344] [usv_03.velocity_controller_node]: 🚀 纯RL导航中: rl(vx=0.12, ω=0.40) -> final(vx=0.12, ω=0.40), raw仅观测(vx=0.00, ω=0.00), 距离=5.11m, 队列=0
[INFO] [1774659502.013322242] [usv_03.velocity_controller_node]: 🚀 纯RL导航中: rl(vx=0.12, ω=-0.40) -> final(vx=0.12, ω=-0.40), raw仅观测(vx=0.00, ω=0.00), 距离=6.24m, 队列=0
[INFO] [1774659502.107728277] [usv_01.velocity_controller_node]: 🚀 纯RL导航中: rl(vx=0.12, ω=-0.40) -> final(vx=0.12, ω=-0.40), raw仅观测(vx=0.15, ω=0.26), 距离=9.81m, 队列=0
[INFO] [1774659502.134785146] [usv_02.velocity_controller_node]: 🚀 纯RL导航中: rl(vx=0.12, ω=0.32) -> final(vx=0.12, ω=0.32), raw仅观测(vx=0.19, ω=0.27), 距离=2.78m, 队列=0
[INFO] [1774659502.146121342] [usv_01.velocity_controller_node]: 🚀 纯RL导航中: rl(vx=0.12, ω=-0.40) -> final(vx=0.12, ω=-0.40), raw仅观测(vx=0.00, ω=0.00), 距离=7.78m, 队列=0
[INFO] [1774659502.374894603] [usv_02.velocity_controller_node]: 🚀 纯RL导航中: rl(vx=0.12, ω=0.40) -> final(vx=0.12, ω=0.40), raw仅观测(vx=0.00, ω=0.00), 距离=2.20m, 队列=0
[INFO] [1774659503.910221686] [usv_03.velocity_controller_node]: 🚀 纯RL导航中: rl(vx=0.40, ω=0.40) -> final(vx=0.40, ω=0.40), raw仅观测(vx=0.00, ω=0.00), 距离=4.63m, 队列=0
[INFO] [1774659504.012168151] [usv_03.velocity_controller_node]: 🚀 纯RL导航中: rl(vx=0.12, ω=0.40) -> final(vx=0.12, ω=0.40), raw仅观测(vx=0.00, ω=0.00), 距离=5.65m, 队列=0
[INFO] [1774659504.113494906] [usv_01.velocity_controller_node]: 🚀 纯RL导航中: rl(vx=0.12, ω=0.40) -> final(vx=0.12, ω=0.40), raw仅观测(vx=0.25, ω=0.09), 距离=9.51m, 队列=0
[INFO] [1774659504.133917059] [usv_02.velocity_controller_node]: 🚀 纯RL导航中: rl(vx=0.12, ω=-0.40) -> final(vx=0.12, ω=-0.40), raw仅观测(vx=0.40, ω=-0.11), 距离=2.42m, 队列=0
[INFO] [1774659504.138186833] [usv_01.velocity_controller_node]: 🚀 纯RL导航中: rl(vx=0.40, ω=-0.02) -> final(vx=0.40, ω=-0.02), raw仅观测(vx=0.00, ω=0.00), 距离=7.52m, 队列=0
[INFO] [1774659504.376024551] [usv_02.velocity_controller_node]: 🚀 纯RL导航中: rl(vx=0.40, ω=-0.40) -> final(vx=0.40, ω=-0.40), raw仅观测(vx=0.00, ω=0.00), 距离=1.97m, 队列=0
[INFO] [1774659505.910850826] [usv_03.velocity_controller_node]: 🚀 纯RL导航中: rl(vx=0.12, ω=-0.30) -> final(vx=0.12, ω=-0.30), raw仅观测(vx=0.00, ω=0.00), 距离=4.35m, 队列=0
[INFO] [1774659506.014590422] [usv_03.velocity_controller_node]: 🚀 纯RL导航中: rl(vx=0.12, ω=0.40) -> final(vx=0.12, ω=0.40), raw仅观测(vx=0.00, ω=0.00), 距离=5.49m, 队列=0
[INFO] [1774659506.109327762] [usv_01.velocity_controller_node]: 🚀 纯RL导航中: rl(vx=0.40, ω=-0.40) -> final(vx=0.40, ω=-0.40), raw仅观测(vx=0.34, ω=0.19), 距离=8.77m, 队列=0
[INFO] [1774659506.132266559] [usv_02.velocity_controller_node]: 🚀 纯RL导航中: rl(vx=0.12, ω=0.40) -> final(vx=0.12, ω=0.40), raw仅观测(vx=0.31, ω=0.05), 距离=1.74m, 队列=0
[INFO] [1774659506.137804254] [usv_01.velocity_controller_node]: 🚀 纯RL导航中: rl(vx=0.40, ω=0.40) -> final(vx=0.40, ω=0.40), raw仅观测(vx=0.00, ω=0.00), 距离=6.96m, 队列=0
[INFO] [1774659506.375007260] [usv_02.velocity_controller_node]: 🚀 纯RL导航中: rl(vx=0.12, ω=-0.40) -> final(vx=0.12, ω=-0.40), raw仅观测(vx=0.00, ω=0.00), 距离=1.67m, 队列=0
[INFO] [1774659507.907584687] [usv_03.velocity_controller_node]: 🚀 纯RL导航中: rl(vx=0.40, ω=0.40) -> final(vx=0.40, ω=0.40), raw仅观测(vx=0.00, ω=0.00), 距离=3.82m, 队列=0
[INFO] [1774659508.019866030] [usv_03.velocity_controller_node]: 🚀 纯RL导航中: rl(vx=0.12, ω=-0.40) -> final(vx=0.12, ω=-0.40), raw仅观测(vx=0.00, ω=0.00), 距离=4.86m, 队列=0
[INFO] [1774659508.110876705] [usv_01.velocity_controller_node]: 🚀 纯RL导航中: rl(vx=0.40, ω=0.40) -> final(vx=0.40, ω=0.40), raw仅观测(vx=0.12, ω=0.40), 距离=8.35m, 队列=0
[INFO] [1774659508.134660717] [usv_02.velocity_controller_node]: 🚀 纯RL导航中: rl(vx=0.40, ω=-0.40) -> final(vx=0.40, ω=-0.40), raw仅观测(vx=0.09, ω=0.04), 距离=1.25m, 队列=0
[INFO] [1774659508.135653734] [usv_01.velocity_controller_node]: 🚀 纯RL导航中: rl(vx=0.40, ω=-0.40) -> final(vx=0.40, ω=-0.40), raw仅观测(vx=0.00, ω=0.00), 距离=6.60m, 队列=0
[INFO] [1774659508.379049147] [usv_02.velocity_controller_node]: 🚀 纯RL导航中: rl(vx=0.12, ω=-0.40) -> final(vx=0.12, ω=-0.40), raw仅观测(vx=0.00, ω=0.00), 距离=1.59m, 队列=0
[INFO] [1774659509.908564920] [usv_03.velocity_controller_node]: 🚀 纯RL导航中: rl(vx=0.12, ω=-0.40) -> final(vx=0.12, ω=-0.40), raw仅观测(vx=0.00, ω=0.00), 距离=3.16m, 队列=0
[INFO] [1774659510.018392021] [usv_03.velocity_controller_node]: 🚀 纯RL导航中: rl(vx=0.25, ω=-0.40) -> final(vx=0.25, ω=-0.40), raw仅观测(vx=0.00, ω=0.00), 距离=4.29m, 队列=0
[INFO] [1774659510.087605319] [usv_01.velocity_controller_node]: 🚀 纯RL导航中: rl(vx=0.12, ω=-0.40) -> final(vx=0.12, ω=-0.40), raw仅观测(vx=0.00, ω=0.00), 距离=7.70m, 队列=0
[INFO] [1774659510.136622568] [usv_02.velocity_controller_node]: 🚀 纯RL导航中: rl(vx=0.40, ω=-0.40) -> final(vx=0.40, ω=-0.40), raw仅观测(vx=0.05, ω=0.05), 距离=0.59m, 队列=0
[INFO] [1774659510.137147077] [usv_01.velocity_controller_node]: 🚀 纯RL导航中: rl(vx=0.40, ω=0.40) -> final(vx=0.40, ω=0.40), raw仅观测(vx=0.00, ω=0.00), 距离=5.62m, 队列=0
[MAPPO][update=1174] total_steps=676224 rollout_steps=192 sample_count=576 rollout_time=22.16s rollout_sps=26.0 update_time=0.09s update_sps=18815.7 update_share=0.41% loss=80.9556 mean_reward=-2.2017 episodes=1 entropy_coef=0.0300 lr=3.00e-05 gpu=cpu
[INFO] [1774659510.375784907] [usv_02.velocity_controller_node]: 🚀 纯RL导航中: rl(vx=0.12, ω=0.40) -> final(vx=0.12, ω=0.40), raw仅观测(vx=0.00, ω=0.00), 距离=1.25m, 队列=0
[INFO] [1774659511.909660456] [usv_03.velocity_controller_node]: 🚀 纯RL导航中: rl(vx=0.40, ω=-0.40) -> final(vx=0.40, ω=-0.40), raw仅观测(vx=0.00, ω=0.00), 距离=3.02m, 队列=0
[INFO] [1774659512.011458818] [usv_03.velocity_controller_node]: 🚀 纯RL导航中: rl(vx=0.40, ω=0.40) -> final(vx=0.40, ω=0.40), raw仅观测(vx=0.00, ω=0.00), 距离=4.11m, 队列=0
[INFO] [1774659512.087090127] [usv_01.velocity_controller_node]: 🚀 纯RL导航中: rl(vx=0.40, ω=0.40) -> final(vx=0.40, ω=0.40), raw仅观测(vx=0.00, ω=0.00), 距离=7.25m, 队列=0
[INFO] [1774659512.123606159] [usv_02.velocity_controller_node]: 🚀 纯RL导航中: rl(vx=0.12, ω=-0.09) -> final(vx=0.12, ω=-0.09), raw仅观测(vx=0.00, ω=0.00), 距离=0.29m, 队列=0
[INFO] [1774659512.139213029] [usv_01.velocity_controller_node]: 🚀 纯RL导航中: rl(vx=0.40, ω=0.40) -> final(vx=0.40, ω=0.40), raw仅观测(vx=0.00, ω=0.00), 距离=5.16m, 队列=0
[INFO] [1774659512.378008762] [usv_02.velocity_controller_node]: 🚀 纯RL导航中: rl(vx=0.12, ω=0.40) -> final(vx=0.12, ω=0.40), raw仅观测(vx=0.00, ω=0.00), 距离=0.96m, 队列=0
[INFO] [1774659513.909539371] [usv_03.velocity_controller_node]: 🚀 纯RL导航中: rl(vx=0.40, ω=0.40) -> final(vx=0.40, ω=0.40), raw仅观测(vx=0.00, ω=0.00), 距离=2.78m, 队列=0
[INFO] [1774659514.011769140] [usv_03.velocity_controller_node]: 🚀 纯RL导航中: rl(vx=0.17, ω=-0.40) -> final(vx=0.17, ω=-0.40), raw仅观测(vx=0.00, ω=0.00), 距离=3.24m, 队列=0
[INFO] [1774659514.087772155] [usv_01.velocity_controller_node]: 🚀 纯RL导航中: rl(vx=0.40, ω=-0.40) -> final(vx=0.40, ω=-0.40), raw仅观测(vx=0.00, ω=0.00), 距离=6.71m, 队列=0
[INFO] [1774659514.125195303] [usv_02.velocity_controller_node]: 🚀 纯RL导航中: rl(vx=0.40, ω=0.40) -> final(vx=0.40, ω=0.40), raw仅观测(vx=0.00, ω=0.00), 距离=0.71m, 队列=0
[INFO] [1774659514.138520233] [usv_01.velocity_controller_node]: 🚀 纯RL导航中: rl(vx=0.12, ω=-0.40) -> final(vx=0.12, ω=-0.40), raw仅观测(vx=0.00, ω=0.00), 距离=4.95m, 队列=0
[INFO] [1774659514.380670324] [usv_02.velocity_controller_node]: 🚀 纯RL导航中: rl(vx=0.40, ω=-0.23) -> final(vx=0.40, ω=-0.23), raw仅观测(vx=0.00, ω=0.00), 距离=0.69m, 队列=0
[INFO] [1774659515.950800093] [usv_03.velocity_controller_node]: 🚀 纯RL导航中: rl(vx=0.40, ω=0.34) -> final(vx=0.40, ω=0.34), raw仅观测(vx=0.00, ω=0.00), 距离=2.64m, 队列=0
[INFO] [1774659516.062134820] [usv_03.velocity_controller_node]: 🚀 纯RL导航中: rl(vx=0.12, ω=0.40) -> final(vx=0.12, ω=0.40), raw仅观测(vx=0.00, ω=0.00), 距离=2.67m, 队列=0
[INFO] [1774659516.088437875] [usv_01.velocity_controller_node]: 🚀 纯RL导航中: rl(vx=0.12, ω=-0.40) -> final(vx=0.12, ω=-0.40), raw仅观测(vx=0.00, ω=0.00), 距离=5.94m, 队列=0
[INFO] [1774659516.143324525] [usv_01.velocity_controller_node]: 🚀 纯RL导航中: rl(vx=0.40, ω=-0.40) -> final(vx=0.40, ω=-0.40), raw仅观测(vx=0.00, ω=0.00), 距离=4.33m, 队列=0
[INFO] [1774659516.176954707] [usv_02.velocity_controller_node]: 🚀 纯RL导航中: rl(vx=0.12, ω=0.40) -> final(vx=0.12, ω=0.40), raw仅观测(vx=0.00, ω=0.00), 距离=1.42m, 队列=0
[INFO] [1774659516.385157010] [usv_02.velocity_controller_node]: 🚀 纯RL导航中: rl(vx=0.40, ω=0.40) -> final(vx=0.40, ω=0.40), raw仅观测(vx=0.00, ω=0.00), 距离=0.58m, 队列=0
[INFO] [1774659517.959935660] [usv_03.velocity_controller_node]: 🚀 纯RL导航中: rl(vx=0.12, ω=-0.40) -> final(vx=0.12, ω=-0.40), raw仅观测(vx=0.00, ω=0.00), 距离=2.39m, 队列=0
[INFO] [1774659518.061371415] [usv_03.velocity_controller_node]: 🚀 纯RL导航中: rl(vx=0.40, ω=-0.40) -> final(vx=0.40, ω=-0.40), raw仅观测(vx=0.00, ω=0.00), 距离=2.27m, 队列=0
[INFO] [1774659518.088166079] [usv_01.velocity_controller_node]: 🚀 纯RL导航中: rl(vx=0.40, ω=-0.40) -> final(vx=0.40, ω=-0.40), raw仅观测(vx=0.00, ω=0.00), 距离=5.42m, 队列=0
[INFO] [1774659518.176339805] [usv_02.velocity_controller_node]: 🚀 纯RL导航中: rl(vx=0.12, ω=0.40) -> final(vx=0.12, ω=0.40), raw仅观测(vx=0.00, ω=0.00), 距离=1.82m, 队列=0
[INFO] [1774659518.197595472] [usv_01.velocity_controller_node]: 🚀 纯RL导航中: rl(vx=0.40, ω=0.40) -> final(vx=0.40, ω=0.40), raw仅观测(vx=0.00, ω=0.00), 距离=3.98m, 队列=0
[INFO] [1774659518.425910923] [usv_02.velocity_controller_node]: 🚀 纯RL导航中: rl(vx=0.40, ω=-0.28) -> final(vx=0.40, ω=-0.28), raw仅观测(vx=0.00, ω=0.00), 距离=0.56m, 队列=0
[INFO] [1774659520.015186024] [usv_03.velocity_controller_node]: 🚀 纯RL导航中: rl(vx=0.40, ω=-0.13) -> final(vx=0.40, ω=-0.13), raw仅观测(vx=0.00, ω=0.00), 距离=1.94m, 队列=0
[INFO] [1774659520.063730564] [usv_03.velocity_controller_node]: 🚀 纯RL导航中: rl(vx=0.12, ω=0.40) -> final(vx=0.12, ω=0.40), raw仅观测(vx=0.00, ω=0.00), 距离=1.30m, 队列=0
[INFO] [1774659520.088052085] [usv_01.velocity_controller_node]: 🚀 纯RL导航中: rl(vx=0.40, ω=0.19) -> final(vx=0.40, ω=0.19), raw仅观测(vx=0.00, ω=0.00), 距离=4.81m, 队列=0
[INFO] [1774659520.173540264] [usv_02.velocity_controller_node]: 🚀 纯RL导航中: rl(vx=0.12, ω=0.40) -> final(vx=0.12, ω=0.40), raw仅观测(vx=0.00, ω=0.00), 距离=2.14m, 队列=0
[INFO] [1774659520.188104716] [usv_01.velocity_controller_node]: 🚀 纯RL导航中: rl(vx=0.12, ω=-0.18) -> final(vx=0.12, ω=-0.18), raw仅观测(vx=0.00, ω=0.00), 距离=3.18m, 队列=0
[INFO] [1774659520.426722346] [usv_02.velocity_controller_node]: 🚀 纯RL导航中: rl(vx=0.12, ω=0.40) -> final(vx=0.12, ω=0.40), raw仅观测(vx=0.00, ω=0.00), 距离=1.00m, 队列=0
[INFO] [1774659522.011390167] [usv_03.velocity_controller_node]: 🚀 纯RL导航中: rl(vx=0.12, ω=0.40) -> final(vx=0.12, ω=0.40), raw仅观测(vx=0.00, ω=0.00), 距离=1.91m, 队列=0
[INFO] [1774659522.061045325] [usv_03.velocity_controller_node]: 🚀 纯RL导航中: rl(vx=0.12, ω=-0.23) -> final(vx=0.12, ω=-0.23), raw仅观测(vx=0.00, ω=0.00), 距离=1.09m, 队列=0
[INFO] [1774659522.087395281] [usv_01.velocity_controller_node]: 🚀 纯RL导航中: rl(vx=0.12, ω=-0.40) -> final(vx=0.12, ω=-0.40), raw仅观测(vx=0.00, ω=0.00), 距离=4.29m, 队列=0
[INFO] [1774659522.185900484] [usv_02.velocity_controller_node]: 🚀 纯RL导航中: rl(vx=0.12, ω=0.20) -> final(vx=0.12, ω=0.20), raw仅观测(vx=0.00, ω=0.00), 距离=2.68m, 队列=0
[INFO] [1774659522.191061673] [usv_01.velocity_controller_node]: 🚀 纯RL导航中: rl(vx=0.12, ω=0.40) -> final(vx=0.12, ω=0.40), raw仅观测(vx=0.00, ω=0.00), 距离=2.67m, 队列=0
[INFO] [1774659522.426213439] [usv_02.velocity_controller_node]: 🚀 纯RL导航中: rl(vx=0.21, ω=0.40) -> final(vx=0.21, ω=0.40), raw仅观测(vx=0.00, ω=0.00), 距离=1.54m, 队列=0
[INFO] [1774659524.014702403] [usv_03.velocity_controller_node]: 🚀 纯RL导航中: rl(vx=0.40, ω=-0.40) -> final(vx=0.40, ω=-0.40), raw仅观测(vx=0.00, ω=0.00), 距离=1.92m, 队列=0
[INFO] [1774659524.075869960] [usv_03.velocity_controller_node]: 🚀 纯RL导航中: rl(vx=0.40, ω=-0.40) -> final(vx=0.40, ω=-0.40), raw仅观测(vx=0.00, ω=0.00), 距离=0.60m, 队列=0
[INFO] [1774659524.089496396] [usv_01.velocity_controller_node]: 🚀 纯RL导航中: rl(vx=0.40, ω=-0.40) -> final(vx=0.40, ω=-0.40), raw仅观测(vx=0.00, ω=0.00), 距离=3.85m, 队列=0
[INFO] [1774659524.189348722] [usv_01.velocity_controller_node]: 🚀 纯RL导航中: rl(vx=0.40, ω=0.40) -> final(vx=0.40, ω=0.40), raw仅观测(vx=0.00, ω=0.00), 距离=2.52m, 队列=0
[INFO] [1774659524.190894549] [usv_02.velocity_controller_node]: 🚀 纯RL导航中: rl(vx=0.12, ω=0.40) -> final(vx=0.12, ω=0.40), raw仅观测(vx=0.00, ω=0.00), 距离=2.98m, 队列=0
[INFO] [1774659524.433826849] [usv_02.velocity_controller_node]: 🚀 纯RL导航中: rl(vx=0.12, ω=0.40) -> final(vx=0.12, ω=0.40), raw仅观测(vx=0.00, ω=0.00), 距离=1.88m, 队列=0
[INFO] [1774659526.014087771] [usv_03.velocity_controller_node]: 🚀 纯RL导航中: rl(vx=0.12, ω=0.40) -> final(vx=0.12, ω=0.40), raw仅观测(vx=0.00, ω=0.00), 距离=1.84m, 队列=0
[INFO] [1774659526.075399431] [usv_03.velocity_controller_node]: 🚀 纯RL导航中: rl(vx=0.12, ω=0.01) -> final(vx=0.12, ω=0.01), raw仅观测(vx=0.00, ω=0.00), 距离=0.13m, 队列=0
[INFO] [1774659526.089822080] [usv_01.velocity_controller_node]: 🚀 纯RL导航中: rl(vx=0.40, ω=-0.38) -> final(vx=0.40, ω=-0.38), raw仅观测(vx=0.00, ω=0.00), 距离=3.30m, 队列=0
[INFO] [1774659526.174458543] [usv_02.velocity_controller_node]: 🚀 纯RL导航中: rl(vx=0.40, ω=-0.40) -> final(vx=0.40, ω=-0.40), raw仅观测(vx=0.00, ω=0.00), 距离=3.39m, 队列=0
[INFO] [1774659526.189767908] [usv_01.velocity_controller_node]: 🚀 纯RL导航中: rl(vx=0.40, ω=-0.40) -> final(vx=0.40, ω=-0.40), raw仅观测(vx=0.00, ω=0.00), 距离=1.90m, 队列=0
[INFO] [1774659526.424820672] [usv_02.velocity_controller_node]: 🚀 纯RL导航中: rl(vx=0.40, ω=-0.40) -> final(vx=0.40, ω=-0.40), raw仅观测(vx=0.00, ω=0.00), 距离=2.42m, 队列=0
[INFO] [1774659528.009369468] [usv_03.velocity_controller_node]: 🚀 纯RL导航中: rl(vx=0.40, ω=0.40) -> final(vx=0.40, ω=0.40), raw仅观测(vx=0.00, ω=0.00), 距离=1.89m, 队列=0
[INFO] [1774659528.061043061] [usv_03.velocity_controller_node]: 🚀 纯RL导航中: rl(vx=0.40, ω=0.40) -> final(vx=0.40, ω=0.40), raw仅观测(vx=0.00, ω=0.00), 距离=0.51m, 队列=0
[INFO] [1774659528.088304032] [usv_01.velocity_controller_node]: 🚀 纯RL导航中: rl(vx=0.40, ω=0.13) -> final(vx=0.40, ω=0.13), raw仅观测(vx=0.00, ω=0.00), 距离=2.76m, 队列=0
[INFO] [1774659528.174200618] [usv_02.velocity_controller_node]: 🚀 纯RL导航中: rl(vx=0.12, ω=0.40) -> final(vx=0.12, ω=0.40), raw仅观测(vx=0.00, ω=0.00), 距离=3.86m, 队列=0
[INFO] [1774659528.187797753] [usv_01.velocity_controller_node]: 🚀 纯RL导航中: rl(vx=0.40, ω=-0.40) -> final(vx=0.40, ω=-0.40), raw仅观测(vx=0.00, ω=0.00), 距离=1.25m, 队列=0
[INFO] [1774659528.424806150] [usv_02.velocity_controller_node]: 🚀 纯RL导航中: rl(vx=0.12, ω=0.40) -> final(vx=0.12, ω=0.40), raw仅观测(vx=0.00, ω=0.00), 距离=2.96m, 队列=0
[INFO] [1774659530.010881673] [usv_03.velocity_controller_node]: 🚀 纯RL导航中: rl(vx=0.12, ω=-0.20) -> final(vx=0.12, ω=-0.20), raw仅观测(vx=0.00, ω=0.00), 距离=2.09m, 队列=0
[INFO] [1774659530.063570385] [usv_03.velocity_controller_node]: 🚀 纯RL导航中: rl(vx=0.40, ω=0.32) -> final(vx=0.40, ω=0.32), raw仅观测(vx=0.00, ω=0.00), 距离=1.07m, 队列=0
[INFO] [1774659530.088522716] [usv_01.velocity_controller_node]: 🚀 纯RL导航中: rl(vx=0.40, ω=-0.40) -> final(vx=0.40, ω=-0.40), raw仅观测(vx=0.00, ω=0.00), 距离=2.12m, 队列=0
[INFO] [1774659530.174471004] [usv_02.velocity_controller_node]: 🚀 纯RL导航中: rl(vx=0.40, ω=0.40) -> final(vx=0.40, ω=0.40), raw仅观测(vx=0.00, ω=0.00), 距离=4.18m, 队列=0
[INFO] [1774659530.188311444] [usv_01.velocity_controller_node]: 🚀 纯RL导航中: rl(vx=0.40, ω=-0.40) -> final(vx=0.40, ω=-0.40), raw仅观测(vx=0.00, ω=0.00), 距离=0.57m, 队列=0
[INFO] [1774659530.772571657] [usv_01.velocity_controller_node]: 📨 velocity_controller 收到目标 [ID=1013]: (12.14, -0.32), nav_mode=0, control_mode=velocity
[INFO] [1774659530.772959964] [usv_01.velocity_controller_node]: 📊 导航状态: IDLE → ACTIVE (新导航目标[ID=1013])
[INFO] [1774659530.773433072] [usv_01.velocity_controller_node]: 🎯 新导航目标 [ID=1013]: (12.14, -0.32), 速度=0.40 m/s
[INFO] [1774659530.820659590] [usv_01.velocity_controller_node]: 📨 velocity_controller 收到目标 [ID=1013]: (12.14, -0.32), nav_mode=0, control_mode=velocity
[INFO] [1774659530.872380385] [usv_01.velocity_controller_node]: 📨 velocity_controller 收到目标 [ID=1013]: (12.14, -0.32), nav_mode=0, control_mode=velocity
[INFO] [1774659530.921355433] [usv_01.velocity_controller_node]: 📨 velocity_controller 收到目标 [ID=1013]: (12.14, -0.32), nav_mode=0, control_mode=velocity
[INFO] [1774659530.974201647] [usv_01.velocity_controller_node]: 📨 velocity_controller 收到目标 [ID=1013]: (12.14, -0.32), nav_mode=0, control_mode=velocity
[INFO] [1774659531.022364881] [usv_02.velocity_controller_node]: 📨 velocity_controller 收到目标 [ID=2013]: (-0.20, 0.61), nav_mode=0, control_mode=velocity
[INFO] [1774659531.022773788] [usv_02.velocity_controller_node]: 📊 导航状态: IDLE → ACTIVE (新导航目标[ID=2013])
[INFO] [1774659531.023214496] [usv_02.velocity_controller_node]: 🎯 新导航目标 [ID=2013]: (-0.20, 0.61), 速度=0.40 m/s
[INFO] [1774659531.076275114] [usv_02.velocity_controller_node]: 📨 velocity_controller 收到目标 [ID=2013]: (-0.20, 0.61), nav_mode=0, control_mode=velocity
[INFO] [1774659531.124938157] [usv_02.velocity_controller_node]: 📨 velocity_controller 收到目标 [ID=2013]: (-0.20, 0.61), nav_mode=0, control_mode=velocity
[INFO] [1774659531.196801801] [usv_02.velocity_controller_node]: 🚀 纯RL导航中: rl(vx=0.12, ω=-0.40) -> final(vx=0.12, ω=-0.40), raw仅观测(vx=0.39, ω=-0.04), 距离=11.91m, 队列=0
[INFO] [1774659531.205268047] [usv_02.velocity_controller_node]: 📨 velocity_controller 收到目标 [ID=2013]: (-0.20, 0.61), nav_mode=0, control_mode=velocity
[INFO] [1774659531.237796010] [usv_02.velocity_controller_node]: 📨 velocity_controller 收到目标 [ID=2013]: (-0.20, 0.61), nav_mode=0, control_mode=velocity
[INFO] [1774659531.280370847] [usv_03.velocity_controller_node]: 📨 velocity_controller 收到目标 [ID=3013]: (-0.10, 13.60), nav_mode=0, control_mode=velocity
[INFO] [1774659531.284069011] [usv_03.velocity_controller_node]: 📊 导航状态: IDLE → ACTIVE (新导航目标[ID=3013])
[INFO] [1774659531.284657321] [usv_03.velocity_controller_node]: 🎯 新导航目标 [ID=3013]: (-0.10, 13.60), 速度=0.40 m/s
[INFO] [1774659531.340525488] [usv_03.velocity_controller_node]: 📨 velocity_controller 收到目标 [ID=3013]: (-0.10, 13.60), nav_mode=0, control_mode=velocity
[INFO] [1774659531.379046755] [usv_03.velocity_controller_node]: 📨 velocity_controller 收到目标 [ID=3013]: (-0.10, 13.60), nav_mode=0, control_mode=velocity
[INFO] [1774659531.435896239] [usv_03.velocity_controller_node]: 📨 velocity_controller 收到目标 [ID=3013]: (-0.10, 13.60), nav_mode=0, control_mode=velocity
[INFO] [1774659531.487361130] [usv_03.velocity_controller_node]: 📨 velocity_controller 收到目标 [ID=3013]: (-0.10, 13.60), nav_mode=0, control_mode=velocity
[INFO] [1774659532.063622105] [usv_03.velocity_controller_node]: 🚀 纯RL导航中: rl(vx=0.40, ω=0.40) -> final(vx=0.40, ω=0.40), raw仅观测(vx=0.00, ω=0.00), 距离=1.68m, 队列=0
[INFO] [1774659532.090214266] [usv_01.velocity_controller_node]: 🚀 纯RL导航中: rl(vx=0.12, ω=-0.40) -> final(vx=0.12, ω=-0.40), raw仅观测(vx=0.00, ω=0.00), 距离=1.54m, 队列=0
[INFO] [1774659532.174409323] [usv_02.velocity_controller_node]: 🚀 纯RL导航中: rl(vx=0.12, ω=-0.40) -> final(vx=0.12, ω=-0.40), raw仅观测(vx=0.00, ω=0.00), 距离=4.30m, 队列=0
[INFO] [1774659532.666386139] [usv_01.velocity_controller_node]: 🚀 纯RL导航中: rl(vx=0.12, ω=0.40) -> final(vx=0.12, ω=0.40), raw仅观测(vx=0.13, ω=0.32), 距离=11.29m, 队列=0
[INFO] [1774659533.004740096] [usv_03.velocity_controller_node]: 🚀 纯RL导航中: rl(vx=0.12, ω=-0.36) -> final(vx=0.12, ω=-0.36), raw仅观测(vx=0.12, ω=0.13), 距离=1.66m, 队列=0
[MAPPO][update=1175] total_steps=676800 rollout_steps=192 sample_count=576 rollout_time=22.66s rollout_sps=25.4 update_time=0.07s update_sps=23517.9 update_share=0.32% loss=666.8969 mean_reward=-3.3269 episodes=1 entropy_coef=0.0300 lr=3.00e-05 gpu=cpu
[INFO] [1774659533.336285135] [usv_02.velocity_controller_node]: 🚀 纯RL导航中: rl(vx=0.31, ω=-0.40) -> final(vx=0.31, ω=-0.40), raw仅观测(vx=0.40, ω=0.12), 距离=11.65m, 队列=0
[INFO] [1774659534.068476809] [usv_03.velocity_controller_node]: 🚀 纯RL导航中: rl(vx=0.40, ω=0.40) -> final(vx=0.40, ω=0.40), raw仅观测(vx=0.00, ω=0.00), 距离=2.61m, 队列=0
[INFO] [1774659534.091201502] [usv_01.velocity_controller_node]: 🚀 纯RL导航中: rl(vx=0.12, ω=0.15) -> final(vx=0.12, ω=0.15), raw仅观测(vx=0.00, ω=0.00), 距离=1.05m, 队列=0
[INFO] [1774659534.174639247] [usv_02.velocity_controller_node]: 🚀 纯RL导航中: rl(vx=0.40, ω=-0.40) -> final(vx=0.40, ω=-0.40), raw仅观测(vx=0.00, ω=0.00), 距离=4.68m, 队列=0
[INFO] [1774659534.659101933] [usv_01.velocity_controller_node]: 🚀 纯RL导航中: rl(vx=0.37, ω=-0.40) -> final(vx=0.37, ω=-0.40), raw仅观测(vx=0.12, ω=0.40), 距离=10.96m, 队列=0
[INFO] [1774659535.012835056] [usv_03.velocity_controller_node]: 🚀 纯RL导航中: rl(vx=0.12, ω=-0.40) -> final(vx=0.12, ω=-0.40), raw仅观测(vx=0.00, ω=0.00), 距离=1.40m, 队列=0
[INFO] [1774659535.339317807] [usv_02.velocity_controller_node]: 🚀 纯RL导航中: rl(vx=0.40, ω=0.40) -> final(vx=0.40, ω=0.40), raw仅观测(vx=0.12, ω=0.38), 距离=10.85m, 队列=0
[INFO] [1774659536.062101018] [usv_03.velocity_controller_node]: 🚀 纯RL导航中: rl(vx=0.12, ω=0.14) -> final(vx=0.12, ω=0.14), raw仅观测(vx=0.00, ω=0.00), 距离=2.80m, 队列=0
[INFO] [1774659536.095310293] [usv_01.velocity_controller_node]: 🚀 纯RL导航中: rl(vx=0.12, ω=-0.29) -> final(vx=0.12, ω=-0.29), raw仅观测(vx=0.00, ω=0.00), 距离=0.59m, 队列=0
[INFO] [1774659536.175679484] [usv_02.velocity_controller_node]: 🚀 纯RL导航中: rl(vx=0.12, ω=-0.40) -> final(vx=0.12, ω=-0.40), raw仅观测(vx=0.00, ω=0.00), 距离=4.96m, 队列=0
[INFO] [1774659536.659719663] [usv_01.velocity_controller_node]: 🚀 纯RL导航中: rl(vx=0.40, ω=0.20) -> final(vx=0.40, ω=0.20), raw仅观测(vx=0.11, ω=0.40), 距离=10.62m, 队列=0
[INFO] [1774659537.016858245] [usv_03.velocity_controller_node]: 🚀 纯RL导航中: rl(vx=0.40, ω=-0.40) -> final(vx=0.40, ω=-0.40), raw仅观测(vx=0.00, ω=0.00), 距离=1.24m, 队列=0
[INFO] [1774659537.220439469] [usv_01.velocity_controller_node]: 📨 velocity_controller 收到目标 [ID=1013]: (12.19, 0.23), nav_mode=0, control_mode=velocity
[INFO] [1774659537.221142681] [usv_01.velocity_controller_node]: 📊 导航状态: IDLE → ACTIVE (新导航目标[ID=1013])
[INFO] [1774659537.221947695] [usv_01.velocity_controller_node]: 🎯 新导航目标 [ID=1013]: (12.19, 0.23), 速度=0.40 m/s
[INFO] [1774659537.287802035] [usv_01.velocity_controller_node]: 📨 velocity_controller 收到目标 [ID=1013]: (12.19, 0.23), nav_mode=0, control_mode=velocity
[INFO] [1774659537.320874408] [usv_01.velocity_controller_node]: 📨 velocity_controller 收到目标 [ID=1013]: (12.19, 0.23), nav_mode=0, control_mode=velocity
[INFO] [1774659537.375745957] [usv_01.velocity_controller_node]: 📨 velocity_controller 收到目标 [ID=1013]: (12.19, 0.23), nav_mode=0, control_mode=velocity
[INFO] [1774659537.392396646] [usv_02.velocity_controller_node]: 🚀 纯RL导航中: rl(vx=0.40, ω=-0.40) -> final(vx=0.40, ω=-0.40), raw仅观测(vx=0.35, ω=-0.08), 距离=10.45m, 队列=0
[INFO] [1774659537.417735884] [usv_01.velocity_controller_node]: 📨 velocity_controller 收到目标 [ID=1013]: (12.19, 0.23), nav_mode=0, control_mode=velocity
[INFO] [1774659537.471433614] [usv_02.velocity_controller_node]: 📨 velocity_controller 收到目标 [ID=2013]: (-0.09, -0.25), nav_mode=0, control_mode=velocity
[INFO] [1774659537.476548202] [usv_02.velocity_controller_node]: 📊 导航状态: IDLE → ACTIVE (新导航目标[ID=2013])
[INFO] [1774659537.480029363] [usv_02.velocity_controller_node]: 🎯 新导航目标 [ID=2013]: (-0.09, -0.25), 速度=0.40 m/s
[INFO] [1774659537.519757050] [usv_02.velocity_controller_node]: 📨 velocity_controller 收到目标 [ID=2013]: (-0.09, -0.25), nav_mode=0, control_mode=velocity
[INFO] [1774659537.591009684] [usv_02.velocity_controller_node]: 📨 velocity_controller 收到目标 [ID=2013]: (-0.09, -0.25), nav_mode=0, control_mode=velocity
[INFO] [1774659537.618616662] [usv_02.velocity_controller_node]: 📨 velocity_controller 收到目标 [ID=2013]: (-0.09, -0.25), nav_mode=0, control_mode=velocity
[INFO] [1774659537.674289325] [usv_02.velocity_controller_node]: 📨 velocity_controller 收到目标 [ID=2013]: (-0.09, -0.25), nav_mode=0, control_mode=velocity
[INFO] [1774659537.721195837] [usv_03.velocity_controller_node]: 📨 velocity_controller 收到目标 [ID=3013]: (0.05, 13.36), nav_mode=0, control_mode=velocity
[INFO] [1774659537.721610844] [usv_03.velocity_controller_node]: 📊 导航状态: IDLE → ACTIVE (新导航目标[ID=3013])
[INFO] [1774659537.722220055] [usv_03.velocity_controller_node]: 🎯 新导航目标 [ID=3013]: (0.05, 13.36), 速度=0.40 m/s
[INFO] [1774659537.776535395] [usv_03.velocity_controller_node]: 📨 velocity_controller 收到目标 [ID=3013]: (0.05, 13.36), nav_mode=0, control_mode=velocity
[INFO] [1774659537.821170868] [usv_03.velocity_controller_node]: 📨 velocity_controller 收到目标 [ID=3013]: (0.05, 13.36), nav_mode=0, control_mode=velocity
[INFO] [1774659537.879544478] [usv_03.velocity_controller_node]: 📨 velocity_controller 收到目标 [ID=3013]: (0.05, 13.36), nav_mode=0, control_mode=velocity
[INFO] [1774659537.922002113] [usv_03.velocity_controller_node]: 📨 velocity_controller 收到目标 [ID=3013]: (0.05, 13.36), nav_mode=0, control_mode=velocity
[INFO] [1774659538.557299207] [usv_01.velocity_controller_node]: 🚀 纯RL导航中: rl(vx=0.40, ω=-0.40) -> final(vx=0.40, ω=-0.40), raw仅观测(vx=0.17, ω=-0.28), 距离=11.70m, 队列=0
[INFO] [1774659538.676794575] [usv_01.velocity_controller_node]: 🚀 纯RL导航中: rl(vx=0.12, ω=0.40) -> final(vx=0.12, ω=0.40), raw仅观测(vx=0.11, ω=0.40), 距离=9.98m, 队列=0
[INFO] [1774659538.934502635] [usv_02.velocity_controller_node]: 🚀 纯RL导航中: rl(vx=0.12, ω=0.40) -> final(vx=0.12, ω=0.40), raw仅观测(vx=0.12, ω=-0.40), 距离=12.10m, 队列=0
[INFO] [1774659539.009377531] [usv_03.velocity_controller_node]: 🚀 纯RL导航中: rl(vx=0.12, ω=0.40) -> final(vx=0.12, ω=0.40), raw仅观测(vx=0.00, ω=0.00), 距离=1.05m, 队列=0
[INFO] [1774659539.090406233] [usv_03.velocity_controller_node]: 🚀 纯RL导航中: rl(vx=0.12, ω=0.27) -> final(vx=0.12, ω=0.27), raw仅观测(vx=0.05, ω=0.20), 距离=1.30m, 队列=0
[INFO] [1774659539.434860794] [usv_02.velocity_controller_node]: 🚀 纯RL导航中: rl(vx=0.40, ω=0.13) -> final(vx=0.40, ω=0.13), raw仅观测(vx=0.36, ω=0.20), 距离=9.33m, 队列=0
[INFO] [1774659540.606509369] [usv_01.velocity_controller_node]: 🚀 纯RL导航中: rl(vx=0.40, ω=-0.40) -> final(vx=0.40, ω=-0.40), raw仅观测(vx=0.35, ω=0.17), 距离=11.25m, 队列=0
[INFO] [1774659540.668983251] [usv_01.velocity_controller_node]: 🚀 纯RL导航中: rl(vx=0.12, ω=-0.30) -> final(vx=0.12, ω=-0.30), raw仅观测(vx=0.11, ω=0.40), 距离=9.71m, 队列=0
[INFO] [1774659540.986948653] [usv_02.velocity_controller_node]: 🚀 纯RL导航中: rl(vx=0.12, ω=-0.17) -> final(vx=0.12, ω=-0.17), raw仅观测(vx=0.11, ω=-0.40), 距离=11.73m, 队列=0
[INFO] [1774659541.010419059] [usv_03.velocity_controller_node]: 🚀 纯RL导航中: rl(vx=0.12, ω=-0.40) -> final(vx=0.12, ω=-0.40), raw仅观测(vx=0.00, ω=0.00), 距离=0.78m, 队列=0
[INFO] [1774659541.135684227] [usv_03.velocity_controller_node]: 🚀 纯RL导航中: rl(vx=0.12, ω=0.09) -> final(vx=0.12, ω=0.09), raw仅观测(vx=0.05, ω=0.35), 距离=0.79m, 队列=0
[INFO] [1774659541.583698880] [usv_02.velocity_controller_node]: 🚀 纯RL导航中: rl(vx=0.12, ω=0.40) -> final(vx=0.12, ω=0.40), raw仅观测(vx=0.24, ω=0.40), 距离=8.88m, 队列=0
[INFO] [1774659542.614876725] [usv_01.velocity_controller_node]: 🚀 纯RL导航中: rl(vx=0.40, ω=-0.40) -> final(vx=0.40, ω=-0.40), raw仅观测(vx=0.37, ω=0.11), 距离=10.74m, 队列=0
[INFO] [1774659542.661611733] [usv_01.velocity_controller_node]: 🚀 纯RL导航中: rl(vx=0.12, ω=-0.40) -> final(vx=0.12, ω=-0.40), raw仅观测(vx=0.12, ω=0.40), 距离=9.10m, 队列=0
[INFO] [1774659542.988947098] [usv_02.velocity_controller_node]: 🚀 纯RL导航中: rl(vx=0.39, ω=-0.40) -> final(vx=0.39, ω=-0.40), raw仅观测(vx=0.11, ω=-0.40), 距离=11.04m, 队列=0
[INFO] [1774659543.094801430] [usv_03.velocity_controller_node]: 🚀 纯RL导航中: rl(vx=0.12, ω=0.40) -> final(vx=0.12, ω=0.40), raw仅观测(vx=0.00, ω=0.00), 距离=0.73m, 队列=0
[INFO] [1774659543.115577389] [usv_03.velocity_controller_node]: 🚀 纯RL导航中: rl(vx=0.12, ω=-0.40) -> final(vx=0.12, ω=-0.40), raw仅观测(vx=0.00, ω=0.00), 距离=0.51m, 队列=0
[INFO] [1774659543.613374204] [usv_02.velocity_controller_node]: 🚀 纯RL导航中: rl(vx=0.40, ω=0.40) -> final(vx=0.40, ω=0.40), raw仅观测(vx=0.12, ω=0.40), 距离=8.44m, 队列=0
[INFO] [1774659544.609280638] [usv_01.velocity_controller_node]: 🚀 纯RL导航中: rl(vx=0.40, ω=0.03) -> final(vx=0.40, ω=0.03), raw仅观测(vx=0.12, ω=0.40), 距离=10.11m, 队列=0
[INFO] [1774659544.654036713] [usv_01.velocity_controller_node]: 🚀 纯RL导航中: rl(vx=0.40, ω=0.40) -> final(vx=0.40, ω=0.40), raw仅观测(vx=0.11, ω=0.40), 距离=9.00m, 队列=0
[INFO] [1774659544.985333646] [usv_02.velocity_controller_node]: 🚀 纯RL导航中: rl(vx=0.40, ω=0.40) -> final(vx=0.40, ω=0.40), raw仅观测(vx=0.18, ω=-0.34), 距离=10.48m, 队列=0
[INFO] [1774659545.060160541] [usv_03.velocity_controller_node]: 🚀 纯RL导航中: rl(vx=0.12, ω=-0.28) -> final(vx=0.12, ω=-0.28), raw仅观测(vx=0.00, ω=0.00), 距离=0.58m, 队列=0
[INFO] [1774659545.112276143] [usv_03.velocity_controller_node]: 🚀 纯RL导航中: rl(vx=0.40, ω=0.40) -> final(vx=0.40, ω=0.40), raw仅观测(vx=0.00, ω=0.00), 距离=0.60m, 队列=0
[INFO] [1774659545.577508094] [usv_02.velocity_controller_node]: 🚀 纯RL导航中: rl(vx=0.12, ω=-0.40) -> final(vx=0.12, ω=-0.40), raw仅观测(vx=0.00, ω=0.00), 距离=7.91m, 队列=0
[INFO] [1774659546.609020430] [usv_01.velocity_controller_node]: 🚀 纯RL导航中: rl(vx=0.40, ω=-0.40) -> final(vx=0.40, ω=-0.40), raw仅观测(vx=0.25, ω=0.20), 距离=9.67m, 队列=0
[INFO] [1774659546.657419967] [usv_01.velocity_controller_node]: 🚀 纯RL导航中: rl(vx=0.40, ω=0.40) -> final(vx=0.40, ω=0.40), raw仅观测(vx=0.12, ω=0.40), 距离=8.53m, 队列=0
[INFO] [1774659546.985705240] [usv_02.velocity_controller_node]: 🚀 纯RL导航中: rl(vx=0.40, ω=-0.40) -> final(vx=0.40, ω=-0.40), raw仅观测(vx=0.30, ω=-0.12), 距离=10.14m, 队列=0
[INFO] [1774659547.058817703] [usv_03.velocity_controller_node]: 🚀 纯RL导航中: rl(vx=0.40, ω=-0.40) -> final(vx=0.40, ω=-0.40), raw仅观测(vx=0.00, ω=0.00), 距离=0.77m, 队列=0
[INFO] [1774659547.126603475] [usv_03.velocity_controller_node]: 🚀 纯RL导航中: rl(vx=0.40, ω=-0.13) -> final(vx=0.40, ω=-0.13), raw仅观测(vx=0.00, ω=0.00), 距离=1.01m, 队列=0
[INFO] [1774659547.576145843] [usv_02.velocity_controller_node]: 🚀 纯RL导航中: rl(vx=0.12, ω=-0.40) -> final(vx=0.12, ω=-0.40), raw仅观测(vx=0.00, ω=0.00), 距离=7.38m, 队列=0
[INFO] [1774659548.603825503] [usv_01.velocity_controller_node]: 🚀 纯RL导航中: rl(vx=0.31, ω=-0.40) -> final(vx=0.31, ω=-0.40), raw仅观测(vx=0.11, ω=0.40), 距离=9.33m, 队列=0
[INFO] [1774659548.637775790] [usv_01.velocity_controller_node]: 🚀 纯RL导航中: rl(vx=0.12, ω=0.40) -> final(vx=0.12, ω=0.40), raw仅观测(vx=0.00, ω=0.00), 距离=8.02m, 队列=0
[INFO] [1774659549.060456694] [usv_03.velocity_controller_node]: 🚀 纯RL导航中: rl(vx=0.12, ω=-0.40) -> final(vx=0.12, ω=-0.40), raw仅观测(vx=0.00, ω=0.00), 距离=0.86m, 队列=0
[INFO] [1774659549.090097506] [usv_02.velocity_controller_node]: 🚀 纯RL导航中: rl(vx=0.40, ω=-0.40) -> final(vx=0.40, ω=-0.40), raw仅观测(vx=0.24, ω=-0.37), 距离=9.40m, 队列=0
[INFO] [1774659549.112369391] [usv_03.velocity_controller_node]: 🚀 纯RL导航中: rl(vx=0.40, ω=0.17) -> final(vx=0.40, ω=0.17), raw仅观测(vx=0.00, ω=0.00), 距离=1.56m, 队列=0
[INFO] [1774659549.588944227] [usv_02.velocity_controller_node]: 🚀 纯RL导航中: rl(vx=0.12, ω=0.40) -> final(vx=0.12, ω=0.40), raw仅观测(vx=0.00, ω=0.00), 距离=7.21m, 队列=0
[INFO] [1774659550.606327109] [usv_01.velocity_controller_node]: 🚀 纯RL导航中: rl(vx=0.12, ω=0.40) -> final(vx=0.12, ω=0.40), raw仅观测(vx=0.12, ω=0.40), 距离=8.64m, 队列=0
[INFO] [1774659550.637249743] [usv_01.velocity_controller_node]: 🚀 纯RL导航中: rl(vx=0.40, ω=-0.40) -> final(vx=0.40, ω=-0.40), raw仅观测(vx=0.00, ω=0.00), 距离=7.65m, 队列=0
[INFO] [1774659551.059385938] [usv_03.velocity_controller_node]: 🚀 纯RL导航中: rl(vx=0.40, ω=-0.39) -> final(vx=0.40, ω=-0.39), raw仅观测(vx=0.00, ω=0.00), 距离=1.49m, 队列=0
[INFO] [1774659551.118474159] [usv_03.velocity_controller_node]: 🚀 纯RL导航中: rl(vx=0.12, ω=-0.23) -> final(vx=0.12, ω=-0.23), raw仅观测(vx=0.00, ω=0.00), 距离=2.07m, 队列=0
[INFO] [1774659551.137584889] [usv_02.velocity_controller_node]: 🚀 纯RL导航中: rl(vx=0.15, ω=0.03) -> final(vx=0.15, ω=0.03), raw仅观测(vx=0.37, ω=0.20), 距离=8.54m, 队列=0
[INFO] [1774659551.584718116] [usv_02.velocity_controller_node]: 🚀 纯RL导航中: rl(vx=0.12, ω=-0.40) -> final(vx=0.12, ω=-0.40), raw仅观测(vx=0.00, ω=0.00), 距离=6.61m, 队列=0
[INFO] [1774659552.633733745] [usv_01.velocity_controller_node]: 🚀 纯RL导航中: rl(vx=0.40, ω=0.40) -> final(vx=0.40, ω=0.40), raw仅观测(vx=0.00, ω=0.00), 距离=7.08m, 队列=0
[INFO] [1774659552.636819498] [usv_01.velocity_controller_node]: 🚀 纯RL导航中: rl(vx=0.12, ω=0.25) -> final(vx=0.12, ω=0.25), raw仅观测(vx=0.00, ω=0.00), 距离=8.00m, 队列=0
[INFO] [1774659553.067199136] [usv_03.velocity_controller_node]: 🚀 纯RL导航中: rl(vx=0.12, ω=-0.40) -> final(vx=0.12, ω=-0.40), raw仅观测(vx=0.00, ω=0.00), 距离=1.91m, 队列=0
[INFO] [1774659553.113605438] [usv_03.velocity_controller_node]: 🚀 纯RL导航中: rl(vx=0.12, ω=0.40) -> final(vx=0.12, ω=0.40), raw仅观测(vx=0.00, ω=0.00), 距离=2.37m, 队列=0
[INFO] [1774659553.138427766] [usv_02.velocity_controller_node]: 🚀 纯RL导航中: rl(vx=0.40, ω=-0.25) -> final(vx=0.40, ω=-0.25), raw仅观测(vx=0.12, ω=0.40), 距离=8.13m, 队列=0
[INFO] [1774659553.577191849] [usv_02.velocity_controller_node]: 🚀 纯RL导航中: rl(vx=0.40, ω=-0.40) -> final(vx=0.40, ω=-0.40), raw仅观测(vx=0.00, ω=0.00), 距离=6.21m, 队列=0
[INFO] [1774659554.640201707] [usv_01.velocity_controller_node]: 🚀 纯RL导航中: rl(vx=0.12, ω=0.40) -> final(vx=0.12, ω=0.40), raw仅观测(vx=0.00, ω=0.00), 距离=6.54m, 队列=0
[INFO] [1774659554.640947020] [usv_01.velocity_controller_node]: 🚀 纯RL导航中: rl(vx=0.40, ω=-0.40) -> final(vx=0.40, ω=-0.40), raw仅观测(vx=0.00, ω=0.00), 距离=7.54m, 队列=0
[INFO] [1774659555.063275010] [usv_03.velocity_controller_node]: 🚀 纯RL导航中: rl(vx=0.12, ω=-0.39) -> final(vx=0.12, ω=-0.39), raw仅观测(vx=0.00, ω=0.00), 距离=2.10m, 队列=0
[INFO] [1774659555.115026503] [usv_03.velocity_controller_node]: 🚀 纯RL导航中: rl(vx=0.12, ω=0.40) -> final(vx=0.12, ω=0.40), raw仅观测(vx=0.00, ω=0.00), 距离=2.94m, 队列=0
[INFO] [1774659555.127573120] [usv_02.velocity_controller_node]: 🚀 纯RL导航中: rl(vx=0.40, ω=0.40) -> final(vx=0.40, ω=0.40), raw仅观测(vx=0.00, ω=0.00), 距离=7.52m, 队列=0
[INFO] [1774659555.576605671] [usv_02.velocity_controller_node]: 🚀 纯RL导航中: rl(vx=0.12, ω=-0.40) -> final(vx=0.12, ω=-0.40), raw仅观测(vx=0.00, ω=0.00), 距离=5.52m, 队列=0
[MAPPO][update=1176] total_steps=677376 rollout_steps=192 sample_count=576 rollout_time=22.65s rollout_sps=25.4 update_time=0.08s update_sps=21062.3 update_share=0.36% loss=206.0830 mean_reward=-1.8314 episodes=1 entropy_coef=0.0300 lr=3.00e-05 gpu=cpu
[INFO] [1774659556.635493948] [usv_01.velocity_controller_node]: 🚀 纯RL导航中: rl(vx=0.12, ω=0.21) -> final(vx=0.12, ω=0.21), raw仅观测(vx=0.00, ω=0.00), 距离=7.19m, 队列=0
[INFO] [1774659556.638240596] [usv_01.velocity_controller_node]: 🚀 纯RL导航中: rl(vx=0.40, ω=-0.40) -> final(vx=0.40, ω=-0.40), raw仅观测(vx=0.00, ω=0.00), 距离=6.24m, 队列=0
[INFO] [1774659557.100014867] [usv_03.velocity_controller_node]: 🚀 纯RL导航中: rl(vx=0.12, ω=0.25) -> final(vx=0.12, ω=0.25), raw仅观测(vx=0.00, ω=0.00), 距离=2.08m, 队列=0
[INFO] [1774659557.136122290] [usv_03.velocity_controller_node]: 🚀 纯RL导航中: rl(vx=0.12, ω=-0.40) -> final(vx=0.12, ω=-0.40), raw仅观测(vx=0.00, ω=0.00), 距离=3.09m, 队列=0
[INFO] [1774659557.137099807] [usv_02.velocity_controller_node]: 🚀 纯RL导航中: rl(vx=0.12, ω=-0.40) -> final(vx=0.12, ω=-0.40), raw仅观测(vx=0.00, ω=0.00), 距离=6.88m, 队列=0
[INFO] [1774659557.611035488] [usv_02.velocity_controller_node]: 🚀 纯RL导航中: rl(vx=0.12, ω=0.40) -> final(vx=0.12, ω=0.40), raw仅观测(vx=0.00, ω=0.00), 距离=5.19m, 队列=0
[INFO] [1774659558.653013773] [usv_01.velocity_controller_node]: 🚀 纯RL导航中: rl(vx=0.12, ω=-0.24) -> final(vx=0.12, ω=-0.24), raw仅观测(vx=0.00, ω=0.00), 距离=5.68m, 队列=0
[INFO] [1774659558.713812123] [usv_01.velocity_controller_node]: 🚀 纯RL导航中: rl(vx=0.40, ω=-0.40) -> final(vx=0.40, ω=-0.40), raw仅观测(vx=0.00, ω=0.00), 距离=6.80m, 队列=0
[INFO] [1774659559.113947330] [usv_03.velocity_controller_node]: 🚀 纯RL导航中: rl(vx=0.12, ω=0.40) -> final(vx=0.12, ω=0.40), raw仅观测(vx=0.00, ω=0.00), 距离=2.39m, 队列=0
[INFO] [1774659559.115427155] [usv_03.velocity_controller_node]: 🚀 纯RL导航中: rl(vx=0.12, ω=-0.28) -> final(vx=0.12, ω=-0.28), raw仅观测(vx=0.00, ω=0.00), 距离=3.54m, 队列=0
[INFO] [1774659559.174952383] [usv_02.velocity_controller_node]: 🚀 纯RL导航中: rl(vx=0.40, ω=-0.40) -> final(vx=0.40, ω=-0.40), raw仅观测(vx=0.00, ω=0.00), 距离=6.39m, 队列=0
[INFO] [1774659559.662119392] [usv_02.velocity_controller_node]: 🚀 纯RL导航中: rl(vx=0.12, ω=0.40) -> final(vx=0.12, ω=0.40), raw仅观测(vx=0.00, ω=0.00), 距离=5.14m, 队列=0
[INFO] [1774659559.760551491] [usv_01.velocity_controller_node]: 📨 velocity_controller 收到目标 [ID=1014]: (11.76, 0.15), nav_mode=0, control_mode=velocity
[INFO] [1774659559.761136401] [usv_01.velocity_controller_node]: 📊 导航状态: IDLE → ACTIVE (新导航目标[ID=1014])
[INFO] [1774659559.761814113] [usv_01.velocity_controller_node]: 🎯 新导航目标 [ID=1014]: (11.76, 0.15), 速度=0.40 m/s
[INFO] [1774659559.816139051] [usv_01.velocity_controller_node]: 📨 velocity_controller 收到目标 [ID=1014]: (11.76, 0.15), nav_mode=0, control_mode=velocity
[INFO] [1774659559.860476816] [usv_01.velocity_controller_node]: 📨 velocity_controller 收到目标 [ID=1014]: (11.76, 0.15), nav_mode=0, control_mode=velocity
[INFO] [1774659559.909580763] [usv_01.velocity_controller_node]: 📨 velocity_controller 收到目标 [ID=1014]: (11.76, 0.15), nav_mode=0, control_mode=velocity
[INFO] [1774659559.962288573] [usv_01.velocity_controller_node]: 📨 velocity_controller 收到目标 [ID=1014]: (11.76, 0.15), nav_mode=0, control_mode=velocity
[INFO] [1774659560.012595742] [usv_02.velocity_controller_node]: 📨 velocity_controller 收到目标 [ID=2014]: (5.94, 5.89), nav_mode=0, control_mode=velocity
[INFO] [1774659560.013035749] [usv_02.velocity_controller_node]: 📊 导航状态: IDLE → ACTIVE (新导航目标[ID=2014])
[INFO] [1774659560.018619146] [usv_02.velocity_controller_node]: 🎯 新导航目标 [ID=2014]: (5.94, 5.89), 速度=0.40 m/s
[INFO] [1774659560.062016995] [usv_02.velocity_controller_node]: 📨 velocity_controller 收到目标 [ID=2014]: (5.94, 5.89), nav_mode=0, control_mode=velocity
[INFO] [1774659560.112834372] [usv_02.velocity_controller_node]: 📨 velocity_controller 收到目标 [ID=2014]: (5.94, 5.89), nav_mode=0, control_mode=velocity
[INFO] [1774659560.163210241] [usv_02.velocity_controller_node]: 📨 velocity_controller 收到目标 [ID=2014]: (5.94, 5.89), nav_mode=0, control_mode=velocity
[INFO] [1774659560.213057902] [usv_02.velocity_controller_node]: 📨 velocity_controller 收到目标 [ID=2014]: (5.94, 5.89), nav_mode=0, control_mode=velocity
[INFO] [1774659560.263286969] [usv_03.velocity_controller_node]: 📨 velocity_controller 收到目标 [ID=3014]: (-0.15, -0.51), nav_mode=0, control_mode=velocity
[INFO] [1774659560.274066155] [usv_03.velocity_controller_node]: 📊 导航状态: IDLE → ACTIVE (新导航目标[ID=3014])
[INFO] [1774659560.291777761] [usv_03.velocity_controller_node]: 🎯 新导航目标 [ID=3014]: (-0.15, -0.51), 速度=0.40 m/s
[INFO] [1774659560.318142516] [usv_03.velocity_controller_node]: 📨 velocity_controller 收到目标 [ID=3014]: (-0.15, -0.51), nav_mode=0, control_mode=velocity
[INFO] [1774659560.391782687] [usv_03.velocity_controller_node]: 📨 velocity_controller 收到目标 [ID=3014]: (-0.15, -0.51), nav_mode=0, control_mode=velocity
[INFO] [1774659560.467521094] [usv_03.velocity_controller_node]: 📨 velocity_controller 收到目标 [ID=3014]: (-0.15, -0.51), nav_mode=0, control_mode=velocity
[INFO] [1774659560.486549323] [usv_03.velocity_controller_node]: 📨 velocity_controller 收到目标 [ID=3014]: (-0.15, -0.51), nav_mode=0, control_mode=velocity
[INFO] [1774659560.644898756] [usv_01.velocity_controller_node]: 🚀 纯RL导航中: rl(vx=0.12, ω=-0.14) -> final(vx=0.12, ω=-0.14), raw仅观测(vx=0.00, ω=0.00), 距离=5.20m, 队列=0
[INFO] [1774659561.115907086] [usv_03.velocity_controller_node]: 🚀 纯RL导航中: rl(vx=0.12, ω=-0.40) -> final(vx=0.12, ω=-0.40), raw仅观测(vx=0.00, ω=0.00), 距离=2.72m, 队列=0
[INFO] [1774659561.257221126] [usv_01.velocity_controller_node]: 🚀 纯RL导航中: rl(vx=0.12, ω=-0.40) -> final(vx=0.12, ω=-0.40), raw仅观测(vx=0.12, ω=-0.35), 距离=11.97m, 队列=0
[INFO] [1774659561.628947042] [usv_02.velocity_controller_node]: 🚀 纯RL导航中: rl(vx=0.40, ω=0.04) -> final(vx=0.40, ω=0.04), raw仅观测(vx=0.00, ω=0.00), 距离=5.42m, 队列=0
[INFO] [1774659561.893161103] [usv_02.velocity_controller_node]: 🚀 纯RL导航中: rl(vx=0.12, ω=0.35) -> final(vx=0.12, ω=0.35), raw仅观测(vx=0.34, ω=-0.15), 距离=11.42m, 队列=0
[INFO] [1774659562.375166570] [usv_03.velocity_controller_node]: 🚀 纯RL导航中: rl(vx=0.12, ω=-0.40) -> final(vx=0.12, ω=-0.40), raw仅观测(vx=0.24, ω=0.29), 距离=11.48m, 队列=0
[INFO] [1774659562.640839713] [usv_01.velocity_controller_node]: 🚀 纯RL导航中: rl(vx=0.12, ω=0.40) -> final(vx=0.12, ω=0.40), raw仅观测(vx=0.00, ω=0.00), 距离=4.77m, 队列=0
[INFO] [1774659563.110852649] [usv_03.velocity_controller_node]: 🚀 纯RL导航中: rl(vx=0.12, ω=-0.17) -> final(vx=0.12, ω=-0.17), raw仅观测(vx=0.00, ω=0.00), 距离=2.81m, 队列=0
[INFO] [1774659563.260297905] [usv_01.velocity_controller_node]: 🚀 纯RL导航中: rl(vx=0.40, ω=0.27) -> final(vx=0.40, ω=0.27), raw仅观测(vx=0.40, ω=0.18), 距离=11.53m, 队列=0
[INFO] [1774659563.628955908] [usv_02.velocity_controller_node]: 🚀 纯RL导航中: rl(vx=0.12, ω=0.40) -> final(vx=0.12, ω=0.40), raw仅观测(vx=0.00, ω=0.00), 距离=5.50m, 队列=0
[INFO] [1774659563.936252163] [usv_02.velocity_controller_node]: 🚀 纯RL导航中: rl(vx=0.12, ω=-0.40) -> final(vx=0.12, ω=-0.40), raw仅观测(vx=0.12, ω=-0.40), 距离=10.91m, 队列=0
[INFO] [1774659564.422564078] [usv_03.velocity_controller_node]: 🚀 纯RL导航中: rl(vx=0.40, ω=-0.40) -> final(vx=0.40, ω=-0.40), raw仅观测(vx=0.13, ω=0.34), 距离=11.02m, 队列=0
[INFO] [1774659564.637384352] [usv_01.velocity_controller_node]: 🚀 纯RL导航中: rl(vx=0.12, ω=0.40) -> final(vx=0.12, ω=0.40), raw仅观测(vx=0.00, ω=0.00), 距离=4.31m, 队列=0
[INFO] [1774659565.113471392] [usv_03.velocity_controller_node]: 🚀 纯RL导航中: rl(vx=0.12, ω=-0.40) -> final(vx=0.12, ω=-0.40), raw仅观测(vx=0.00, ω=0.00), 距离=3.19m, 队列=0
[INFO] [1774659565.322310763] [usv_01.velocity_controller_node]: 🚀 纯RL导航中: rl(vx=0.12, ω=0.40) -> final(vx=0.12, ω=0.40), raw仅观测(vx=0.14, ω=0.40), 距离=11.02m, 队列=0
[INFO] [1774659565.626615467] [usv_02.velocity_controller_node]: 🚀 纯RL导航中: rl(vx=0.40, ω=0.40) -> final(vx=0.40, ω=0.40), raw仅观测(vx=0.00, ω=0.00), 距离=5.06m, 队列=0
[INFO] [1774659565.959331656] [usv_02.velocity_controller_node]: 🚀 纯RL导航中: rl(vx=0.28, ω=-0.40) -> final(vx=0.28, ω=-0.40), raw仅观测(vx=0.25, ω=-0.27), 距离=10.16m, 队列=0
[INFO] [1774659566.537063034] [usv_03.velocity_controller_node]: 🚀 纯RL导航中: rl(vx=0.12, ω=0.40) -> final(vx=0.12, ω=0.40), raw仅观测(vx=0.28, ω=0.23), 距离=10.59m, 队列=0
[INFO] [1774659566.639463785] [usv_01.velocity_controller_node]: 🚀 纯RL导航中: rl(vx=0.40, ω=-0.40) -> final(vx=0.40, ω=-0.40), raw仅观测(vx=0.00, ω=0.00), 距离=3.77m, 队列=0
[INFO] [1774659567.110065232] [usv_03.velocity_controller_node]: 🚀 纯RL导航中: rl(vx=0.40, ω=-0.40) -> final(vx=0.40, ω=-0.40), raw仅观测(vx=0.00, ω=0.00), 距离=3.35m, 队列=0
[INFO] [1774659567.314370726] [usv_01.velocity_controller_node]: 🚀 纯RL导航中: rl(vx=0.40, ω=-0.40) -> final(vx=0.40, ω=-0.40), raw仅观测(vx=0.12, ω=0.40), 距离=10.63m, 队列=0
[INFO] [1774659567.679577070] [usv_02.velocity_controller_node]: 🚀 纯RL导航中: rl(vx=0.12, ω=0.40) -> final(vx=0.12, ω=0.40), raw仅观测(vx=0.00, ω=0.00), 距离=5.02m, 队列=0
[INFO] [1774659568.036252269] [usv_02.velocity_controller_node]: 🚀 纯RL导航中: rl(vx=0.40, ω=-0.40) -> final(vx=0.40, ω=-0.40), raw仅观测(vx=0.38, ω=-0.06), 距离=9.93m, 队列=0
[INFO] [1774659568.660319040] [usv_01.velocity_controller_node]: 🚀 纯RL导航中: rl(vx=0.40, ω=-0.40) -> final(vx=0.40, ω=-0.40), raw仅观测(vx=0.00, ω=0.00), 距离=3.27m, 队列=0
[INFO] [1774659568.826115275] [usv_03.velocity_controller_node]: 🚀 纯RL导航中: rl(vx=0.12, ω=0.40) -> final(vx=0.12, ω=0.40), raw仅观测(vx=0.14, ω=0.33), 距离=9.85m, 队列=0
[INFO] [1774659569.123583862] [usv_03.velocity_controller_node]: 🚀 纯RL导航中: rl(vx=0.40, ω=0.26) -> final(vx=0.40, ω=0.26), raw仅观测(vx=0.00, ω=0.00), 距离=3.05m, 队列=0
[INFO] [1774659569.442563416] [usv_01.velocity_controller_node]: 🚀 纯RL导航中: rl(vx=0.12, ω=0.40) -> final(vx=0.12, ω=0.40), raw仅观测(vx=0.12, ω=0.40), 距离=10.11m, 队列=0
[INFO] [1774659569.695197636] [usv_02.velocity_controller_node]: 🚀 纯RL导航中: rl(vx=0.40, ω=-0.19) -> final(vx=0.40, ω=-0.19), raw仅观测(vx=0.00, ω=0.00), 距离=4.45m, 队列=0
[INFO] [1774659570.418878084] [usv_02.velocity_controller_node]: 🚀 纯RL导航中: rl(vx=0.12, ω=0.40) -> final(vx=0.12, ω=0.40), raw仅观测(vx=0.15, ω=0.40), 距离=9.12m, 队列=0
[INFO] [1774659570.643442970] [usv_01.velocity_controller_node]: 🚀 纯RL导航中: rl(vx=0.40, ω=-0.40) -> final(vx=0.40, ω=-0.40), raw仅观测(vx=0.00, ω=0.00), 距离=2.63m, 队列=0
[INFO] [1774659571.116385053] [usv_03.velocity_controller_node]: 🚀 纯RL导航中: rl(vx=0.40, ω=-0.40) -> final(vx=0.40, ω=-0.40), raw仅观测(vx=0.00, ω=0.00), 距离=2.73m, 队列=0
[INFO] [1774659571.281757915] [usv_03.velocity_controller_node]: 🚀 纯RL导航中: rl(vx=0.12, ω=-0.40) -> final(vx=0.12, ω=-0.40), raw仅观测(vx=0.37, ω=0.40), 距离=9.21m, 队列=0
[INFO] [1774659571.609672389] [usv_01.velocity_controller_node]: 🚀 纯RL导航中: rl(vx=0.26, ω=0.40) -> final(vx=0.26, ω=0.40), raw仅观测(vx=0.35, ω=-0.04), 距离=9.65m, 队列=0
[INFO] [1774659571.677382361] [usv_02.velocity_controller_node]: 🚀 纯RL导航中: rl(vx=0.12, ω=-0.40) -> final(vx=0.12, ω=-0.40), raw仅观测(vx=0.00, ω=0.00), 距离=4.18m, 队列=0
[INFO] [1774659572.606055131] [usv_02.velocity_controller_node]: 🚀 纯RL导航中: rl(vx=0.40, ω=0.40) -> final(vx=0.40, ω=0.40), raw仅观测(vx=0.32, ω=-0.20), 距离=8.53m, 队列=0
[INFO] [1774659572.658292035] [usv_01.velocity_controller_node]: 🚀 纯RL导航中: rl(vx=0.12, ω=-0.40) -> final(vx=0.12, ω=-0.40), raw仅观测(vx=0.00, ω=0.00), 距离=2.20m, 队列=0
[INFO] [1774659573.122171262] [usv_03.velocity_controller_node]: 🚀 纯RL导航中: rl(vx=0.40, ω=-0.40) -> final(vx=0.40, ω=-0.40), raw仅观测(vx=0.00, ω=0.00), 距离=2.22m, 队列=0
[INFO] [1774659573.458755386] [usv_03.velocity_controller_node]: 🚀 纯RL导航中: rl(vx=0.40, ω=-0.40) -> final(vx=0.40, ω=-0.40), raw仅观测(vx=0.11, ω=0.40), 距离=8.84m, 队列=0
[INFO] [1774659573.685899017] [usv_02.velocity_controller_node]: 🚀 纯RL导航中: rl(vx=0.40, ω=0.40) -> final(vx=0.40, ω=0.40), raw仅观测(vx=0.00, ω=0.00), 距离=3.87m, 队列=0
[INFO] [1774659573.897321575] [usv_01.velocity_controller_node]: 🚀 纯RL导航中: rl(vx=0.12, ω=0.40) -> final(vx=0.12, ω=0.40), raw仅观测(vx=0.39, ω=-0.18), 距离=9.00m, 队列=0
[INFO] [1774659574.652093336] [usv_01.velocity_controller_node]: 🚀 纯RL导航中: rl(vx=0.12, ω=-0.40) -> final(vx=0.12, ω=-0.40), raw仅观测(vx=0.00, ω=0.00), 距离=1.80m, 队列=0
[INFO] [1774659575.128445979] [usv_03.velocity_controller_node]: 🚀 纯RL导航中: rl(vx=0.40, ω=0.40) -> final(vx=0.40, ω=0.40), raw仅观测(vx=0.00, ω=0.00), 距离=1.82m, 队列=0
[INFO] [1774659575.225653261] [usv_02.velocity_controller_node]: 🚀 纯RL导航中: rl(vx=0.24, ω=-0.40) -> final(vx=0.24, ω=-0.40), raw仅观测(vx=0.00, ω=0.00), 距离=8.12m, 队列=0
[INFO] [1774659575.750712147] [usv_02.velocity_controller_node]: 🚀 纯RL导航中: rl(vx=0.40, ω=-0.12) -> final(vx=0.40, ω=-0.12), raw仅观测(vx=0.00, ω=0.00), 距离=3.79m, 队列=0
[INFO] [1774659577.039614350] [usv_03.velocity_controller_node]: 🚀 纯RL导航中: rl(vx=0.12, ω=-0.40) -> final(vx=0.12, ω=-0.40), raw仅观测(vx=0.11, ω=0.40), 距离=8.22m, 队列=0
[INFO] [1774659577.081239671] [usv_01.velocity_controller_node]: 📨 velocity_controller 收到目标 [ID=1014]: (12.18, -0.09), nav_mode=0, control_mode=velocity
[INFO] [1774659577.088153690] [usv_01.velocity_controller_node]: 📊 导航状态: IDLE → ACTIVE (新导航目标[ID=1014])
[INFO] [1774659577.089139407] [usv_01.velocity_controller_node]: 🎯 新导航目标 [ID=1014]: (12.18, -0.09), 速度=0.40 m/s
[INFO] [1774659577.111276990] [usv_01.velocity_controller_node]: 📨 velocity_controller 收到目标 [ID=1014]: (12.18, -0.09), nav_mode=0, control_mode=velocity
[INFO] [1774659577.171583634] [usv_01.velocity_controller_node]: 📨 velocity_controller 收到目标 [ID=1014]: (12.18, -0.09), nav_mode=0, control_mode=velocity
[INFO] [1774659577.232778693] [usv_01.velocity_controller_node]: 📨 velocity_controller 收到目标 [ID=1014]: (12.18, -0.09), nav_mode=0, control_mode=velocity
[INFO] [1774659577.296972804] [usv_01.velocity_controller_node]: 📨 velocity_controller 收到目标 [ID=1014]: (12.18, -0.09), nav_mode=0, control_mode=velocity
[INFO] [1774659577.346160955] [usv_02.velocity_controller_node]: 📨 velocity_controller 收到目标 [ID=2014]: (5.25, 5.73), nav_mode=0, control_mode=velocity
[INFO] [1774659577.347080071] [usv_02.velocity_controller_node]: 📊 导航状态: IDLE → ACTIVE (新导航目标[ID=2014])
[INFO] [1774659577.400313892] [usv_02.velocity_controller_node]: 🚀 纯RL导航中: rl(vx=0.40, ω=-0.40) -> final(vx=0.40, ω=-0.40), raw仅观测(vx=0.00, ω=0.00), 距离=7.17m, 队列=0
[INFO] [1774659577.402179224] [usv_01.velocity_controller_node]: 🚀 纯RL导航中: rl(vx=0.12, ω=-0.40) -> final(vx=0.12, ω=-0.40), raw仅观测(vx=0.40, ω=0.06), 距离=11.94m, 队列=0
[INFO] [1774659577.403458746] [usv_02.velocity_controller_node]: 🎯 新导航目标 [ID=2014]: (5.25, 5.73), 速度=0.40 m/s
[INFO] [1774659577.411645888] [usv_02.velocity_controller_node]: 📨 velocity_controller 收到目标 [ID=2014]: (5.25, 5.73), nav_mode=0, control_mode=velocity
[INFO] [1774659577.431631434] [usv_01.velocity_controller_node]: 🚀 纯RL导航中: rl(vx=0.12, ω=-0.00) -> final(vx=0.12, ω=-0.00), raw仅观测(vx=0.14, ω=-0.38), 距离=7.95m, 队列=0
[INFO] [1774659577.487346198] [usv_02.velocity_controller_node]: 📨 velocity_controller 收到目标 [ID=2014]: (5.25, 5.73), nav_mode=0, control_mode=velocity
[INFO] [1774659577.523996132] [usv_02.velocity_controller_node]: 📨 velocity_controller 收到目标 [ID=2014]: (5.25, 5.73), nav_mode=0, control_mode=velocity
[INFO] [1774659577.593942742] [usv_02.velocity_controller_node]: 📨 velocity_controller 收到目标 [ID=2014]: (5.25, 5.73), nav_mode=0, control_mode=velocity
[INFO] [1774659577.646369450] [usv_03.velocity_controller_node]: 📨 velocity_controller 收到目标 [ID=3014]: (-0.35, -0.08), nav_mode=0, control_mode=velocity
[INFO] [1774659577.677130482] [usv_03.velocity_controller_node]: 📊 导航状态: IDLE → ACTIVE (新导航目标[ID=3014])
[INFO] [1774659577.738084737] [usv_03.velocity_controller_node]: 📨 velocity_controller 收到目标 [ID=3014]: (-0.35, -0.08), nav_mode=0, control_mode=velocity
[INFO] [1774659577.793157590] [usv_03.velocity_controller_node]: 📨 velocity_controller 收到目标 [ID=3014]: (-0.35, -0.08), nav_mode=0, control_mode=velocity
[INFO] [1774659577.793580697] [usv_03.velocity_controller_node]: 🎯 新导航目标 [ID=3014]: (-0.35, -0.08), 速度=0.40 m/s
[INFO] [1774659577.837028749] [usv_03.velocity_controller_node]: 📨 velocity_controller 收到目标 [ID=3014]: (-0.35, -0.08), nav_mode=0, control_mode=velocity
[INFO] [1774659577.842929451] [usv_03.velocity_controller_node]: 📨 velocity_controller 收到目标 [ID=3014]: (-0.35, -0.08), nav_mode=0, control_mode=velocity
[INFO] [1774659578.870396922] [usv_03.velocity_controller_node]: 🚀 纯RL导航中: rl(vx=0.40, ω=-0.22) -> final(vx=0.40, ω=-0.22), raw仅观测(vx=0.25, ω=0.33), 距离=12.23m, 队列=0
[INFO] [1774659578.970495853] [usv_02.velocity_controller_node]: 🚀 纯RL导航中: rl(vx=0.40, ω=-0.40) -> final(vx=0.40, ω=-0.40), raw仅观测(vx=0.12, ω=-0.40), 距离=11.21m, 队列=0
[INFO] [1774659579.064275574] [usv_03.velocity_controller_node]: 🚀 纯RL导航中: rl(vx=0.40, ω=-0.40) -> final(vx=0.40, ω=-0.40), raw仅观测(vx=0.00, ω=0.00), 距离=7.80m, 队列=0
[INFO] [1774659579.382130771] [usv_02.velocity_controller_node]: 🚀 纯RL导航中: rl(vx=0.40, ω=-0.40) -> final(vx=0.40, ω=-0.40), raw仅观测(vx=0.00, ω=0.00), 距离=6.60m, 队列=0
[INFO] [1774659579.440373378] [usv_01.velocity_controller_node]: 🚀 纯RL导航中: rl(vx=0.40, ω=-0.40) -> final(vx=0.40, ω=-0.40), raw仅观测(vx=0.00, ω=0.00), 距离=7.57m, 队列=0
[INFO] [1774659579.959774260] [usv_01.velocity_controller_node]: 🚀 纯RL导航中: rl(vx=0.32, ω=-0.40) -> final(vx=0.32, ω=-0.40), raw仅观测(vx=0.12, ω=0.40), 距离=11.46m, 队列=0
[INFO] [1774659581.174040859] [usv_03.velocity_controller_node]: 🚀 纯RL导航中: rl(vx=0.40, ω=0.40) -> final(vx=0.40, ω=0.40), raw仅观测(vx=0.11, ω=0.40), 距离=11.82m, 队列=0
[INFO] [1774659581.225840554] [usv_02.velocity_controller_node]: 🚀 纯RL导航中: rl(vx=0.40, ω=0.40) -> final(vx=0.40, ω=0.40), raw仅观测(vx=0.27, ω=-0.21), 距离=10.51m, 队列=0
[INFO] [1774659581.438709035] [usv_01.velocity_controller_node]: 📨 velocity_controller 收到目标 [ID=1015]: (12.71, 0.18), nav_mode=0, control_mode=velocity
[INFO] [1774659581.439410848] [usv_01.velocity_controller_node]: 📊 导航状态: IDLE → ACTIVE (新导航目标[ID=1015])
[INFO] [1774659581.440231762] [usv_01.velocity_controller_node]: 🎯 新导航目标 [ID=1015]: (12.71, 0.18), 速度=0.40 m/s
[INFO] [1774659581.493609385] [usv_01.velocity_controller_node]: 📨 velocity_controller 收到目标 [ID=1015]: (12.71, 0.18), nav_mode=0, control_mode=velocity
[INFO] [1774659581.562973384] [usv_01.velocity_controller_node]: 📨 velocity_controller 收到目标 [ID=1015]: (12.71, 0.18), nav_mode=0, control_mode=velocity
[INFO] [1774659581.605242115] [usv_01.velocity_controller_node]: 📨 velocity_controller 收到目标 [ID=1015]: (12.71, 0.18), nav_mode=0, control_mode=velocity
[INFO] [1774659581.649863787] [usv_01.velocity_controller_node]: 📨 velocity_controller 收到目标 [ID=1015]: (12.71, 0.18), nav_mode=0, control_mode=velocity
[INFO] [1774659581.713321884] [usv_02.velocity_controller_node]: 📨 velocity_controller 收到目标 [ID=2015]: (12.15, -3.09), nav_mode=0, control_mode=velocity
[INFO] [1774659581.718743678] [usv_02.velocity_controller_node]: 📊 导航状态: IDLE → ACTIVE (新导航目标[ID=2015])
[INFO] [1774659581.719340388] [usv_02.velocity_controller_node]: 🎯 新导航目标 [ID=2015]: (12.15, -3.09), 速度=0.40 m/s
[INFO] [1774659581.759285679] [usv_02.velocity_controller_node]: 📨 velocity_controller 收到目标 [ID=2015]: (12.15, -3.09), nav_mode=0, control_mode=velocity
[INFO] [1774659581.807605715] [usv_02.velocity_controller_node]: 📨 velocity_controller 收到目标 [ID=2015]: (12.15, -3.09), nav_mode=0, control_mode=velocity
[INFO] [1774659581.855403941] [usv_02.velocity_controller_node]: 📨 velocity_controller 收到目标 [ID=2015]: (12.15, -3.09), nav_mode=0, control_mode=velocity
[INFO] [1774659581.907953250] [usv_02.velocity_controller_node]: 📨 velocity_controller 收到目标 [ID=2015]: (12.15, -3.09), nav_mode=0, control_mode=velocity
[INFO] [1774659581.968293694] [usv_03.velocity_controller_node]: 📨 velocity_controller 收到目标 [ID=3015]: (12.23, 2.13), nav_mode=0, control_mode=velocity
[INFO] [1774659581.976182930] [usv_01.velocity_controller_node]: 🚀 纯RL导航中: rl(vx=0.12, ω=0.40) -> final(vx=0.12, ω=0.40), raw仅观测(vx=0.20, ω=-0.37), 距离=12.75m, 队列=0
[INFO] [1774659581.990202572] [usv_03.velocity_controller_node]: 📊 导航状态: IDLE → ACTIVE (新导航目标[ID=3015])
[INFO] [1774659582.007435671] [usv_01.velocity_controller_node]: 🚀 纯RL导航中: rl(vx=0.40, ω=0.40) -> final(vx=0.40, ω=0.40), raw仅观测(vx=0.11, ω=0.40), 距离=10.91m, 队列=0
[INFO] [1774659582.016448026] [usv_03.velocity_controller_node]: 🎯 新导航目标 [ID=3015]: (12.23, 2.13), 速度=0.40 m/s
[INFO] [1774659582.025231478] [usv_03.velocity_controller_node]: 📨 velocity_controller 收到目标 [ID=3015]: (12.23, 2.13), nav_mode=0, control_mode=velocity
[INFO] [1774659582.062376021] [usv_03.velocity_controller_node]: 📨 velocity_controller 收到目标 [ID=3015]: (12.23, 2.13), nav_mode=0, control_mode=velocity
[INFO] [1774659582.086456637] [usv_03.velocity_controller_node]: 🚀 纯RL导航中: rl(vx=0.40, ω=0.40) -> final(vx=0.40, ω=0.40), raw仅观测(vx=0.40, ω=0.16), 距离=9.01m, 队列=0
[INFO] [1774659582.111448969] [usv_02.velocity_controller_node]: 🚀 纯RL导航中: rl(vx=0.40, ω=-0.04) -> final(vx=0.40, ω=-0.04), raw仅观测(vx=0.34, ω=0.08), 距离=5.71m, 队列=0
[INFO] [1774659582.124725899] [usv_03.velocity_controller_node]: 📨 velocity_controller 收到目标 [ID=3015]: (12.23, 2.13), nav_mode=0, control_mode=velocity
[INFO] [1774659582.158459982] [usv_03.velocity_controller_node]: 📨 velocity_controller 收到目标 [ID=3015]: (12.23, 2.13), nav_mode=0, control_mode=velocity
[INFO] [1774659583.177700508] [usv_03.velocity_controller_node]: 🚀 纯RL导航中: rl(vx=0.12, ω=0.40) -> final(vx=0.12, ω=0.40), raw仅观测(vx=0.32, ω=0.16), 距离=11.37m, 队列=0
[INFO] [1774659583.248710536] [usv_02.velocity_controller_node]: 🚀 纯RL导航中: rl(vx=0.40, ω=-0.40) -> final(vx=0.40, ω=-0.40), raw仅观测(vx=0.34, ω=0.22), 距离=9.90m, 队列=0
[INFO] [1774659583.951719193] [usv_01.velocity_controller_node]: 🚀 纯RL导航中: rl(vx=0.40, ω=-0.38) -> final(vx=0.40, ω=-0.38), raw仅观测(vx=0.12, ω=-0.40), 距离=12.45m, 队列=0
[INFO] [1774659584.007242253] [usv_01.velocity_controller_node]: 🚀 纯RL导航中: rl(vx=0.14, ω=0.03) -> final(vx=0.14, ω=0.03), raw仅观测(vx=0.11, ω=0.40), 距离=10.47m, 队列=0
[INFO] [1774659584.073256495] [usv_03.velocity_controller_node]: 🚀 纯RL导航中: rl(vx=0.12, ω=-0.40) -> final(vx=0.12, ω=-0.40), raw仅观测(vx=0.12, ω=-0.40), 距离=8.51m, 队列=0
[INFO] [1774659584.090801398] [usv_02.velocity_controller_node]: 🚀 纯RL导航中: rl(vx=0.12, ω=-0.13) -> final(vx=0.12, ω=-0.13), raw仅观测(vx=0.40, ω=-0.03), 距离=5.55m, 队列=0
[MAPPO][update=1177] total_steps=677952 rollout_steps=192 sample_count=576 rollout_time=28.36s rollout_sps=20.3 update_time=0.09s update_sps=19024.8 update_share=0.32% loss=443.8124 mean_reward=-4.0347 episodes=3 entropy_coef=0.0300 lr=3.00e-05 gpu=cpu
[INFO] [1774659585.239149057] [usv_02.velocity_controller_node]: 🚀 纯RL导航中: rl(vx=0.12, ω=-0.40) -> final(vx=0.12, ω=-0.40), raw仅观测(vx=0.11, ω=0.40), 距离=9.25m, 队列=0
[INFO] [1774659585.359817143] [usv_03.velocity_controller_node]: 🚀 纯RL导航中: rl(vx=0.40, ω=0.40) -> final(vx=0.40, ω=0.40), raw仅观测(vx=0.22, ω=-0.26), 距离=11.03m, 队列=0
[INFO] [1774659586.121852221] [usv_01.velocity_controller_node]: 🚀 纯RL导航中: rl(vx=0.40, ω=0.40) -> final(vx=0.40, ω=0.40), raw仅观测(vx=0.11, ω=0.40), 距离=10.30m, 队列=0
[INFO] [1774659586.201674601] [usv_01.velocity_controller_node]: 🚀 纯RL导航中: rl(vx=0.40, ω=-0.40) -> final(vx=0.40, ω=-0.40), raw仅观测(vx=0.40, ω=0.13), 距离=11.96m, 队列=0
[INFO] [1774659586.289453219] [usv_02.velocity_controller_node]: 🚀 纯RL导航中: rl(vx=0.12, ω=0.14) -> final(vx=0.12, ω=0.14), raw仅观测(vx=0.27, ω=-0.08), 距离=4.90m, 队列=0
[INFO] [1774659586.332178057] [usv_03.velocity_controller_node]: 🚀 纯RL导航中: rl(vx=0.12, ω=0.40) -> final(vx=0.12, ω=0.40), raw仅观测(vx=0.39, ω=-0.05), 距离=8.18m, 队列=0
[INFO] [1774659587.541009256] [usv_02.velocity_controller_node]: 🚀 纯RL导航中: rl(vx=0.40, ω=0.33) -> final(vx=0.40, ω=0.33), raw仅观测(vx=0.11, ω=0.40), 距离=8.99m, 队列=0
[INFO] [1774659588.012230103] [usv_03.velocity_controller_node]: 🚀 纯RL导航中: rl(vx=0.21, ω=0.40) -> final(vx=0.21, ω=0.40), raw仅观测(vx=0.34, ω=0.13), 距离=10.44m, 队列=0
[INFO] [1774659588.517572939] [usv_03.velocity_controller_node]: 🚀 纯RL导航中: rl(vx=0.40, ω=-0.39) -> final(vx=0.40, ω=-0.39), raw仅观测(vx=0.00, ω=0.00), 距离=7.65m, 队列=0
[INFO] [1774659589.051009561] [usv_01.velocity_controller_node]: 🚀 纯RL导航中: rl(vx=0.40, ω=0.40) -> final(vx=0.40, ω=0.40), raw仅观测(vx=0.12, ω=0.40), 距离=9.75m, 队列=0
[INFO] [1774659589.069324878] [usv_01.velocity_controller_node]: 🚀 纯RL导航中: rl(vx=0.40, ω=-0.40) -> final(vx=0.40, ω=-0.40), raw仅观测(vx=0.34, ω=0.20), 距离=10.92m, 队列=0
[INFO] [1774659589.161009363] [usv_02.velocity_controller_node]: 🚀 纯RL导航中: rl(vx=0.40, ω=-0.40) -> final(vx=0.40, ω=-0.40), raw仅观测(vx=0.21, ω=-0.16), 距离=4.08m, 队列=0
[INFO] [1774659590.412073692] [usv_02.velocity_controller_node]: 🚀 纯RL导航中: rl(vx=0.12, ω=-0.40) -> final(vx=0.12, ω=-0.40), raw仅观测(vx=0.11, ω=0.40), 距离=8.27m, 队列=0
[INFO] [1774659590.534231404] [usv_03.velocity_controller_node]: 🚀 纯RL导航中: rl(vx=0.12, ω=-0.40) -> final(vx=0.12, ω=-0.40), raw仅观测(vx=0.00, ω=0.00), 距离=6.71m, 队列=0
[INFO] [1774659590.843232546] [usv_03.velocity_controller_node]: 🚀 纯RL导航中: rl(vx=0.12, ω=0.27) -> final(vx=0.12, ω=0.27), raw仅观测(vx=0.30, ω=-0.17), 距离=10.11m, 队列=0
[INFO] [1774659591.417555575] [usv_02.velocity_controller_node]: 🚀 纯RL导航中: rl(vx=0.22, ω=0.38) -> final(vx=0.22, ω=0.38), raw仅观测(vx=0.14, ω=-0.26), 距离=3.72m, 队列=0
[INFO] [1774659591.437083212] [usv_01.velocity_controller_node]: 🚀 纯RL导航中: rl(vx=0.40, ω=0.40) -> final(vx=0.40, ω=0.40), raw仅观测(vx=0.15, ω=-0.40), 距离=10.28m, 队列=0
[INFO] [1774659591.914406664] [usv_01.velocity_controller_node]: 🚀 纯RL导航中: rl(vx=0.40, ω=-0.40) -> final(vx=0.40, ω=-0.40), raw仅观测(vx=0.18, ω=0.40), 距离=9.08m, 队列=0
[INFO] [1774659592.752425752] [usv_03.velocity_controller_node]: 🚀 纯RL导航中: rl(vx=0.40, ω=0.40) -> final(vx=0.40, ω=0.40), raw仅观测(vx=0.00, ω=0.00), 距离=6.43m, 队列=0
[INFO] [1774659595.256700637] [usv_02.velocity_controller_node]: 🚀 纯RL导航中: rl(vx=0.40, ω=-0.40) -> final(vx=0.40, ω=-0.40), raw仅观测(vx=0.40, ω=-0.02), 距离=7.41m, 队列=0
[INFO] [1774659595.544411409] [usv_03.velocity_controller_node]: 🚀 纯RL导航中: rl(vx=0.12, ω=-0.40) -> final(vx=0.12, ω=-0.40), raw仅观测(vx=0.00, ω=0.00), 距离=6.13m, 队列=0
[INFO] [1774659596.058976101] [usv_03.velocity_controller_node]: 🚀 纯RL导航中: rl(vx=0.12, ω=0.40) -> final(vx=0.12, ω=0.40), raw仅观测(vx=0.14, ω=-0.37), 距离=8.85m, 队列=0
[INFO] [1774659596.580745017] [usv_02.velocity_controller_node]: 🚀 纯RL导航中: rl(vx=0.12, ω=-0.40) -> final(vx=0.12, ω=-0.40), raw仅观测(vx=0.06, ω=-0.29), 距离=2.45m, 队列=0
[INFO] [1774659596.722354864] [usv_01.velocity_controller_node]: 🚀 纯RL导航中: rl(vx=0.12, ω=-0.00) -> final(vx=0.12, ω=-0.00), raw仅观测(vx=0.37, ω=0.13), 距离=9.14m, 队列=0
[INFO] [1774659597.050619536] [usv_01.velocity_controller_node]: 🚀 纯RL导航中: rl(vx=0.40, ω=-0.39) -> final(vx=0.40, ω=-0.39), raw仅观测(vx=0.12, ω=0.40), 距离=8.19m, 队列=0
[INFO] [1774659597.598060196] [usv_03.velocity_controller_node]: 🚀 纯RL导航中: rl(vx=0.12, ω=0.40) -> final(vx=0.12, ω=0.40), raw仅观测(vx=0.00, ω=0.00), 距离=5.40m, 队列=0
[INFO] [1774659598.103241825] [usv_02.velocity_controller_node]: 🚀 纯RL导航中: rl(vx=0.12, ω=-0.40) -> final(vx=0.12, ω=-0.40), raw仅观测(vx=0.12, ω=0.40), 距离=6.71m, 队列=0
[INFO] [1774659598.786814737] [usv_02.velocity_controller_node]: 🚀 纯RL导航中: rl(vx=0.40, ω=0.40) -> final(vx=0.40, ω=0.40), raw仅观测(vx=0.05, ω=0.39), 距离=1.65m, 队列=0
[INFO] [1774659598.838824436] [usv_01.velocity_controller_node]: 📨 velocity_controller 收到目标 [ID=1015]: (11.88, -0.10), nav_mode=0, control_mode=velocity
[INFO] [1774659598.839306144] [usv_01.velocity_controller_node]: 📊 导航状态: IDLE → ACTIVE (新导航目标[ID=1015])
[INFO] [1774659598.839786053] [usv_01.velocity_controller_node]: 🎯 新导航目标 [ID=1015]: (11.88, -0.10), 速度=0.40 m/s
[INFO] [1774659598.892578165] [usv_01.velocity_controller_node]: 📨 velocity_controller 收到目标 [ID=1015]: (11.88, -0.10), nav_mode=0, control_mode=velocity
[INFO] [1774659598.899975893] [usv_01.velocity_controller_node]: 🚀 纯RL导航中: rl(vx=0.12, ω=0.40) -> final(vx=0.12, ω=0.40), raw仅观测(vx=0.39, ω=0.03), 距离=8.47m, 队列=0
[INFO] [1774659598.971799034] [usv_01.velocity_controller_node]: 📨 velocity_controller 收到目标 [ID=1015]: (11.88, -0.10), nav_mode=0, control_mode=velocity
[INFO] [1774659599.008485468] [usv_01.velocity_controller_node]: 📨 velocity_controller 收到目标 [ID=1015]: (11.88, -0.10), nav_mode=0, control_mode=velocity
[INFO] [1774659599.055309377] [usv_01.velocity_controller_node]: 📨 velocity_controller 收到目标 [ID=1015]: (11.88, -0.10), nav_mode=0, control_mode=velocity
[INFO] [1774659599.111745052] [usv_02.velocity_controller_node]: 📨 velocity_controller 收到目标 [ID=2015]: (12.20, -3.11), nav_mode=0, control_mode=velocity
[INFO] [1774659599.123322652] [usv_02.velocity_controller_node]: 📊 导航状态: IDLE → ACTIVE (新导航目标[ID=2015])
[INFO] [1774659599.134592047] [usv_02.velocity_controller_node]: 🎯 新导航目标 [ID=2015]: (12.20, -3.11), 速度=0.40 m/s
[INFO] [1774659599.168821438] [usv_02.velocity_controller_node]: 📨 velocity_controller 收到目标 [ID=2015]: (12.20, -3.11), nav_mode=0, control_mode=velocity
[INFO] [1774659599.216833668] [usv_02.velocity_controller_node]: 📨 velocity_controller 收到目标 [ID=2015]: (12.20, -3.11), nav_mode=0, control_mode=velocity
[INFO] [1774659599.262050949] [usv_02.velocity_controller_node]: 📨 velocity_controller 收到目标 [ID=2015]: (12.20, -3.11), nav_mode=0, control_mode=velocity
[INFO] [1774659599.312705525] [usv_02.velocity_controller_node]: 📨 velocity_controller 收到目标 [ID=2015]: (12.20, -3.11), nav_mode=0, control_mode=velocity
[INFO] [1774659599.362756590] [usv_03.velocity_controller_node]: 📨 velocity_controller 收到目标 [ID=3015]: (12.05, 2.68), nav_mode=0, control_mode=velocity
[INFO] [1774659599.374884399] [usv_03.velocity_controller_node]: 📊 导航状态: IDLE → ACTIVE (新导航目标[ID=3015])
[INFO] [1774659599.375539810] [usv_03.velocity_controller_node]: 🎯 新导航目标 [ID=3015]: (12.05, 2.68), 速度=0.40 m/s
[INFO] [1774659599.415075394] [usv_03.velocity_controller_node]: 📨 velocity_controller 收到目标 [ID=3015]: (12.05, 2.68), nav_mode=0, control_mode=velocity
[INFO] [1774659599.478225485] [usv_03.velocity_controller_node]: 📨 velocity_controller 收到目标 [ID=3015]: (12.05, 2.68), nav_mode=0, control_mode=velocity
[INFO] [1774659599.537122403] [usv_03.velocity_controller_node]: 📨 velocity_controller 收到目标 [ID=3015]: (12.05, 2.68), nav_mode=0, control_mode=velocity
[INFO] [1774659599.574463648] [usv_03.velocity_controller_node]: 🚀 纯RL导航中: rl(vx=0.40, ω=-0.40) -> final(vx=0.40, ω=-0.40), raw仅观测(vx=0.00, ω=0.00), 距离=5.24m, 队列=0
[INFO] [1774659599.618998117] [usv_03.velocity_controller_node]: 📨 velocity_controller 收到目标 [ID=3015]: (12.05, 2.68), nav_mode=0, control_mode=velocity
[INFO] [1774659599.619804731] [usv_03.velocity_controller_node]: 🚀 纯RL导航中: rl(vx=0.12, ω=0.40) -> final(vx=0.12, ω=0.40), raw仅观测(vx=0.27, ω=-0.29), 距离=8.95m, 队列=0
[INFO] [1774659599.625552931] [usv_01.velocity_controller_node]: 🚀 纯RL导航中: rl(vx=0.40, ω=0.40) -> final(vx=0.40, ω=0.40), raw仅观测(vx=0.40, ω=-0.03), 距离=11.60m, 队列=0
[INFO] [1774659600.788484526] [usv_02.velocity_controller_node]: 🚀 纯RL导航中: rl(vx=0.40, ω=0.40) -> final(vx=0.40, ω=0.40), raw仅观测(vx=0.06, ω=0.26), 距离=1.30m, 队列=0
[INFO] [1774659600.846709832] [usv_02.velocity_controller_node]: 🚀 纯RL导航中: rl(vx=0.40, ω=-0.11) -> final(vx=0.40, ω=-0.11), raw仅观测(vx=0.32, ω=-0.21), 距离=6.28m, 队列=0
[INFO] [1774659600.892117317] [usv_01.velocity_controller_node]: 🚀 纯RL导航中: rl(vx=0.12, ω=-0.38) -> final(vx=0.12, ω=-0.38), raw仅观测(vx=0.00, ω=0.00), 距离=8.04m, 队列=0
[INFO] [1774659601.563360916] [usv_03.velocity_controller_node]: 🚀 纯RL导航中: rl(vx=0.40, ω=0.40) -> final(vx=0.40, ω=0.40), raw仅观测(vx=0.00, ω=0.00), 距离=4.64m, 队列=0
[INFO] [1774659601.629807764] [usv_01.velocity_controller_node]: 🚀 纯RL导航中: rl(vx=0.40, ω=0.40) -> final(vx=0.40, ω=0.40), raw仅观测(vx=0.11, ω=-0.40), 距离=11.23m, 队列=0
[INFO] [1774659601.655406606] [usv_03.velocity_controller_node]: 🚀 纯RL导航中: rl(vx=0.33, ω=-0.40) -> final(vx=0.33, ω=-0.40), raw仅观测(vx=0.17, ω=-0.40), 距离=8.60m, 队列=0
[INFO] [1774659602.913678122] [usv_01.velocity_controller_node]: 🚀 纯RL导航中: rl(vx=0.40, ω=-0.40) -> final(vx=0.40, ω=-0.40), raw仅观测(vx=0.00, ω=0.00), 距离=7.18m, 队列=0
[INFO] [1774659602.915958361] [usv_02.velocity_controller_node]: 🚀 纯RL导航中: rl(vx=0.12, ω=0.40) -> final(vx=0.12, ω=0.40), raw仅观测(vx=0.05, ω=0.09), 距离=0.68m, 队列=0
[INFO] [1774659603.136969873] [usv_02.velocity_controller_node]: 🚀 纯RL导航中: rl(vx=0.12, ω=-0.40) -> final(vx=0.12, ω=-0.40), raw仅观测(vx=0.14, ω=0.40), 距离=5.62m, 队列=0
[INFO] [1774659603.704099553] [usv_03.velocity_controller_node]: 🚀 纯RL导航中: rl(vx=0.12, ω=0.40) -> final(vx=0.12, ω=0.40), raw仅观测(vx=0.00, ω=0.00), 距离=4.16m, 队列=0
[INFO] [1774659604.825809998] [usv_01.velocity_controller_node]: 🚀 纯RL导航中: rl(vx=0.12, ω=-0.32) -> final(vx=0.12, ω=-0.32), raw仅观测(vx=0.12, ω=-0.40), 距离=10.81m, 队列=0
[INFO] [1774659604.918492997] [usv_03.velocity_controller_node]: 🚀 纯RL导航中: rl(vx=0.12, ω=0.40) -> final(vx=0.12, ω=0.40), raw仅观测(vx=0.00, ω=0.00), 距离=7.58m, 队列=0
[INFO] [1774659604.997121653] [usv_01.velocity_controller_node]: 🚀 纯RL导航中: rl(vx=0.40, ω=-0.40) -> final(vx=0.40, ω=-0.40), raw仅观测(vx=0.00, ω=0.00), 距离=6.86m, 队列=0
[INFO] [1774659605.176788651] [usv_02.velocity_controller_node]: 🚀 纯RL导航中: rl(vx=0.12, ω=-0.40) -> final(vx=0.12, ω=-0.40), raw仅观测(vx=0.00, ω=0.00), 距离=0.13m, 队列=0
[INFO] [1774659605.763609871] [usv_03.velocity_controller_node]: 🚀 纯RL导航中: rl(vx=0.12, ω=-0.40) -> final(vx=0.12, ω=-0.40), raw仅观测(vx=0.00, ω=0.00), 距离=3.82m, 队列=0
[INFO] [1774659606.454197381] [usv_02.velocity_controller_node]: 🚀 纯RL导航中: rl(vx=0.12, ω=-0.40) -> final(vx=0.12, ω=-0.40), raw仅观测(vx=0.27, ω=0.01), 距离=4.65m, 队列=0
[INFO] [1774659606.939197045] [usv_03.velocity_controller_node]: 🚀 纯RL导航中: rl(vx=0.12, ω=-0.40) -> final(vx=0.12, ω=-0.40), raw仅观测(vx=0.00, ω=0.00), 距离=7.04m, 队列=0
[INFO] [1774659607.048915538] [usv_01.velocity_controller_node]: 🚀 纯RL导航中: rl(vx=0.12, ω=-0.40) -> final(vx=0.12, ω=-0.40), raw仅观测(vx=0.00, ω=0.00), 距离=6.08m, 队列=0
[INFO] [1774659607.224842572] [usv_02.velocity_controller_node]: 🚀 纯RL导航中: rl(vx=0.40, ω=0.40) -> final(vx=0.40, ω=0.40), raw仅观测(vx=0.00, ω=0.00), 距离=0.38m, 队列=0
[INFO] [1774659607.575033011] [usv_01.velocity_controller_node]: 🚀 纯RL导航中: rl(vx=0.12, ω=0.40) -> final(vx=0.12, ω=0.40), raw仅观测(vx=0.37, ω=-0.18), 距离=10.15m, 队列=0
[INFO] [1774659607.817363390] [usv_03.velocity_controller_node]: 🚀 纯RL导航中: rl(vx=0.26, ω=-0.37) -> final(vx=0.26, ω=-0.37), raw仅观测(vx=0.00, ω=0.00), 距离=3.29m, 队列=0
[INFO] [1774659609.403460044] [usv_03.velocity_controller_node]: 🚀 纯RL导航中: rl(vx=0.12, ω=0.40) -> final(vx=0.12, ω=0.40), raw仅观测(vx=0.00, ω=0.00), 距离=6.73m, 队列=0
[INFO] [1774659609.575058603] [usv_02.velocity_controller_node]: 🚀 纯RL导航中: rl(vx=0.12, ω=0.07) -> final(vx=0.12, ω=0.07), raw仅观测(vx=0.00, ω=0.00), 距离=1.04m, 队列=0
[INFO] [1774659609.577101738] [usv_01.velocity_controller_node]: 🚀 纯RL导航中: rl(vx=0.12, ω=-0.40) -> final(vx=0.12, ω=-0.40), raw仅观测(vx=0.00, ω=0.00), 距离=5.75m, 队列=0
[INFO] [1774659610.708962289] [usv_03.velocity_controller_node]: 🚀 纯RL导航中: rl(vx=0.40, ω=0.32) -> final(vx=0.40, ω=0.32), raw仅观测(vx=0.00, ω=0.00), 距离=2.73m, 队列=0
[INFO] [1774659616.010261494] [usv_03.velocity_controller_node]: 🚀 纯RL导航中: rl(vx=0.12, ω=0.40) -> final(vx=0.12, ω=0.40), raw仅观测(vx=0.00, ω=0.00), 距离=6.29m, 队列=0
[WARN] [1774659697.264452722] [usv_01.velocity_controller_node]: 位姿数据超时 34.6s
[WARN] [1774659697.268929200] [usv_03.velocity_controller_node]: 位姿数据超时 33.7s
[WARN] [1774659697.273880385] [usv_01.velocity_controller_node]: 位姿数据超时 46.2s
[WARN] [1774659697.278991674] [usv_03.velocity_controller_node]: 位姿数据超时 47.0s
[WARN] [1774659697.338612404] [usv_02.velocity_controller_node]: 位姿数据超时 45.0s
[WARN] [1774659697.346557941] [usv_01.velocity_controller_node]: 位姿数据超时 46.2s
[INFO] [1774659697.481111866] [usv_02.velocity_controller_node]: 🚀 纯RL导航中: rl(vx=0.25, ω=0.07) -> final(vx=0.25, ω=0.07), raw仅观测(vx=0.00, ω=0.00), 距离=1.25m, 队列=0
[INFO] [1774659697.490473027] [usv_02.velocity_controller_node]: 🚀 纯RL导航中: rl(vx=0.12, ω=-0.40) -> final(vx=0.12, ω=-0.40), raw仅观测(vx=0.06, ω=0.40), 距离=4.11m, 队列=0
[INFO] [1774659697.677297555] [usv_01.velocity_controller_node]: 🚀 纯RL导航中: rl(vx=0.12, ω=-0.40) -> final(vx=0.12, ω=-0.40), raw仅观测(vx=0.00, ω=0.00), 距离=5.33m, 队列=0
[INFO] [1774659698.123256660] [usv_01.velocity_controller_node]: 📨 velocity_controller 收到目标 [ID=1016]: (11.77, -0.38), nav_mode=0, control_mode=velocity
[INFO] [1774659698.123769369] [usv_01.velocity_controller_node]: 📊 导航状态: IDLE → ACTIVE (新导航目标[ID=1016])
[INFO] [1774659698.124296478] [usv_01.velocity_controller_node]: 🎯 新导航目标 [ID=1016]: (11.77, -0.38), 速度=0.40 m/s
[INFO] [1774659698.187756074] [usv_01.velocity_controller_node]: 📨 velocity_controller 收到目标 [ID=1016]: (11.77, -0.38), nav_mode=0, control_mode=velocity
[INFO] [1774659698.228706782] [usv_01.velocity_controller_node]: 📨 velocity_controller 收到目标 [ID=1016]: (11.77, -0.38), nav_mode=0, control_mode=velocity
[INFO] [1774659698.291052159] [usv_01.velocity_controller_node]: 📨 velocity_controller 收到目标 [ID=1016]: (11.77, -0.38), nav_mode=0, control_mode=velocity
[INFO] [1774659698.329801028] [usv_01.velocity_controller_node]: 📨 velocity_controller 收到目标 [ID=1016]: (11.77, -0.38), nav_mode=0, control_mode=velocity
[INFO] [1774659698.385695294] [usv_02.velocity_controller_node]: 📨 velocity_controller 收到目标 [ID=2016]: (0.07, 0.47), nav_mode=0, control_mode=velocity
[INFO] [1774659698.386132501] [usv_02.velocity_controller_node]: 📊 导航状态: IDLE → ACTIVE (新导航目标[ID=2016])
[INFO] [1774659698.386925415] [usv_02.velocity_controller_node]: 🎯 新导航目标 [ID=2016]: (0.07, 0.47), 速度=0.40 m/s
[INFO] [1774659698.447414560] [usv_02.velocity_controller_node]: 📨 velocity_controller 收到目标 [ID=2016]: (0.07, 0.47), nav_mode=0, control_mode=velocity
[INFO] [1774659698.487199048] [usv_02.velocity_controller_node]: 📨 velocity_controller 收到目标 [ID=2016]: (0.07, 0.47), nav_mode=0, control_mode=velocity
[INFO] [1774659698.575894580] [usv_02.velocity_controller_node]: 📨 velocity_controller 收到目标 [ID=2016]: (0.07, 0.47), nav_mode=0, control_mode=velocity
[INFO] [1774659698.650622671] [usv_02.velocity_controller_node]: 📨 velocity_controller 收到目标 [ID=2016]: (0.07, 0.47), nav_mode=0, control_mode=velocity
[INFO] [1774659698.663784498] [usv_03.velocity_controller_node]: 📨 velocity_controller 收到目标 [ID=3016]: (-0.73, 13.40), nav_mode=0, control_mode=velocity
[INFO] [1774659698.681250400] [usv_03.velocity_controller_node]: 📊 导航状态: IDLE → ACTIVE (新导航目标[ID=3016])
[INFO] [1774659698.723629532] [usv_03.velocity_controller_node]: 🎯 新导航目标 [ID=3016]: (-0.73, 13.40), 速度=0.40 m/s
[INFO] [1774659698.728986425] [usv_03.velocity_controller_node]: 📨 velocity_controller 收到目标 [ID=3016]: (-0.73, 13.40), nav_mode=0, control_mode=velocity
[INFO] [1774659698.783939274] [usv_03.velocity_controller_node]: 📨 velocity_controller 收到目标 [ID=3016]: (-0.73, 13.40), nav_mode=0, control_mode=velocity
[INFO] [1774659698.824444374] [usv_03.velocity_controller_node]: 📨 velocity_controller 收到目标 [ID=3016]: (-0.73, 13.40), nav_mode=0, control_mode=velocity
[INFO] [1774659698.880856449] [usv_03.velocity_controller_node]: 📨 velocity_controller 收到目标 [ID=3016]: (-0.73, 13.40), nav_mode=0, control_mode=velocity
[INFO] [1774659698.991964268] [usv_03.velocity_controller_node]: 🚀 纯RL导航中: rl(vx=0.12, ω=0.40) -> final(vx=0.12, ω=0.40), raw仅观测(vx=0.16, ω=0.40), 距离=1.82m, 队列=0
[INFO] [1774659699.043135452] [usv_01.velocity_controller_node]: 📨 velocity_controller 收到目标 [ID=1016]: (12.34, 0.31), nav_mode=0, control_mode=velocity
[INFO] [1774659699.060191447] [usv_01.velocity_controller_node]: 📊 导航状态: IDLE → ACTIVE (新导航目标[ID=1016])
[INFO] [1774659699.062809092] [usv_01.velocity_controller_node]: 🎯 新导航目标 [ID=1016]: (12.34, 0.31), 速度=0.40 m/s
[INFO] [1774659699.093433921] [usv_01.velocity_controller_node]: 📨 velocity_controller 收到目标 [ID=1016]: (12.34, 0.31), nav_mode=0, control_mode=velocity
[INFO] [1774659699.161046790] [usv_01.velocity_controller_node]: 📨 velocity_controller 收到目标 [ID=1016]: (12.34, 0.31), nav_mode=0, control_mode=velocity
[INFO] [1774659699.225801408] [usv_01.velocity_controller_node]: 📨 velocity_controller 收到目标 [ID=1016]: (12.34, 0.31), nav_mode=0, control_mode=velocity
[INFO] [1774659699.261291521] [usv_01.velocity_controller_node]: 📨 velocity_controller 收到目标 [ID=1016]: (12.34, 0.31), nav_mode=0, control_mode=velocity
[INFO] [1774659699.313656726] [usv_02.velocity_controller_node]: 📨 velocity_controller 收到目标 [ID=2016]: (0.26, 0.42), nav_mode=0, control_mode=velocity
[INFO] [1774659699.314152835] [usv_02.velocity_controller_node]: 📊 导航状态: IDLE → ACTIVE (新导航目标[ID=2016])
[INFO] [1774659699.314637543] [usv_02.velocity_controller_node]: 🎯 新导航目标 [ID=2016]: (0.26, 0.42), 速度=0.40 m/s
[INFO] [1774659699.362793575] [usv_02.velocity_controller_node]: 📨 velocity_controller 收到目标 [ID=2016]: (0.26, 0.42), nav_mode=0, control_mode=velocity
[INFO] [1774659699.407049640] [usv_02.velocity_controller_node]: 📨 velocity_controller 收到目标 [ID=2016]: (0.26, 0.42), nav_mode=0, control_mode=velocity
[INFO] [1774659699.454859066] [usv_02.velocity_controller_node]: 📨 velocity_controller 收到目标 [ID=2016]: (0.26, 0.42), nav_mode=0, control_mode=velocity
[INFO] [1774659699.503975614] [usv_02.velocity_controller_node]: 📨 velocity_controller 收到目标 [ID=2016]: (0.26, 0.42), nav_mode=0, control_mode=velocity
[INFO] [1774659699.558402355] [usv_03.velocity_controller_node]: 📨 velocity_controller 收到目标 [ID=3016]: (-0.16, 13.30), nav_mode=0, control_mode=velocity
[INFO] [1774659699.559070666] [usv_03.velocity_controller_node]: 📊 导航状态: IDLE → ACTIVE (新导航目标[ID=3016])
[INFO] [1774659699.559884280] [usv_03.velocity_controller_node]: 🎯 新导航目标 [ID=3016]: (-0.16, 13.30), 速度=0.40 m/s
[INFO] [1774659699.611284868] [usv_03.velocity_controller_node]: 📨 velocity_controller 收到目标 [ID=3016]: (-0.16, 13.30), nav_mode=0, control_mode=velocity
[INFO] [1774659699.669763779] [usv_03.velocity_controller_node]: 📨 velocity_controller 收到目标 [ID=3016]: (-0.16, 13.30), nav_mode=0, control_mode=velocity
[INFO] [1774659699.722276786] [usv_03.velocity_controller_node]: 📨 velocity_controller 收到目标 [ID=3016]: (-0.16, 13.30), nav_mode=0, control_mode=velocity
[INFO] [1774659699.783443843] [usv_03.velocity_controller_node]: 📨 velocity_controller 收到目标 [ID=3016]: (-0.16, 13.30), nav_mode=0, control_mode=velocity
[INFO] [1774659699.863183620] [usv_01.velocity_controller_node]: 🚀 纯RL导航中: rl(vx=0.40, ω=0.40) -> final(vx=0.40, ω=0.40), raw仅观测(vx=0.12, ω=0.40), 距离=12.33m, 队列=0
[INFO] [1774659700.124761339] [usv_01.velocity_controller_node]: 🚀 纯RL导航中: rl(vx=0.40, ω=-0.40) -> final(vx=0.40, ω=-0.40), raw仅观测(vx=0.12, ω=0.40), 距离=11.66m, 队列=0
[INFO] [1774659700.487104400] [usv_02.velocity_controller_node]: 🚀 纯RL导航中: rl(vx=0.40, ω=0.40) -> final(vx=0.40, ω=0.40), raw仅观测(vx=0.12, ω=0.40), 距离=10.98m, 队列=0
[INFO] [1774659700.998915742] [usv_03.velocity_controller_node]: 🚀 纯RL导航中: rl(vx=0.12, ω=0.40) -> final(vx=0.12, ω=0.40), raw仅观测(vx=0.05, ω=0.40), 距离=1.26m, 队列=0
[INFO] [1774659701.318942971] [usv_02.velocity_controller_node]: 🚀 纯RL导航中: rl(vx=0.14, ω=0.40) -> final(vx=0.14, ω=0.40), raw仅观测(vx=0.17, ω=0.27), 距离=11.53m, 队列=0
[INFO] [1774659701.341617863] [usv_03.velocity_controller_node]: 🚀 纯RL导航中: rl(vx=0.40, ω=0.40) -> final(vx=0.40, ω=0.40), raw仅观测(vx=0.05, ω=-0.40), 距离=0.90m, 队列=0
[INFO] [1774659701.984376668] [usv_01.velocity_controller_node]: 🚀 纯RL导航中: rl(vx=0.40, ω=-0.40) -> final(vx=0.40, ω=-0.40), raw仅观测(vx=0.29, ω=0.22), 距离=11.65m, 队列=0
[INFO] [1774659702.193616283] [usv_01.velocity_controller_node]: 🚀 纯RL导航中: rl(vx=0.40, ω=0.40) -> final(vx=0.40, ω=0.40), raw仅观测(vx=0.12, ω=0.40), 距离=10.86m, 队列=0
[INFO] [1774659702.611032994] [usv_02.velocity_controller_node]: 🚀 纯RL导航中: rl(vx=0.13, ω=0.00) -> final(vx=0.13, ω=0.00), raw仅观测(vx=0.15, ω=0.38), 距离=10.85m, 队列=0
[INFO] [1774659702.987322095] [usv_03.velocity_controller_node]: 🚀 纯RL导航中: rl(vx=0.40, ω=-0.40) -> final(vx=0.40, ω=-0.40), raw仅观测(vx=0.05, ω=0.40), 距离=1.20m, 队列=0
[INFO] [1774659703.338206061] [usv_03.velocity_controller_node]: 🚀 纯RL导航中: rl(vx=0.40, ω=-0.40) -> final(vx=0.40, ω=-0.40), raw仅观测(vx=0.05, ω=-0.40), 距离=0.75m, 队列=0
[INFO] [1774659703.503789024] [usv_02.velocity_controller_node]: 🚀 纯RL导航中: rl(vx=0.40, ω=-0.03) -> final(vx=0.40, ω=-0.03), raw仅观测(vx=0.12, ω=-0.40), 距离=11.08m, 队列=0
[INFO] [1774659704.003361466] [usv_01.velocity_controller_node]: 🚀 纯RL导航中: rl(vx=0.40, ω=-0.40) -> final(vx=0.40, ω=-0.40), raw仅观测(vx=0.12, ω=0.40), 距离=11.02m, 队列=0
[INFO] [1774659704.210408948] [usv_01.velocity_controller_node]: 🚀 纯RL导航中: rl(vx=0.40, ω=0.40) -> final(vx=0.40, ω=0.40), raw仅观测(vx=0.12, ω=-0.40), 距离=10.29m, 队列=0
[INFO] [1774659704.665354518] [usv_02.velocity_controller_node]: 🚀 纯RL导航中: rl(vx=0.13, ω=0.00) -> final(vx=0.13, ω=0.00), raw仅观测(vx=0.18, ω=0.39), 距离=10.53m, 队列=0
[MAPPO][update=1178] total_steps=678528 rollout_steps=192 sample_count=576 rollout_time=120.24s rollout_sps=4.8 update_time=0.21s update_sps=8165.3 update_share=0.18% loss=370.2575 mean_reward=-2.1761 episodes=3 entropy_coef=0.0300 lr=3.00e-05 gpu=cpu
[INFO] [1774659705.003862074] [usv_03.velocity_controller_node]: 🚀 纯RL导航中: rl(vx=0.12, ω=-0.33) -> final(vx=0.12, ω=-0.33), raw仅观测(vx=0.05, ω=0.40), 距离=2.14m, 队列=0
[INFO] [1774659705.309834367] [usv_03.velocity_controller_node]: 🚀 纯RL导航中: rl(vx=0.12, ω=0.40) -> final(vx=0.12, ω=0.40), raw仅观测(vx=0.00, ω=0.00), 距离=0.69m, 队列=0
[INFO] [1774659705.536105182] [usv_02.velocity_controller_node]: 🚀 纯RL导航中: rl(vx=0.12, ω=-0.40) -> final(vx=0.12, ω=-0.40), raw仅观测(vx=0.15, ω=-0.40), 距离=10.33m, 队列=0
[INFO] [1774659706.088533138] [usv_01.velocity_controller_node]: 🚀 纯RL导航中: rl(vx=0.12, ω=-0.40) -> final(vx=0.12, ω=-0.40), raw仅观测(vx=0.12, ω=0.40), 距离=10.28m, 队列=0
[INFO] [1774659706.224542091] [usv_01.velocity_controller_node]: 🚀 纯RL导航中: rl(vx=0.12, ω=-0.40) -> final(vx=0.12, ω=-0.40), raw仅观测(vx=0.12, ω=-0.40), 距离=9.58m, 队列=0
[INFO] [1774659706.637743839] [usv_02.velocity_controller_node]: 🚀 纯RL导航中: rl(vx=0.40, ω=-0.40) -> final(vx=0.40, ω=-0.40), raw仅观测(vx=0.26, ω=0.34), 距离=9.95m, 队列=0
[INFO] [1774659706.962095351] [usv_03.velocity_controller_node]: 🚀 纯RL导航中: rl(vx=0.12, ω=0.40) -> final(vx=0.12, ω=0.40), raw仅观测(vx=0.00, ω=0.00), 距离=2.62m, 队列=0
[INFO] [1774659707.308920750] [usv_03.velocity_controller_node]: 🚀 纯RL导航中: rl(vx=0.12, ω=-0.02) -> final(vx=0.12, ω=-0.02), raw仅观测(vx=0.00, ω=0.00), 距离=0.78m, 队列=0
[INFO] [1774659707.590370819] [usv_02.velocity_controller_node]: 🚀 纯RL导航中: rl(vx=0.40, ω=-0.40) -> final(vx=0.40, ω=-0.40), raw仅观测(vx=0.37, ω=0.09), 距离=9.89m, 队列=0
[INFO] [1774659708.108100376] [usv_01.velocity_controller_node]: 🚀 纯RL导航中: rl(vx=0.40, ω=0.40) -> final(vx=0.40, ω=0.40), raw仅观测(vx=0.12, ω=0.40), 距离=9.83m, 队列=0
[INFO] [1774659708.217461168] [usv_01.velocity_controller_node]: 🚀 纯RL导航中: rl(vx=0.40, ω=0.20) -> final(vx=0.40, ω=0.20), raw仅观测(vx=0.25, ω=-0.28), 距离=8.93m, 队列=0
[INFO] [1774659708.636482416] [usv_02.velocity_controller_node]: 🚀 纯RL导航中: rl(vx=0.40, ω=-0.40) -> final(vx=0.40, ω=-0.40), raw仅观测(vx=0.21, ω=0.40), 距离=9.15m, 队列=0
[INFO] [1774659708.974342661] [usv_03.velocity_controller_node]: 🚀 纯RL导航中: rl(vx=0.12, ω=0.40) -> final(vx=0.12, ω=0.40), raw仅观测(vx=0.00, ω=0.00), 距离=3.18m, 队列=0
[INFO] [1774659709.311378292] [usv_03.velocity_controller_node]: 🚀 纯RL导航中: rl(vx=0.40, ω=-0.18) -> final(vx=0.40, ω=-0.18), raw仅观测(vx=0.00, ω=0.00), 距离=0.94m, 队列=0
[INFO] [1774659709.588323183] [usv_02.velocity_controller_node]: 🚀 纯RL导航中: rl(vx=0.40, ω=-0.40) -> final(vx=0.40, ω=-0.40), raw仅观测(vx=0.33, ω=0.28), 距离=9.52m, 队列=0
[INFO] [1774659710.135205843] [usv_01.velocity_controller_node]: 🚀 纯RL导航中: rl(vx=0.40, ω=0.40) -> final(vx=0.40, ω=0.40), raw仅观测(vx=0.23, ω=0.19), 距离=9.35m, 队列=0
[INFO] [1774659710.212399979] [usv_01.velocity_controller_node]: 🚀 纯RL导航中: rl(vx=0.40, ω=0.40) -> final(vx=0.40, ω=0.40), raw仅观测(vx=0.14, ω=-0.38), 距离=8.57m, 队列=0
[INFO] [1774659710.635057091] [usv_02.velocity_controller_node]: 🚀 纯RL导航中: rl(vx=0.12, ω=0.40) -> final(vx=0.12, ω=0.40), raw仅观测(vx=0.29, ω=0.09), 距离=8.68m, 队列=0
[INFO] [1774659710.981120777] [usv_03.velocity_controller_node]: 🚀 纯RL导航中: rl(vx=0.12, ω=0.40) -> final(vx=0.12, ω=0.40), raw仅观测(vx=0.00, ω=0.00), 距离=3.74m, 队列=0
[INFO] [1774659711.310220870] [usv_03.velocity_controller_node]: 🚀 纯RL导航中: rl(vx=0.40, ω=-0.40) -> final(vx=0.40, ω=-0.40), raw仅观测(vx=0.00, ω=0.00), 距离=1.61m, 队列=0
[INFO] [1774659711.590566620] [usv_02.velocity_controller_node]: 🚀 纯RL导航中: rl(vx=0.12, ω=-0.40) -> final(vx=0.12, ω=-0.40), raw仅观测(vx=0.11, ω=0.40), 距离=8.68m, 队列=0
[INFO] [1774659712.147715460] [usv_01.velocity_controller_node]: 🚀 纯RL导航中: rl(vx=0.12, ω=-0.40) -> final(vx=0.12, ω=-0.40), raw仅观测(vx=0.12, ω=0.40), 距离=8.64m, 队列=0
[INFO] [1774659712.207532395] [usv_01.velocity_controller_node]: 🚀 纯RL导航中: rl(vx=0.40, ω=-0.40) -> final(vx=0.40, ω=-0.40), raw仅观测(vx=0.33, ω=-0.20), 距离=7.89m, 队列=0
[INFO] [1774659712.623237887] [usv_02.velocity_controller_node]: 🚀 纯RL导航中: rl(vx=0.12, ω=-0.40) -> final(vx=0.12, ω=-0.40), raw仅观测(vx=0.00, ω=0.00), 距离=8.07m, 队列=0
[INFO] [1774659712.962160651] [usv_03.velocity_controller_node]: 🚀 纯RL导航中: rl(vx=0.39, ω=-0.40) -> final(vx=0.39, ω=-0.40), raw仅观测(vx=0.00, ω=0.00), 距离=4.34m, 队列=0
[INFO] [1774659713.310735781] [usv_03.velocity_controller_node]: 🚀 纯RL导航中: rl(vx=0.40, ω=-0.40) -> final(vx=0.40, ω=-0.40), raw仅观测(vx=0.00, ω=0.00), 距离=2.00m, 队列=0
[INFO] [1774659713.606806004] [usv_02.velocity_controller_node]: 🚀 纯RL导航中: rl(vx=0.40, ω=0.40) -> final(vx=0.40, ω=0.40), raw仅观测(vx=0.17, ω=0.35), 距离=8.30m, 队列=0
[INFO] [1774659714.159095059] [usv_01.velocity_controller_node]: 🚀 纯RL导航中: rl(vx=0.12, ω=-0.40) -> final(vx=0.12, ω=-0.40), raw仅观测(vx=0.12, ω=0.40), 距离=8.23m, 队列=0
[INFO] [1774659714.190174797] [usv_01.velocity_controller_node]: 🚀 纯RL导航中: rl(vx=0.40, ω=0.40) -> final(vx=0.40, ω=0.40), raw仅观测(vx=0.00, ω=0.00), 距离=7.51m, 队列=0
[INFO] [1774659714.622640479] [usv_02.velocity_controller_node]: 🚀 纯RL导航中: rl(vx=0.40, ω=0.40) -> final(vx=0.40, ω=0.40), raw仅观测(vx=0.00, ω=0.00), 距离=7.38m, 队列=0
[INFO] [1774659714.961265938] [usv_03.velocity_controller_node]: 🚀 纯RL导航中: rl(vx=0.40, ω=0.40) -> final(vx=0.40, ω=0.40), raw仅观测(vx=0.00, ω=0.00), 距离=4.47m, 队列=0
[INFO] [1774659715.309725067] [usv_03.velocity_controller_node]: 🚀 纯RL导航中: rl(vx=0.12, ω=0.40) -> final(vx=0.12, ω=0.40), raw仅观测(vx=0.00, ω=0.00), 距离=2.50m, 队列=0
[INFO] [1774659715.625673033] [usv_02.velocity_controller_node]: 🚀 纯RL导航中: rl(vx=0.12, ω=0.40) -> final(vx=0.12, ω=0.40), raw仅观测(vx=0.00, ω=0.00), 距离=7.45m, 队列=0
[INFO] [1774659716.141481557] [usv_01.velocity_controller_node]: 🚀 纯RL导航中: rl(vx=0.40, ω=0.40) -> final(vx=0.40, ω=0.40), raw仅观测(vx=0.00, ω=0.00), 距离=7.68m, 队列=0
[INFO] [1774659716.189854394] [usv_01.velocity_controller_node]: 🚀 纯RL导航中: rl(vx=0.36, ω=-0.40) -> final(vx=0.36, ω=-0.40), raw仅观测(vx=0.00, ω=0.00), 距离=6.73m, 队列=0
[INFO] [1774659716.623524797] [usv_02.velocity_controller_node]: 🚀 纯RL导航中: rl(vx=0.12, ω=-0.40) -> final(vx=0.12, ω=-0.40), raw仅观测(vx=0.00, ω=0.00), 距离=7.07m, 队列=0
[INFO] [1774659716.962082355] [usv_03.velocity_controller_node]: 🚀 纯RL导航中: rl(vx=0.40, ω=-0.21) -> final(vx=0.40, ω=-0.21), raw仅观测(vx=0.00, ω=0.00), 距离=4.96m, 队列=0
[INFO] [1774659717.363488699] [usv_03.velocity_controller_node]: 🚀 纯RL导航中: rl(vx=0.12, ω=-0.40) -> final(vx=0.12, ω=-0.40), raw仅观测(vx=0.00, ω=0.00), 距离=2.65m, 队列=0
[INFO] [1774659717.630313316] [usv_02.velocity_controller_node]: 🚀 纯RL导航中: rl(vx=0.37, ω=-0.40) -> final(vx=0.37, ω=-0.40), raw仅观测(vx=0.00, ω=0.00), 距离=7.23m, 队列=0
[INFO] [1774659718.152909757] [usv_01.velocity_controller_node]: 🚀 纯RL导航中: rl(vx=0.12, ω=0.07) -> final(vx=0.12, ω=0.07), raw仅观测(vx=0.00, ω=0.00), 距离=7.45m, 队列=0
[INFO] [1774659718.186733143] [usv_01.velocity_controller_node]: 🚀 纯RL导航中: rl(vx=0.40, ω=-0.16) -> final(vx=0.40, ω=-0.16), raw仅观测(vx=0.00, ω=0.00), 距离=6.24m, 队列=0
[INFO] [1774659718.622450781] [usv_02.velocity_controller_node]: 🚀 纯RL导航中: rl(vx=0.12, ω=0.40) -> final(vx=0.12, ω=0.40), raw仅观测(vx=0.00, ω=0.00), 距离=6.49m, 队列=0
[INFO] [1774659719.010604197] [usv_03.velocity_controller_node]: 🚀 纯RL导航中: rl(vx=0.40, ω=0.40) -> final(vx=0.40, ω=0.40), raw仅观测(vx=0.00, ω=0.00), 距离=5.22m, 队列=0
[INFO] [1774659719.357719402] [usv_03.velocity_controller_node]: 🚀 纯RL导航中: rl(vx=0.12, ω=0.40) -> final(vx=0.12, ω=0.40), raw仅观测(vx=0.00, ω=0.00), 距离=2.94m, 队列=0
[INFO] [1774659719.625462738] [usv_02.velocity_controller_node]: 🚀 纯RL导航中: rl(vx=0.12, ω=0.40) -> final(vx=0.12, ω=0.40), raw仅观测(vx=0.00, ω=0.00), 距离=6.70m, 队列=0
[INFO] [1774659720.146442383] [usv_01.velocity_controller_node]: 🚀 纯RL导航中: rl(vx=0.40, ω=-0.40) -> final(vx=0.40, ω=-0.40), raw仅观测(vx=0.00, ω=0.00), 距离=7.06m, 队列=0
[INFO] [1774659720.183489926] [usv_01.velocity_controller_node]: 🚀 纯RL导航中: rl(vx=0.12, ω=-0.40) -> final(vx=0.12, ω=-0.40), raw仅观测(vx=0.00, ω=0.00), 距离=5.79m, 队列=0
[INFO] [1774659720.624957290] [usv_02.velocity_controller_node]: 🚀 纯RL导航中: rl(vx=0.12, ω=-0.40) -> final(vx=0.12, ω=-0.40), raw仅观测(vx=0.00, ω=0.00), 距离=5.92m, 队列=0
[INFO] [1774659721.011930908] [usv_03.velocity_controller_node]: 🚀 纯RL导航中: rl(vx=0.40, ω=0.40) -> final(vx=0.40, ω=0.40), raw仅观测(vx=0.00, ω=0.00), 距离=5.53m, 队列=0
[INFO] [1774659721.356369488] [usv_03.velocity_controller_node]: 🚀 纯RL导航中: rl(vx=0.12, ω=-0.40) -> final(vx=0.12, ω=-0.40), raw仅观测(vx=0.00, ω=0.00), 距离=3.27m, 队列=0
[INFO] [1774659721.629869436] [usv_02.velocity_controller_node]: 🚀 纯RL导航中: rl(vx=0.40, ω=0.40) -> final(vx=0.40, ω=0.40), raw仅观测(vx=0.00, ω=0.00), 距离=6.11m, 队列=0
[INFO] [1774659722.157255992] [usv_01.velocity_controller_node]: 🚀 纯RL导航中: rl(vx=0.40, ω=0.40) -> final(vx=0.40, ω=0.40), raw仅观测(vx=0.00, ω=0.00), 距离=6.27m, 队列=0
[INFO] [1774659722.189575753] [usv_01.velocity_controller_node]: 🚀 纯RL导航中: rl(vx=0.12, ω=0.40) -> final(vx=0.12, ω=0.40), raw仅观测(vx=0.00, ω=0.00), 距离=5.47m, 队列=0
[INFO] [1774659722.630070101] [usv_02.velocity_controller_node]: 🚀 纯RL导航中: rl(vx=0.40, ω=0.40) -> final(vx=0.40, ω=0.40), raw仅观测(vx=0.00, ω=0.00), 距离=5.53m, 队列=0
[INFO] [1774659723.056656807] [usv_03.velocity_controller_node]: 🚀 纯RL导航中: rl(vx=0.24, ω=-0.12) -> final(vx=0.24, ω=-0.12), raw仅观测(vx=0.00, ω=0.00), 距离=5.98m, 队列=0
[INFO] [1774659723.362081609] [usv_03.velocity_controller_node]: 🚀 纯RL导航中: rl(vx=0.12, ω=0.40) -> final(vx=0.12, ω=0.40), raw仅观测(vx=0.00, ω=0.00), 距离=3.52m, 队列=0
[INFO] [1774659723.625527483] [usv_02.velocity_controller_node]: 🚀 纯RL导航中: rl(vx=0.12, ω=0.07) -> final(vx=0.12, ω=0.07), raw仅观测(vx=0.00, ω=0.00), 距离=5.40m, 队列=0
[INFO] [1774659724.230773290] [usv_01.velocity_controller_node]: 🚀 纯RL导航中: rl(vx=0.12, ω=-0.40) -> final(vx=0.12, ω=-0.40), raw仅观测(vx=0.00, ω=0.00), 距离=4.80m, 队列=0
[INFO] [1774659724.233443237] [usv_01.velocity_controller_node]: 🚀 纯RL导航中: rl(vx=0.12, ω=0.19) -> final(vx=0.12, ω=0.19), raw仅观测(vx=0.00, ω=0.00), 距离=6.08m, 队列=0
[INFO] [1774659724.733679821] [usv_02.velocity_controller_node]: 🚀 纯RL导航中: rl(vx=0.40, ω=-0.40) -> final(vx=0.40, ω=-0.40), raw仅观测(vx=0.00, ω=0.00), 距离=5.14m, 队列=0
[INFO] [1774659725.110354461] [usv_03.velocity_controller_node]: 🚀 纯RL导航中: rl(vx=0.40, ω=-0.40) -> final(vx=0.40, ω=-0.40), raw仅观测(vx=0.00, ω=0.00), 距离=6.44m, 队列=0
[INFO] [1774659725.460374737] [usv_03.velocity_controller_node]: 🚀 纯RL导航中: rl(vx=0.12, ω=-0.26) -> final(vx=0.12, ω=-0.26), raw仅观测(vx=0.00, ω=0.00), 距离=3.84m, 队列=0
[INFO] [1774659725.754757548] [usv_02.velocity_controller_node]: 🚀 纯RL导航中: rl(vx=0.40, ω=0.40) -> final(vx=0.40, ω=0.40), raw仅观测(vx=0.00, ω=0.00), 距离=4.94m, 队列=0
[INFO] [1774659726.434168343] [usv_01.velocity_controller_node]: 🚀 纯RL导航中: rl(vx=0.12, ω=0.40) -> final(vx=0.12, ω=0.40), raw仅观测(vx=0.00, ω=0.00), 距离=4.13m, 队列=0
[INFO] [1774659726.522888884] [usv_01.velocity_controller_node]: 🚀 纯RL导航中: rl(vx=0.38, ω=-0.19) -> final(vx=0.38, ω=-0.19), raw仅观测(vx=0.00, ω=0.00), 距离=5.68m, 队列=0
[MAPPO][update=1179] total_steps=679104 rollout_steps=192 sample_count=576 rollout_time=21.79s rollout_sps=26.4 update_time=0.07s update_sps=23119.4 update_share=0.34% loss=511.5966 mean_reward=-2.8008 episodes=0 entropy_coef=0.0300 lr=3.00e-05 gpu=cpu
[INFO] [1774659726.935248243] [usv_02.velocity_controller_node]: 🚀 纯RL导航中: rl(vx=0.40, ω=0.40) -> final(vx=0.40, ω=0.40), raw仅观测(vx=0.00, ω=0.00), 距离=4.65m, 队列=0
[INFO] [1774659727.268594530] [usv_03.velocity_controller_node]: 🚀 纯RL导航中: rl(vx=0.35, ω=0.40) -> final(vx=0.35, ω=0.40), raw仅观测(vx=0.00, ω=0.00), 距离=6.96m, 队列=0
[INFO] [1774659727.656892866] [usv_03.velocity_controller_node]: 🚀 纯RL导航中: rl(vx=0.36, ω=0.40) -> final(vx=0.36, ω=0.40), raw仅观测(vx=0.00, ω=0.00), 距离=4.23m, 队列=0
[INFO] [1774659727.888773978] [usv_02.velocity_controller_node]: 🚀 纯RL导航中: rl(vx=0.12, ω=-0.39) -> final(vx=0.12, ω=-0.39), raw仅观测(vx=0.00, ω=0.00), 距离=4.02m, 队列=0
[INFO] [1774659728.542414286] [usv_01.velocity_controller_node]: 🚀 纯RL导航中: rl(vx=0.40, ω=-0.40) -> final(vx=0.40, ω=-0.40), raw仅观测(vx=0.00, ω=0.00), 距离=4.01m, 队列=0
[INFO] [1774659728.595494604] [usv_01.velocity_controller_node]: 🚀 纯RL导航中: rl(vx=0.12, ω=0.40) -> final(vx=0.12, ω=0.40), raw仅观测(vx=0.00, ω=0.00), 距离=5.18m, 队列=0
[INFO] [1774659729.085201676] [usv_02.velocity_controller_node]: 🚀 纯RL导航中: rl(vx=0.40, ω=0.40) -> final(vx=0.40, ω=0.40), raw仅观测(vx=0.00, ω=0.00), 距离=4.25m, 队列=0
[INFO] [1774659729.415471490] [usv_03.velocity_controller_node]: 🚀 纯RL导航中: rl(vx=0.25, ω=-0.40) -> final(vx=0.25, ω=-0.40), raw仅观测(vx=0.00, ω=0.00), 距离=7.41m, 队列=0
[INFO] [1774659729.703262169] [usv_03.velocity_controller_node]: 🚀 纯RL导航中: rl(vx=0.40, ω=-0.40) -> final(vx=0.40, ω=-0.40), raw仅观测(vx=0.00, ω=0.00), 距离=4.47m, 队列=0
[INFO] [1774659729.972353524] [usv_02.velocity_controller_node]: 🚀 纯RL导航中: rl(vx=0.40, ω=0.40) -> final(vx=0.40, ω=0.40), raw仅观测(vx=0.00, ω=0.00), 距离=3.99m, 队列=0
[INFO] [1774659730.591134029] [usv_01.velocity_controller_node]: 🚀 纯RL导航中: rl(vx=0.40, ω=-0.40) -> final(vx=0.40, ω=-0.40), raw仅观测(vx=0.00, ω=0.00), 距离=3.27m, 队列=0
[INFO] [1774659730.681699996] [usv_01.velocity_controller_node]: 🚀 纯RL导航中: rl(vx=0.29, ω=0.40) -> final(vx=0.29, ω=0.40), raw仅观测(vx=0.00, ω=0.00), 距离=4.90m, 队列=0
[INFO] [1774659731.168368015] [usv_02.velocity_controller_node]: 🚀 纯RL导航中: rl(vx=0.40, ω=-0.40) -> final(vx=0.40, ω=-0.40), raw仅观测(vx=0.00, ω=0.00), 距离=3.66m, 队列=0
[INFO] [1774659731.560796804] [usv_03.velocity_controller_node]: 🚀 纯RL导航中: rl(vx=0.12, ω=0.40) -> final(vx=0.12, ω=0.40), raw仅观测(vx=0.00, ω=0.00), 距离=7.76m, 队列=0
[INFO] [1774659731.807486872] [usv_03.velocity_controller_node]: 🚀 纯RL导航中: rl(vx=0.12, ω=-0.40) -> final(vx=0.12, ω=-0.40), raw仅观测(vx=0.00, ω=0.00), 距离=4.45m, 队列=0
[INFO] [1774659732.129335640] [usv_02.velocity_controller_node]: 🚀 纯RL导航中: rl(vx=0.40, ω=0.40) -> final(vx=0.40, ω=0.40), raw仅观测(vx=0.00, ω=0.00), 距离=3.25m, 队列=0
[INFO] [1774659732.775940426] [usv_01.velocity_controller_node]: 🚀 纯RL导航中: rl(vx=0.12, ω=-0.40) -> final(vx=0.12, ω=-0.40), raw仅观测(vx=0.00, ω=0.00), 距离=4.27m, 队列=0
[INFO] [1774659732.789009952] [usv_01.velocity_controller_node]: 🚀 纯RL导航中: rl(vx=0.12, ω=-0.40) -> final(vx=0.12, ω=-0.40), raw仅观测(vx=0.00, ω=0.00), 距离=2.80m, 队列=0
[INFO] [1774659733.225326601] [usv_02.velocity_controller_node]: 🚀 纯RL导航中: rl(vx=0.40, ω=0.40) -> final(vx=0.40, ω=0.40), raw仅观测(vx=0.00, ω=0.00), 距离=3.34m, 队列=0
[INFO] [1774659733.611423780] [usv_03.velocity_controller_node]: 🚀 纯RL导航中: rl(vx=0.40, ω=-0.40) -> final(vx=0.40, ω=-0.40), raw仅观测(vx=0.00, ω=0.00), 距离=7.92m, 队列=0
[INFO] [1774659733.812767363] [usv_03.velocity_controller_node]: 🚀 纯RL导航中: rl(vx=0.12, ω=-0.19) -> final(vx=0.12, ω=-0.19), raw仅观测(vx=0.00, ω=0.00), 距离=4.48m, 队列=0
[INFO] [1774659734.139630218] [usv_02.velocity_controller_node]: 🚀 纯RL导航中: rl(vx=0.12, ω=-0.40) -> final(vx=0.12, ω=-0.40), raw仅观测(vx=0.00, ω=0.00), 距离=2.72m, 队列=0
[INFO] [1774659734.782458439] [usv_01.velocity_controller_node]: 🚀 纯RL导航中: rl(vx=0.40, ω=-0.40) -> final(vx=0.40, ω=-0.40), raw仅观测(vx=0.00, ω=0.00), 距离=3.98m, 队列=0
[INFO] [1774659734.805365835] [usv_01.velocity_controller_node]: 🚀 纯RL导航中: rl(vx=0.12, ω=0.40) -> final(vx=0.12, ω=0.40), raw仅观测(vx=0.00, ω=0.00), 距离=2.40m, 队列=0
[INFO] [1774659735.228978464] [usv_02.velocity_controller_node]: 🚀 纯RL导航中: rl(vx=0.40, ω=-0.40) -> final(vx=0.40, ω=-0.40), raw仅观测(vx=0.00, ω=0.00), 距离=2.55m, 队列=0
[INFO] [1774659735.613411415] [usv_03.velocity_controller_node]: 🚀 纯RL导航中: rl(vx=0.12, ω=-0.40) -> final(vx=0.12, ω=-0.40), raw仅观测(vx=0.00, ω=0.00), 距离=8.13m, 队列=0
[INFO] [1774659735.857450845] [usv_03.velocity_controller_node]: 🚀 纯RL导航中: rl(vx=0.12, ω=0.40) -> final(vx=0.12, ω=0.40), raw仅观测(vx=0.00, ω=0.00), 距离=4.09m, 队列=0
[INFO] [1774659736.161519715] [usv_02.velocity_controller_node]: 🚀 纯RL导航中: rl(vx=0.40, ω=0.40) -> final(vx=0.40, ω=0.40), raw仅观测(vx=0.00, ω=0.00), 距离=2.49m, 队列=0
[INFO] [1774659736.785243225] [usv_01.velocity_controller_node]: 🚀 纯RL导航中: rl(vx=0.40, ω=-0.40) -> final(vx=0.40, ω=-0.40), raw仅观测(vx=0.00, ω=0.00), 距离=3.32m, 队列=0
[INFO] [1774659736.805199571] [usv_01.velocity_controller_node]: 🚀 纯RL导航中: rl(vx=0.40, ω=-0.40) -> final(vx=0.40, ω=-0.40), raw仅观测(vx=0.00, ω=0.00), 距离=2.18m, 队列=0
[INFO] [1774659737.224952646] [usv_02.velocity_controller_node]: 🚀 纯RL导航中: rl(vx=0.12, ω=0.40) -> final(vx=0.12, ω=0.40), raw仅观测(vx=0.00, ω=0.00), 距离=2.20m, 队列=0
[INFO] [1774659737.612025655] [usv_03.velocity_controller_node]: 🚀 纯RL导航中: rl(vx=0.40, ω=-0.40) -> final(vx=0.40, ω=-0.40), raw仅观测(vx=0.00, ω=0.00), 距离=8.22m, 队列=0
[INFO] [1774659737.860543462] [usv_03.velocity_controller_node]: 🚀 纯RL导航中: rl(vx=0.12, ω=0.40) -> final(vx=0.12, ω=0.40), raw仅观测(vx=0.00, ω=0.00), 距离=3.92m, 队列=0
[INFO] [1774659738.130106334] [usv_02.velocity_controller_node]: 🚀 纯RL导航中: rl(vx=0.40, ω=0.40) -> final(vx=0.40, ω=0.40), raw仅观测(vx=0.00, ω=0.00), 距离=1.89m, 队列=0
[INFO] [1774659738.791512898] [usv_01.velocity_controller_node]: 🚀 纯RL导航中: rl(vx=0.40, ω=0.40) -> final(vx=0.40, ω=0.40), raw仅观测(vx=0.00, ω=0.00), 距离=2.97m, 队列=0
[INFO] [1774659738.804794828] [usv_01.velocity_controller_node]: 🚀 纯RL导航中: rl(vx=0.12, ω=0.40) -> final(vx=0.12, ω=0.40), raw仅观测(vx=0.00, ω=0.00), 距离=1.90m, 队列=0
[INFO] [1774659739.225836425] [usv_02.velocity_controller_node]: 🚀 纯RL导航中: rl(vx=0.40, ω=-0.40) -> final(vx=0.40, ω=-0.40), raw仅观测(vx=0.00, ω=0.00), 距离=1.67m, 队列=0
[INFO] [1774659739.632058966] [usv_03.velocity_controller_node]: 🚀 纯RL导航中: rl(vx=0.12, ω=-0.40) -> final(vx=0.12, ω=-0.40), raw仅观测(vx=0.00, ω=0.00), 距离=8.40m, 队列=0
[INFO] [1774659739.859912415] [usv_03.velocity_controller_node]: 🚀 纯RL导航中: rl(vx=0.12, ω=-0.40) -> final(vx=0.12, ω=-0.40), raw仅观测(vx=0.00, ω=0.00), 距离=3.59m, 队列=0
[INFO] [1774659740.136124402] [usv_02.velocity_controller_node]: 🚀 纯RL导航中: rl(vx=0.37, ω=0.40) -> final(vx=0.37, ω=0.40), raw仅观测(vx=0.00, ω=0.00), 距离=1.16m, 队列=0
[INFO] [1774659740.827289582] [usv_01.velocity_controller_node]: 🚀 纯RL导航中: rl(vx=0.20, ω=0.40) -> final(vx=0.20, ω=0.40), raw仅观测(vx=0.00, ω=0.00), 距离=1.58m, 队列=0
[INFO] [1774659740.827936993] [usv_01.velocity_controller_node]: 🚀 纯RL导航中: rl(vx=0.12, ω=0.40) -> final(vx=0.12, ω=0.40), raw仅观测(vx=0.00, ω=0.00), 距离=2.47m, 队列=0
[INFO] [1774659741.221287810] [usv_02.velocity_controller_node]: 🚀 纯RL导航中: rl(vx=0.12, ω=0.40) -> final(vx=0.12, ω=0.40), raw仅观测(vx=0.00, ω=0.00), 距离=1.32m, 队列=0
[INFO] [1774659741.613596810] [usv_03.velocity_controller_node]: 🚀 纯RL导航中: rl(vx=0.40, ω=0.40) -> final(vx=0.40, ω=0.40), raw仅观测(vx=0.00, ω=0.00), 距离=8.33m, 队列=0
[INFO] [1774659741.861442005] [usv_03.velocity_controller_node]: 🚀 纯RL导航中: rl(vx=0.12, ω=-0.40) -> final(vx=0.12, ω=-0.40), raw仅观测(vx=0.00, ω=0.00), 距离=3.20m, 队列=0
[INFO] [1774659742.156296716] [usv_02.velocity_controller_node]: 🚀 纯RL导航中: rl(vx=0.40, ω=0.38) -> final(vx=0.40, ω=0.38), raw仅观测(vx=0.00, ω=0.00), 距离=0.47m, 队列=0
[INFO] [1774659742.787604557] [usv_01.velocity_controller_node]: 🚀 纯RL导航中: rl(vx=0.40, ω=0.40) -> final(vx=0.40, ω=0.40), raw仅观测(vx=0.00, ω=0.00), 距离=1.98m, 队列=0
[INFO] [1774659742.790348405] [usv_01.velocity_controller_node]: 🚀 纯RL导航中: rl(vx=0.40, ω=-0.15) -> final(vx=0.40, ω=-0.15), raw仅观测(vx=0.00, ω=0.00), 距离=1.34m, 队列=0
[INFO] [1774659743.222551496] [usv_02.velocity_controller_node]: 🚀 纯RL导航中: rl(vx=0.12, ω=0.25) -> final(vx=0.12, ω=0.25), raw仅观测(vx=0.00, ω=0.00), 距离=0.99m, 队列=0
[INFO] [1774659743.637860194] [usv_03.velocity_controller_node]: 🚀 纯RL导航中: rl(vx=0.12, ω=-0.40) -> final(vx=0.12, ω=-0.40), raw仅观测(vx=0.00, ω=0.00), 距离=8.22m, 队列=0
[INFO] [1774659743.913327168] [usv_03.velocity_controller_node]: 🚀 纯RL导航中: rl(vx=0.40, ω=0.40) -> final(vx=0.40, ω=0.40), raw仅观测(vx=0.00, ω=0.00), 距离=2.62m, 队列=0
[INFO] [1774659744.155123658] [usv_02.velocity_controller_node]: 🚀 纯RL导航中: rl(vx=0.40, ω=0.40) -> final(vx=0.40, ω=0.40), raw仅观测(vx=0.00, ω=0.00), 距离=0.55m, 队列=0
[INFO] [1774659744.539732824] [usv_01.velocity_controller_node]: 📨 velocity_controller 收到目标 [ID=1017]: (11.45, -0.27), nav_mode=0, control_mode=velocity
[INFO] [1774659744.540141031] [usv_01.velocity_controller_node]: 📊 导航状态: IDLE → ACTIVE (新导航目标[ID=1017])
[INFO] [1774659744.540585739] [usv_01.velocity_controller_node]: 🎯 新导航目标 [ID=1017]: (11.45, -0.27), 速度=0.40 m/s
[INFO] [1774659744.588889976] [usv_01.velocity_controller_node]: 📨 velocity_controller 收到目标 [ID=1017]: (11.45, -0.27), nav_mode=0, control_mode=velocity
[INFO] [1774659744.642471904] [usv_01.velocity_controller_node]: 📨 velocity_controller 收到目标 [ID=1017]: (11.45, -0.27), nav_mode=0, control_mode=velocity
[INFO] [1774659744.686996376] [usv_01.velocity_controller_node]: 📨 velocity_controller 收到目标 [ID=1017]: (11.45, -0.27), nav_mode=0, control_mode=velocity
[INFO] [1774659744.756481580] [usv_01.velocity_controller_node]: 📨 velocity_controller 收到目标 [ID=1017]: (11.45, -0.27), nav_mode=0, control_mode=velocity
[INFO] [1774659744.786870607] [usv_01.velocity_controller_node]: 🚀 纯RL导航中: rl(vx=0.31, ω=-0.40) -> final(vx=0.31, ω=-0.40), raw仅观测(vx=0.00, ω=0.00), 距离=1.32m, 队列=0
[INFO] [1774659744.787501818] [usv_02.velocity_controller_node]: 📨 velocity_controller 收到目标 [ID=2017]: (6.46, 5.83), nav_mode=0, control_mode=velocity
[INFO] [1774659744.787883525] [usv_02.velocity_controller_node]: 📊 导航状态: IDLE → ACTIVE (新导航目标[ID=2017])
[INFO] [1774659744.788683038] [usv_02.velocity_controller_node]: 🎯 新导航目标 [ID=2017]: (6.46, 5.83), 速度=0.40 m/s
[INFO] [1774659744.839385617] [usv_02.velocity_controller_node]: 📨 velocity_controller 收到目标 [ID=2017]: (6.46, 5.83), nav_mode=0, control_mode=velocity
[INFO] [1774659744.909331729] [usv_02.velocity_controller_node]: 📨 velocity_controller 收到目标 [ID=2017]: (6.46, 5.83), nav_mode=0, control_mode=velocity
[INFO] [1774659744.943188916] [usv_02.velocity_controller_node]: 📨 velocity_controller 收到目标 [ID=2017]: (6.46, 5.83), nav_mode=0, control_mode=velocity
[INFO] [1774659744.999522692] [usv_02.velocity_controller_node]: 📨 velocity_controller 收到目标 [ID=2017]: (6.46, 5.83), nav_mode=0, control_mode=velocity
[INFO] [1774659745.050540877] [usv_03.velocity_controller_node]: 📨 velocity_controller 收到目标 [ID=3017]: (-0.39, 0.68), nav_mode=0, control_mode=velocity
[INFO] [1774659745.057462497] [usv_03.velocity_controller_node]: 📊 导航状态: IDLE → ACTIVE (新导航目标[ID=3017])
[INFO] [1774659745.058003006] [usv_03.velocity_controller_node]: 🎯 新导航目标 [ID=3017]: (-0.39, 0.68), 速度=0.40 m/s
[INFO] [1774659745.098356205] [usv_03.velocity_controller_node]: 📨 velocity_controller 收到目标 [ID=3017]: (-0.39, 0.68), nav_mode=0, control_mode=velocity
[INFO] [1774659745.162922624] [usv_03.velocity_controller_node]: 📨 velocity_controller 收到目标 [ID=3017]: (-0.39, 0.68), nav_mode=0, control_mode=velocity
[INFO] [1774659745.208897821] [usv_03.velocity_controller_node]: 📨 velocity_controller 收到目标 [ID=3017]: (-0.39, 0.68), nav_mode=0, control_mode=velocity
[INFO] [1774659745.259475098] [usv_03.velocity_controller_node]: 📨 velocity_controller 收到目标 [ID=3017]: (-0.39, 0.68), nav_mode=0, control_mode=velocity
[INFO] [1774659745.328726098] [usv_01.velocity_controller_node]: 🚀 纯RL导航中: rl(vx=0.40, ω=-0.40) -> final(vx=0.40, ω=-0.40), raw仅观测(vx=0.40, ω=0.02), 距离=11.02m, 队列=0
[INFO] [1774659745.375927316] [usv_01.velocity_controller_node]: 📨 velocity_controller 收到目标 [ID=1017]: (12.26, 0.06), nav_mode=0, control_mode=velocity
[INFO] [1774659745.376413024] [usv_01.velocity_controller_node]: 📊 导航状态: IDLE → ACTIVE (新导航目标[ID=1017])
[INFO] [1774659745.376874832] [usv_01.velocity_controller_node]: 🎯 新导航目标 [ID=1017]: (12.26, 0.06), 速度=0.40 m/s
[INFO] [1774659745.423104333] [usv_01.velocity_controller_node]: 📨 velocity_controller 收到目标 [ID=1017]: (12.26, 0.06), nav_mode=0, control_mode=velocity
[INFO] [1774659745.473562408] [usv_01.velocity_controller_node]: 📨 velocity_controller 收到目标 [ID=1017]: (12.26, 0.06), nav_mode=0, control_mode=velocity
[INFO] [1774659745.522606058] [usv_01.velocity_controller_node]: 📨 velocity_controller 收到目标 [ID=1017]: (12.26, 0.06), nav_mode=0, control_mode=velocity
[INFO] [1774659745.576868398] [usv_01.velocity_controller_node]: 📨 velocity_controller 收到目标 [ID=1017]: (12.26, 0.06), nav_mode=0, control_mode=velocity
[INFO] [1774659745.627044268] [usv_02.velocity_controller_node]: 📨 velocity_controller 收到目标 [ID=2017]: (6.16, 6.00), nav_mode=0, control_mode=velocity
[INFO] [1774659745.631652548] [usv_02.velocity_controller_node]: 📊 导航状态: IDLE → ACTIVE (新导航目标[ID=2017])
[INFO] [1774659745.632308959] [usv_02.velocity_controller_node]: 🎯 新导航目标 [ID=2017]: (6.16, 6.00), 速度=0.40 m/s
[INFO] [1774659745.679103670] [usv_02.velocity_controller_node]: 📨 velocity_controller 收到目标 [ID=2017]: (6.16, 6.00), nav_mode=0, control_mode=velocity
[INFO] [1774659745.732011487] [usv_02.velocity_controller_node]: 📨 velocity_controller 收到目标 [ID=2017]: (6.16, 6.00), nav_mode=0, control_mode=velocity
[INFO] [1774659745.788246461] [usv_02.velocity_controller_node]: 📨 velocity_controller 收到目标 [ID=2017]: (6.16, 6.00), nav_mode=0, control_mode=velocity
[INFO] [1774659745.831636213] [usv_02.velocity_controller_node]: 📨 velocity_controller 收到目标 [ID=2017]: (6.16, 6.00), nav_mode=0, control_mode=velocity
[INFO] [1774659745.881380876] [usv_03.velocity_controller_node]: 📨 velocity_controller 收到目标 [ID=3017]: (0.22, 0.56), nav_mode=0, control_mode=velocity
[INFO] [1774659745.891964759] [usv_03.velocity_controller_node]: 📊 导航状态: IDLE → ACTIVE (新导航目标[ID=3017])
[INFO] [1774659745.902006733] [usv_03.velocity_controller_node]: 🎯 新导航目标 [ID=3017]: (0.22, 0.56), 速度=0.40 m/s
[INFO] [1774659745.939253778] [usv_02.velocity_controller_node]: 🚀 纯RL导航中: rl(vx=0.40, ω=0.40) -> final(vx=0.40, ω=0.40), raw仅观测(vx=0.32, ω=0.12), 距离=11.34m, 队列=0
[INFO] [1774659745.947176316] [usv_03.velocity_controller_node]: 📨 velocity_controller 收到目标 [ID=3017]: (0.22, 0.56), nav_mode=0, control_mode=velocity
[INFO] [1774659745.987310511] [usv_03.velocity_controller_node]: 📨 velocity_controller 收到目标 [ID=3017]: (0.22, 0.56), nav_mode=0, control_mode=velocity
[INFO] [1774659746.039798421] [usv_03.velocity_controller_node]: 📨 velocity_controller 收到目标 [ID=3017]: (0.22, 0.56), nav_mode=0, control_mode=velocity
[INFO] [1774659746.104036634] [usv_03.velocity_controller_node]: 📨 velocity_controller 收到目标 [ID=3017]: (0.22, 0.56), nav_mode=0, control_mode=velocity
[INFO] [1774659746.589958756] [usv_03.velocity_controller_node]: 🚀 纯RL导航中: rl(vx=0.12, ω=-0.40) -> final(vx=0.12, ω=-0.40), raw仅观测(vx=0.12, ω=0.40), 距离=11.87m, 队列=0
[INFO] [1774659746.890185559] [usv_02.velocity_controller_node]: 🚀 纯RL导航中: rl(vx=0.12, ω=-0.40) -> final(vx=0.12, ω=-0.40), raw仅观测(vx=0.40, ω=0.06), 距离=11.78m, 队列=0
[INFO] [1774659746.927504906] [usv_03.velocity_controller_node]: 🚀 纯RL导航中: rl(vx=0.40, ω=-0.24) -> final(vx=0.40, ω=-0.24), raw仅观测(vx=0.40, ω=0.12), 距离=12.42m, 队列=0
[INFO] [1774659747.257701828] [usv_01.velocity_controller_node]: 🚀 纯RL导航中: rl(vx=0.12, ω=0.40) -> final(vx=0.12, ω=0.40), raw仅观测(vx=0.12, ω=0.40), 距离=12.29m, 队列=0
[INFO] [1774659747.298266631] [usv_01.velocity_controller_node]: 🚀 纯RL导航中: rl(vx=0.40, ω=-0.35) -> final(vx=0.40, ω=-0.35), raw仅观测(vx=0.14, ω=0.40), 距离=10.41m, 队列=0
[INFO] [1774659747.956218534] [usv_02.velocity_controller_node]: 🚀 纯RL导航中: rl(vx=0.40, ω=0.40) -> final(vx=0.40, ω=0.40), raw仅观测(vx=0.12, ω=0.40), 距离=10.72m, 队列=0
[INFO] [1774659748.590222021] [usv_03.velocity_controller_node]: 🚀 纯RL导航中: rl(vx=0.40, ω=0.40) -> final(vx=0.40, ω=0.40), raw仅观测(vx=0.14, ω=0.40), 距离=11.40m, 队列=0
[INFO] [1774659748.941990618] [usv_02.velocity_controller_node]: 🚀 纯RL导航中: rl(vx=0.40, ω=0.40) -> final(vx=0.40, ω=0.40), raw仅观测(vx=0.18, ω=0.32), 距离=11.30m, 队列=0
[INFO] [1774659748.989298038] [usv_03.velocity_controller_node]: 🚀 纯RL导航中: rl(vx=0.12, ω=0.40) -> final(vx=0.12, ω=0.40), raw仅观测(vx=0.29, ω=-0.27), 距离=12.09m, 队列=0
[INFO] [1774659749.248276126] [usv_01.velocity_controller_node]: 🚀 纯RL导航中: rl(vx=0.40, ω=-0.35) -> final(vx=0.40, ω=-0.35), raw仅观测(vx=0.13, ω=-0.40), 距离=11.73m, 队列=0
[INFO] [1774659749.293897917] [usv_01.velocity_controller_node]: 🚀 纯RL导航中: rl(vx=0.40, ω=0.40) -> final(vx=0.40, ω=0.40), raw仅观测(vx=0.33, ω=0.13), 距离=10.05m, 队列=0
[INFO] [1774659749.940811328] [usv_02.velocity_controller_node]: 🚀 纯RL导航中: rl(vx=0.12, ω=-0.40) -> final(vx=0.12, ω=-0.40), raw仅观测(vx=0.12, ω=0.40), 距离=10.17m, 队列=0
[INFO] [1774659750.589249966] [usv_03.velocity_controller_node]: 🚀 纯RL导航中: rl(vx=0.12, ω=0.40) -> final(vx=0.12, ω=0.40), raw仅观测(vx=0.32, ω=0.04), 距离=10.93m, 队列=0
[INFO] [1774659750.974933750] [usv_02.velocity_controller_node]: 🚀 纯RL导航中: rl(vx=0.40, ω=0.40) -> final(vx=0.40, ω=0.40), raw仅观测(vx=0.15, ω=0.33), 距离=10.89m, 队列=0
[INFO] [1774659751.024469008] [usv_03.velocity_controller_node]: 🚀 纯RL导航中: rl(vx=0.40, ω=-0.40) -> final(vx=0.40, ω=-0.40), raw仅观测(vx=0.40, ω=0.05), 距离=11.39m, 队列=0
[INFO] [1774659751.271102183] [usv_01.velocity_controller_node]: 🚀 纯RL导航中: rl(vx=0.12, ω=0.40) -> final(vx=0.12, ω=0.40), raw仅观测(vx=0.40, ω=-0.13), 距离=11.16m, 队列=0
[INFO] [1774659751.294203383] [usv_01.velocity_controller_node]: 🚀 纯RL导航中: rl(vx=0.40, ω=-0.40) -> final(vx=0.40, ω=-0.40), raw仅观测(vx=0.23, ω=0.26), 距离=9.50m, 队列=0
[MAPPO][update=1180] total_steps=679680 rollout_steps=192 sample_count=576 rollout_time=24.80s rollout_sps=23.2 update_time=0.09s update_sps=18744.6 update_share=0.37% loss=49.1639 mean_reward=-2.3036 episodes=2 entropy_coef=0.0300 lr=3.00e-05 gpu=cpu
[INFO] [1774659751.938251233] [usv_02.velocity_controller_node]: 🚀 纯RL导航中: rl(vx=0.12, ω=-0.37) -> final(vx=0.12, ω=-0.37), raw仅观测(vx=0.31, ω=-0.35), 距离=9.83m, 队列=0
[INFO] [1774659752.625044812] [usv_03.velocity_controller_node]: 🚀 纯RL导航中: rl(vx=0.40, ω=-0.40) -> final(vx=0.40, ω=-0.40), raw仅观测(vx=0.23, ω=-0.33), 距离=10.48m, 队列=0
[INFO] [1774659753.084007350] [usv_02.velocity_controller_node]: 🚀 纯RL导航中: rl(vx=0.40, ω=-0.40) -> final(vx=0.40, ω=-0.40), raw仅观测(vx=0.38, ω=0.03), 距离=10.28m, 队列=0
[INFO] [1774659753.087274807] [usv_03.velocity_controller_node]: 🚀 纯RL导航中: rl(vx=0.40, ω=-0.40) -> final(vx=0.40, ω=-0.40), raw仅观测(vx=0.27, ω=0.35), 距离=10.77m, 队列=0
[INFO] [1774659753.260259999] [usv_01.velocity_controller_node]: 🚀 纯RL导航中: rl(vx=0.40, ω=-0.40) -> final(vx=0.40, ω=-0.40), raw仅观测(vx=0.36, ω=0.11), 距离=10.85m, 队列=0
[INFO] [1774659753.324403008] [usv_01.velocity_controller_node]: 🚀 纯RL导航中: rl(vx=0.40, ω=0.14) -> final(vx=0.40, ω=0.14), raw仅观测(vx=0.40, ω=0.02), 距离=8.88m, 队列=0
[INFO] [1774659753.940383262] [usv_02.velocity_controller_node]: 🚀 纯RL导航中: rl(vx=0.40, ω=-0.40) -> final(vx=0.40, ω=-0.40), raw仅观测(vx=0.32, ω=-0.11), 距离=8.90m, 队列=0
[INFO] [1774659754.669772878] [usv_03.velocity_controller_node]: 🚀 纯RL导航中: rl(vx=0.40, ω=-0.25) -> final(vx=0.40, ω=-0.25), raw仅观测(vx=0.36, ω=0.25), 距离=9.84m, 队列=0
[INFO] [1774659755.110738104] [usv_02.velocity_controller_node]: 🚀 纯RL导航中: rl(vx=0.12, ω=-0.40) -> final(vx=0.12, ω=-0.40), raw仅观测(vx=0.17, ω=-0.40), 距离=9.53m, 队列=0
[INFO] [1774659755.141509537] [usv_03.velocity_controller_node]: 🚀 纯RL导航中: rl(vx=0.12, ω=0.40) -> final(vx=0.12, ω=0.40), raw仅观测(vx=0.40, ω=-0.04), 距离=10.46m, 队列=0
[INFO] [1774659755.280711244] [usv_01.velocity_controller_node]: 🚀 纯RL导航中: rl(vx=0.40, ω=-0.40) -> final(vx=0.40, ω=-0.40), raw仅观测(vx=0.40, ω=0.13), 距离=10.34m, 队列=0
[INFO] [1774659755.390946351] [usv_01.velocity_controller_node]: 🚀 纯RL导航中: rl(vx=0.12, ω=0.40) -> final(vx=0.12, ω=0.40), raw仅观测(vx=0.00, ω=0.00), 距离=8.15m, 队列=0
[INFO] [1774659756.085261560] [usv_02.velocity_controller_node]: 🚀 纯RL导航中: rl(vx=0.12, ω=-0.40) -> final(vx=0.12, ω=-0.40), raw仅观测(vx=0.28, ω=0.40), 距离=8.50m, 队列=0
[INFO] [1774659756.774478680] [usv_03.velocity_controller_node]: 🚀 纯RL导航中: rl(vx=0.40, ω=-0.25) -> final(vx=0.40, ω=-0.25), raw仅观测(vx=0.40, ω=-0.02), 距离=9.21m, 队列=0
[INFO] [1774659757.133481290] [usv_02.velocity_controller_node]: 🚀 纯RL导航中: rl(vx=0.12, ω=-0.40) -> final(vx=0.12, ω=-0.40), raw仅观测(vx=0.37, ω=0.08), 距离=8.82m, 队列=0
[INFO] [1774659757.277454880] [usv_03.velocity_controller_node]: 🚀 纯RL导航中: rl(vx=0.40, ω=-0.40) -> final(vx=0.40, ω=-0.40), raw仅观测(vx=0.13, ω=-0.40), 距离=9.96m, 队列=0
[INFO] [1774659757.299167755] [usv_01.velocity_controller_node]: 🚀 纯RL导航中: rl(vx=0.40, ω=0.40) -> final(vx=0.40, ω=0.40), raw仅观测(vx=0.21, ω=0.30), 距离=9.63m, 队列=0
[INFO] [1774659757.387797488] [usv_01.velocity_controller_node]: 🚀 纯RL导航中: rl(vx=0.12, ω=0.40) -> final(vx=0.12, ω=0.40), raw仅观测(vx=0.00, ω=0.00), 距离=7.69m, 队列=0
[INFO] [1774659758.088926515] [usv_02.velocity_controller_node]: 🚀 纯RL导航中: rl(vx=0.40, ω=0.40) -> final(vx=0.40, ω=0.40), raw仅观测(vx=0.12, ω=0.40), 距离=7.88m, 队列=0
[INFO] [1774659758.905896845] [usv_03.velocity_controller_node]: 🚀 纯RL导航中: rl(vx=0.12, ω=0.40) -> final(vx=0.12, ω=0.40), raw仅观测(vx=0.40, ω=0.01), 距离=8.58m, 队列=0
[INFO] [1774659759.249105681] [usv_02.velocity_controller_node]: 🚀 纯RL导航中: rl(vx=0.12, ω=0.40) -> final(vx=0.12, ω=0.40), raw仅观测(vx=0.15, ω=0.40), 距离=8.33m, 队列=0
[INFO] [1774659759.348604202] [usv_03.velocity_controller_node]: 🚀 纯RL导航中: rl(vx=0.12, ω=0.40) -> final(vx=0.12, ω=0.40), raw仅观测(vx=0.11, ω=-0.40), 距离=9.54m, 队列=0
[INFO] [1774659759.388478692] [usv_01.velocity_controller_node]: 🚀 纯RL导航中: rl(vx=0.12, ω=-0.40) -> final(vx=0.12, ω=-0.40), raw仅观测(vx=0.00, ω=0.00), 距离=7.02m, 队列=0
[INFO] [1774659759.408723842] [usv_01.velocity_controller_node]: 🚀 纯RL导航中: rl(vx=0.12, ω=0.26) -> final(vx=0.12, ω=0.26), raw仅观测(vx=0.21, ω=-0.25), 距离=9.31m, 队列=0
[INFO] [1774659760.069600972] [usv_02.velocity_controller_node]: 🚀 纯RL导航中: rl(vx=0.12, ω=0.14) -> final(vx=0.12, ω=0.14), raw仅观测(vx=0.00, ω=0.00), 距离=7.65m, 队列=0
[INFO] [1774659760.993693855] [usv_03.velocity_controller_node]: 🚀 纯RL导航中: rl(vx=0.12, ω=-0.40) -> final(vx=0.12, ω=-0.40), raw仅观测(vx=0.32, ω=-0.09), 距离=8.24m, 队列=0
[INFO] [1774659761.327407827] [usv_02.velocity_controller_node]: 🚀 纯RL导航中: rl(vx=0.40, ω=0.40) -> final(vx=0.40, ω=0.40), raw仅观测(vx=0.00, ω=0.00), 距离=7.97m, 队列=0
[INFO] [1774659761.390114011] [usv_01.velocity_controller_node]: 🚀 纯RL导航中: rl(vx=0.40, ω=-0.40) -> final(vx=0.40, ω=-0.40), raw仅观测(vx=0.00, ω=0.00), 距离=6.59m, 队列=0
[INFO] [1774659761.393407668] [usv_01.velocity_controller_node]: 🚀 纯RL导航中: rl(vx=0.12, ω=-0.30) -> final(vx=0.12, ω=-0.30), raw仅观测(vx=0.23, ω=0.20), 距离=8.53m, 队列=0
[INFO] [1774659761.414315030] [usv_03.velocity_controller_node]: 🚀 纯RL导航中: rl(vx=0.12, ω=0.40) -> final(vx=0.12, ω=0.40), raw仅观测(vx=0.11, ω=-0.40), 距离=9.04m, 队列=0
[INFO] [1774659762.078401016] [usv_02.velocity_controller_node]: 🚀 纯RL导航中: rl(vx=0.12, ω=0.40) -> final(vx=0.12, ω=0.40), raw仅观测(vx=0.00, ω=0.00), 距离=7.13m, 队列=0
[INFO] [1774659762.978048375] [usv_03.velocity_controller_node]: 🚀 纯RL导航中: rl(vx=0.16, ω=0.40) -> final(vx=0.16, ω=0.40), raw仅观测(vx=0.00, ω=0.00), 距离=7.94m, 队列=0
[INFO] [1774659763.337505393] [usv_02.velocity_controller_node]: 🚀 纯RL导航中: rl(vx=0.12, ω=-0.40) -> final(vx=0.12, ω=-0.40), raw仅观测(vx=0.00, ω=0.00), 距离=7.34m, 队列=0
[INFO] [1774659763.391263722] [usv_01.velocity_controller_node]: 🚀 纯RL导航中: rl(vx=0.23, ω=0.40) -> final(vx=0.23, ω=0.40), raw仅观测(vx=0.00, ω=0.00), 距离=6.28m, 队列=0
[INFO] [1774659763.405446268] [usv_01.velocity_controller_node]: 🚀 纯RL导航中: rl(vx=0.40, ω=-0.40) -> final(vx=0.40, ω=-0.40), raw仅观测(vx=0.11, ω=0.40), 距离=8.31m, 队列=0
[INFO] [1774659763.423712484] [usv_03.velocity_controller_node]: 🚀 纯RL导航中: rl(vx=0.40, ω=-0.40) -> final(vx=0.40, ω=-0.40), raw仅观测(vx=0.11, ω=-0.40), 距离=8.70m, 队列=0
[INFO] [1774659764.089899406] [usv_02.velocity_controller_node]: 🚀 纯RL导航中: rl(vx=0.26, ω=-0.40) -> final(vx=0.26, ω=-0.40), raw仅观测(vx=0.00, ω=0.00), 距离=6.57m, 队列=0
[INFO] [1774659764.966983175] [usv_03.velocity_controller_node]: 🚀 纯RL导航中: rl(vx=0.40, ω=-0.40) -> final(vx=0.40, ω=-0.40), raw仅观测(vx=0.00, ω=0.00), 距离=7.35m, 队列=0
[INFO] [1774659765.379573111] [usv_02.velocity_controller_node]: 🚀 纯RL导航中: rl(vx=0.12, ω=-0.40) -> final(vx=0.12, ω=-0.40), raw仅观测(vx=0.00, ω=0.00), 距离=6.93m, 队列=0
[INFO] [1774659765.432952435] [usv_01.velocity_controller_node]: 🚀 纯RL导航中: rl(vx=0.40, ω=-0.40) -> final(vx=0.40, ω=-0.40), raw仅观测(vx=0.00, ω=0.00), 距离=7.83m, 队列=0
[INFO] [1774659765.438257926] [usv_01.velocity_controller_node]: 🚀 纯RL导航中: rl(vx=0.25, ω=-0.40) -> final(vx=0.25, ω=-0.40), raw仅观测(vx=0.00, ω=0.00), 距离=5.49m, 队列=0
[INFO] [1774659765.535093201] [usv_03.velocity_controller_node]: 🚀 纯RL导航中: rl(vx=0.40, ω=-0.40) -> final(vx=0.40, ω=-0.40), raw仅观测(vx=0.12, ω=-0.40), 距离=8.39m, 队列=0
[INFO] [1774659766.125179907] [usv_02.velocity_controller_node]: 🚀 纯RL导航中: rl(vx=0.40, ω=0.40) -> final(vx=0.40, ω=0.40), raw仅观测(vx=0.00, ω=0.00), 距离=5.97m, 队列=0
[INFO] [1774659766.676955250] [usv_01.velocity_controller_node]: 📨 velocity_controller 收到目标 [ID=1018]: (12.11, 0.43), nav_mode=0, control_mode=velocity
[INFO] [1774659766.681006620] [usv_01.velocity_controller_node]: 📊 导航状态: IDLE → ACTIVE (新导航目标[ID=1018])
[INFO] [1774659766.681533829] [usv_01.velocity_controller_node]: 🎯 新导航目标 [ID=1018]: (12.11, 0.43), 速度=0.40 m/s
[INFO] [1774659766.725564091] [usv_01.velocity_controller_node]: 📨 velocity_controller 收到目标 [ID=1018]: (12.11, 0.43), nav_mode=0, control_mode=velocity
[INFO] [1774659766.793384464] [usv_01.velocity_controller_node]: 📨 velocity_controller 收到目标 [ID=1018]: (12.11, 0.43), nav_mode=0, control_mode=velocity
[INFO] [1774659766.841768901] [usv_01.velocity_controller_node]: 📨 velocity_controller 收到目标 [ID=1018]: (12.11, 0.43), nav_mode=0, control_mode=velocity
[INFO] [1774659766.882035997] [usv_01.velocity_controller_node]: 📨 velocity_controller 收到目标 [ID=1018]: (12.11, 0.43), nav_mode=0, control_mode=velocity
[INFO] [1774659766.933204282] [usv_02.velocity_controller_node]: 📨 velocity_controller 收到目标 [ID=2018]: (11.90, -3.04), nav_mode=0, control_mode=velocity
[INFO] [1774659766.933896994] [usv_02.velocity_controller_node]: 📊 导航状态: IDLE → ACTIVE (新导航目标[ID=2018])
[INFO] [1774659766.934399503] [usv_02.velocity_controller_node]: 🎯 新导航目标 [ID=2018]: (11.90, -3.04), 速度=0.40 m/s
[INFO] [1774659766.985353684] [usv_02.velocity_controller_node]: 📨 velocity_controller 收到目标 [ID=2018]: (11.90, -3.04), nav_mode=0, control_mode=velocity
[INFO] [1774659767.045175319] [usv_02.velocity_controller_node]: 📨 velocity_controller 收到目标 [ID=2018]: (11.90, -3.04), nav_mode=0, control_mode=velocity
[INFO] [1774659767.081383745] [usv_02.velocity_controller_node]: 📨 velocity_controller 收到目标 [ID=2018]: (11.90, -3.04), nav_mode=0, control_mode=velocity
[INFO] [1774659767.135295678] [usv_02.velocity_controller_node]: 📨 velocity_controller 收到目标 [ID=2018]: (11.90, -3.04), nav_mode=0, control_mode=velocity
[INFO] [1774659767.203607859] [usv_03.velocity_controller_node]: 📨 velocity_controller 收到目标 [ID=3018]: (11.86, 2.27), nav_mode=0, control_mode=velocity
[INFO] [1774659767.209664064] [usv_03.velocity_controller_node]: 📊 导航状态: IDLE → ACTIVE (新导航目标[ID=3018])
[INFO] [1774659767.210197373] [usv_03.velocity_controller_node]: 🎯 新导航目标 [ID=3018]: (11.86, 2.27), 速度=0.40 m/s
[INFO] [1774659767.265478829] [usv_03.velocity_controller_node]: 📨 velocity_controller 收到目标 [ID=3018]: (11.86, 2.27), nav_mode=0, control_mode=velocity
[INFO] [1774659767.320162975] [usv_03.velocity_controller_node]: 📨 velocity_controller 收到目标 [ID=3018]: (11.86, 2.27), nav_mode=0, control_mode=velocity
[INFO] [1774659767.368118304] [usv_03.velocity_controller_node]: 📨 velocity_controller 收到目标 [ID=3018]: (11.86, 2.27), nav_mode=0, control_mode=velocity
[INFO] [1774659767.376794654] [usv_02.velocity_controller_node]: 🚀 纯RL导航中: rl(vx=0.40, ω=0.40) -> final(vx=0.40, ω=0.40), raw仅观测(vx=0.00, ω=0.00), 距离=6.10m, 队列=0
[INFO] [1774659767.414651109] [usv_03.velocity_controller_node]: 📨 velocity_controller 收到目标 [ID=3018]: (11.86, 2.27), nav_mode=0, control_mode=velocity
[INFO] [1774659767.437776509] [usv_01.velocity_controller_node]: 🚀 纯RL导航中: rl(vx=0.40, ω=0.40) -> final(vx=0.40, ω=0.40), raw仅观测(vx=0.00, ω=0.00), 距离=7.23m, 队列=0
[INFO] [1774659767.512804107] [usv_03.velocity_controller_node]: 🚀 纯RL导航中: rl(vx=0.12, ω=0.40) -> final(vx=0.12, ω=0.40), raw仅观测(vx=0.00, ω=0.00), 距离=7.81m, 队列=0
[INFO] [1774659767.979256559] [usv_01.velocity_controller_node]: 🚀 纯RL导航中: rl(vx=0.25, ω=0.40) -> final(vx=0.25, ω=0.40), raw仅观测(vx=0.12, ω=0.40), 距离=12.20m, 队列=0
[INFO] [1774659768.010190492] [usv_03.velocity_controller_node]: 🚀 纯RL导航中: rl(vx=0.40, ω=-0.40) -> final(vx=0.40, ω=-0.40), raw仅观测(vx=0.40, ω=-0.09), 距离=8.93m, 队列=0
[INFO] [1774659768.888102636] [usv_02.velocity_controller_node]: 🚀 纯RL导航中: rl(vx=0.40, ω=-0.40) -> final(vx=0.40, ω=-0.40), raw仅观测(vx=0.33, ω=-0.03), 距离=5.52m, 队列=0
[INFO] [1774659769.437480413] [usv_02.velocity_controller_node]: 🚀 纯RL导航中: rl(vx=0.12, ω=0.40) -> final(vx=0.12, ω=0.40), raw仅观测(vx=0.00, ω=0.00), 距离=5.52m, 队列=0
[INFO] [1774659769.445010243] [usv_01.velocity_controller_node]: 🚀 纯RL导航中: rl(vx=0.12, ω=0.40) -> final(vx=0.12, ω=0.40), raw仅观测(vx=0.00, ω=0.00), 距离=6.81m, 队列=0
[INFO] [1774659769.507208016] [usv_03.velocity_controller_node]: 🚀 纯RL导航中: rl(vx=0.12, ω=0.40) -> final(vx=0.12, ω=0.40), raw仅观测(vx=0.00, ω=0.00), 距离=7.61m, 队列=0
[INFO] [1774659769.965953930] [usv_01.velocity_controller_node]: 🚀 纯RL导航中: rl(vx=0.40, ω=-0.40) -> final(vx=0.40, ω=-0.40), raw仅观测(vx=0.11, ω=0.40), 距离=11.61m, 队列=0
[INFO] [1774659770.079030680] [usv_03.velocity_controller_node]: 🚀 纯RL导航中: rl(vx=0.15, ω=-0.29) -> final(vx=0.15, ω=-0.29), raw仅观测(vx=0.40, ω=-0.00), 距离=8.36m, 队列=0
[INFO] [1774659770.960678289] [usv_02.velocity_controller_node]: 🚀 纯RL导航中: rl(vx=0.12, ω=-0.40) -> final(vx=0.12, ω=-0.40), raw仅观测(vx=0.37, ω=0.21), 距离=5.04m, 队列=0
[INFO] [1774659771.427818847] [usv_02.velocity_controller_node]: 🚀 纯RL导航中: rl(vx=0.12, ω=0.04) -> final(vx=0.12, ω=0.04), raw仅观测(vx=0.00, ω=0.00), 距离=5.05m, 队列=0
[INFO] [1774659771.440448765] [usv_01.velocity_controller_node]: 🚀 纯RL导航中: rl(vx=0.12, ω=-0.40) -> final(vx=0.12, ω=-0.40), raw仅观测(vx=0.00, ω=0.00), 距离=6.28m, 队列=0
[INFO] [1774659771.558645704] [usv_03.velocity_controller_node]: 🚀 纯RL导航中: rl(vx=0.12, ω=-0.40) -> final(vx=0.12, ω=-0.40), raw仅观测(vx=0.00, ω=0.00), 距离=6.91m, 队列=0
[INFO] [1774659771.960461535] [usv_01.velocity_controller_node]: 🚀 纯RL导航中: rl(vx=0.12, ω=0.40) -> final(vx=0.12, ω=0.40), raw仅观测(vx=0.11, ω=0.40), 距离=11.34m, 队列=0
[INFO] [1774659772.070925241] [usv_03.velocity_controller_node]: 🚀 纯RL导航中: rl(vx=0.12, ω=-0.40) -> final(vx=0.12, ω=-0.40), raw仅观测(vx=0.00, ω=0.00), 距离=7.86m, 队列=0
[INFO] [1774659772.826704878] [usv_01.velocity_controller_node]: 📨 velocity_controller 收到目标 [ID=1018]: (11.99, 0.19), nav_mode=0, control_mode=velocity
[INFO] [1774659772.827156786] [usv_01.velocity_controller_node]: 📊 导航状态: IDLE → ACTIVE (新导航目标[ID=1018])
[INFO] [1774659772.831422160] [usv_01.velocity_controller_node]: 🎯 新导航目标 [ID=1018]: (11.99, 0.19), 速度=0.40 m/s
[INFO] [1774659772.890057371] [usv_01.velocity_controller_node]: 📨 velocity_controller 收到目标 [ID=1018]: (11.99, 0.19), nav_mode=0, control_mode=velocity
[INFO] [1774659772.959039461] [usv_01.velocity_controller_node]: 📨 velocity_controller 收到目标 [ID=1018]: (11.99, 0.19), nav_mode=0, control_mode=velocity
[INFO] [1774659772.962604123] [usv_02.velocity_controller_node]: 🚀 纯RL导航中: rl(vx=0.12, ω=-0.40) -> final(vx=0.12, ω=-0.40), raw仅观测(vx=0.14, ω=0.40), 距离=4.70m, 队列=0
[INFO] [1774659772.981743053] [usv_01.velocity_controller_node]: 📨 velocity_controller 收到目标 [ID=1018]: (11.99, 0.19), nav_mode=0, control_mode=velocity
[INFO] [1774659773.026351522] [usv_01.velocity_controller_node]: 📨 velocity_controller 收到目标 [ID=1018]: (11.99, 0.19), nav_mode=0, control_mode=velocity
[INFO] [1774659773.081448873] [usv_02.velocity_controller_node]: 📨 velocity_controller 收到目标 [ID=2018]: (11.59, -3.35), nav_mode=0, control_mode=velocity
[INFO] [1774659773.081834179] [usv_02.velocity_controller_node]: 📊 导航状态: IDLE → ACTIVE (新导航目标[ID=2018])
[INFO] [1774659773.082441890] [usv_02.velocity_controller_node]: 🎯 新导航目标 [ID=2018]: (11.59, -3.35), 速度=0.40 m/s
[INFO] [1774659773.129733206] [usv_02.velocity_controller_node]: 📨 velocity_controller 收到目标 [ID=2018]: (11.59, -3.35), nav_mode=0, control_mode=velocity
[INFO] [1774659773.181474198] [usv_02.velocity_controller_node]: 📨 velocity_controller 收到目标 [ID=2018]: (11.59, -3.35), nav_mode=0, control_mode=velocity
[INFO] [1774659773.239247795] [usv_02.velocity_controller_node]: 📨 velocity_controller 收到目标 [ID=2018]: (11.59, -3.35), nav_mode=0, control_mode=velocity
[INFO] [1774659773.292683117] [usv_02.velocity_controller_node]: 📨 velocity_controller 收到目标 [ID=2018]: (11.59, -3.35), nav_mode=0, control_mode=velocity
[INFO] [1774659773.346370043] [usv_03.velocity_controller_node]: 📨 velocity_controller 收到目标 [ID=3018]: (12.01, 2.03), nav_mode=0, control_mode=velocity
[INFO] [1774659773.359449868] [usv_03.velocity_controller_node]: 📊 导航状态: IDLE → ACTIVE (新导航目标[ID=3018])
[INFO] [1774659773.363112031] [usv_03.velocity_controller_node]: 🎯 新导航目标 [ID=3018]: (12.01, 2.03), 速度=0.40 m/s
[INFO] [1774659773.396669910] [usv_03.velocity_controller_node]: 📨 velocity_controller 收到目标 [ID=3018]: (12.01, 2.03), nav_mode=0, control_mode=velocity
[INFO] [1774659773.511335688] [usv_03.velocity_controller_node]: 📨 velocity_controller 收到目标 [ID=3018]: (12.01, 2.03), nav_mode=0, control_mode=velocity
[INFO] [1774659773.533099364] [usv_03.velocity_controller_node]: 📨 velocity_controller 收到目标 [ID=3018]: (12.01, 2.03), nav_mode=0, control_mode=velocity
[INFO] [1774659773.564556006] [usv_03.velocity_controller_node]: 📨 velocity_controller 收到目标 [ID=3018]: (12.01, 2.03), nav_mode=0, control_mode=velocity
[INFO] [1774659773.892912771] [usv_01.velocity_controller_node]: 🚀 纯RL导航中: rl(vx=0.40, ω=0.40) -> final(vx=0.40, ω=0.40), raw仅观测(vx=0.22, ω=0.40), 距离=11.50m, 队列=0
[INFO] [1774659773.957725889] [usv_01.velocity_controller_node]: 🚀 纯RL导航中: rl(vx=0.40, ω=-0.40) -> final(vx=0.40, ω=-0.40), raw仅观测(vx=0.11, ω=0.40), 距离=11.18m, 队列=0
[INFO] [1774659774.063685216] [usv_03.velocity_controller_node]: 🚀 纯RL导航中: rl(vx=0.40, ω=0.40) -> final(vx=0.40, ω=0.40), raw仅观测(vx=0.00, ω=0.00), 距离=7.57m, 队列=0
[INFO] [1774659774.235526981] [usv_02.velocity_controller_node]: 🚀 纯RL导航中: rl(vx=0.40, ω=0.23) -> final(vx=0.40, ω=0.23), raw仅观测(vx=0.13, ω=-0.40), 距离=5.53m, 队列=0
[INFO] [1774659774.651635859] [usv_03.velocity_controller_node]: 🚀 纯RL导航中: rl(vx=0.12, ω=-0.39) -> final(vx=0.12, ω=-0.39), raw仅观测(vx=0.17, ω=0.40), 距离=9.35m, 队列=0
[INFO] [1774659774.927471017] [usv_02.velocity_controller_node]: 🚀 纯RL导航中: rl(vx=0.40, ω=0.40) -> final(vx=0.40, ω=0.40), raw仅观测(vx=0.12, ω=0.40), 距离=4.35m, 队列=0
[INFO] [1774659775.938055832] [usv_01.velocity_controller_node]: 🚀 纯RL导航中: rl(vx=0.12, ω=0.40) -> final(vx=0.12, ω=0.40), raw仅观测(vx=0.11, ω=0.40), 距离=10.93m, 队列=0
[INFO] [1774659775.988451299] [usv_01.velocity_controller_node]: 🚀 纯RL导航中: rl(vx=0.12, ω=-0.40) -> final(vx=0.12, ω=-0.40), raw仅观测(vx=0.30, ω=0.10), 距离=10.77m, 队列=0
[INFO] [1774659776.089279432] [usv_03.velocity_controller_node]: 🚀 纯RL导航中: rl(vx=0.40, ω=-0.40) -> final(vx=0.40, ω=-0.40), raw仅观测(vx=0.00, ω=0.00), 距离=7.18m, 队列=0
[MAPPO][update=1181] total_steps=680256 rollout_steps=192 sample_count=576 rollout_time=24.51s rollout_sps=23.5 update_time=0.10s update_sps=16785.1 update_share=0.42% loss=68.9177 mean_reward=-3.4626 episodes=2 entropy_coef=0.0300 lr=3.00e-05 gpu=cpu
Saved MAPPO checkpoint scaffold to /mnt/data/checkpoints/usv_rl/unified45_checkpoints/unified45_step_0680256.pt
[INFO] [1774659776.293943551] [usv_02.velocity_controller_node]: 🚀 纯RL导航中: rl(vx=0.12, ω=-0.40) -> final(vx=0.12, ω=-0.40), raw仅观测(vx=0.20, ω=-0.29), 距离=5.01m, 队列=0
[INFO] [1774659776.654462748] [usv_03.velocity_controller_node]: 🚀 纯RL导航中: rl(vx=0.40, ω=0.40) -> final(vx=0.40, ω=0.40), raw仅观测(vx=0.31, ω=-0.16), 距离=8.66m, 队列=0
[INFO] [1774659776.941491983] [usv_02.velocity_controller_node]: 🚀 纯RL导航中: rl(vx=0.12, ω=0.40) -> final(vx=0.12, ω=0.40), raw仅观测(vx=0.13, ω=0.40), 距离=4.08m, 队列=0
[INFO] [1774659777.984527514] [usv_01.velocity_controller_node]: 🚀 纯RL导航中: rl(vx=0.40, ω=0.40) -> final(vx=0.40, ω=0.40), raw仅观测(vx=0.12, ω=0.40), 距离=10.51m, 队列=0
[INFO] [1774659778.044422944] [usv_01.velocity_controller_node]: 🚀 纯RL导航中: rl(vx=0.40, ω=-0.40) -> final(vx=0.40, ω=-0.40), raw仅观测(vx=0.14, ω=0.40), 距离=10.27m, 队列=0
[INFO] [1774659778.060850026] [usv_03.velocity_controller_node]: 🚀 纯RL导航中: rl(vx=0.40, ω=0.40) -> final(vx=0.40, ω=0.40), raw仅观测(vx=0.00, ω=0.00), 距离=6.44m, 队列=0
[INFO] [1774659778.301705767] [usv_02.velocity_controller_node]: 🚀 纯RL导航中: rl(vx=0.40, ω=0.40) -> final(vx=0.40, ω=0.40), raw仅观测(vx=0.16, ω=-0.40), 距离=4.13m, 队列=0
[INFO] [1774659778.665370219] [usv_03.velocity_controller_node]: 🚀 纯RL导航中: rl(vx=0.12, ω=-0.32) -> final(vx=0.12, ω=-0.32), raw仅观测(vx=0.12, ω=-0.40), 距离=8.00m, 队列=0
[INFO] [1774659778.935605164] [usv_02.velocity_controller_node]: 🚀 纯RL导航中: rl(vx=0.40, ω=0.40) -> final(vx=0.40, ω=0.40), raw仅观测(vx=0.07, ω=0.40), 距离=3.64m, 队列=0
[INFO] [1774659780.107549112] [usv_01.velocity_controller_node]: 🚀 纯RL导航中: rl(vx=0.40, ω=-0.40) -> final(vx=0.40, ω=-0.40), raw仅观测(vx=0.40, ω=0.14), 距离=10.01m, 队列=0
[INFO] [1774659780.110599564] [usv_03.velocity_controller_node]: 🚀 纯RL导航中: rl(vx=0.12, ω=-0.40) -> final(vx=0.12, ω=-0.40), raw仅观测(vx=0.00, ω=0.00), 距离=6.32m, 队列=0
[INFO] [1774659780.112139291] [usv_01.velocity_controller_node]: 🚀 纯RL导航中: rl(vx=0.40, ω=-0.40) -> final(vx=0.40, ω=-0.40), raw仅观测(vx=0.12, ω=0.40), 距离=9.49m, 队列=0
[INFO] [1774659780.388266838] [usv_02.velocity_controller_node]: 🚀 纯RL导航中: rl(vx=0.40, ω=-0.40) -> final(vx=0.40, ω=-0.40), raw仅观测(vx=0.12, ω=-0.40), 距离=3.60m, 队列=0
[INFO] [1774659780.658839589] [usv_03.velocity_controller_node]: 🚀 纯RL导航中: rl(vx=0.40, ω=-0.40) -> final(vx=0.40, ω=-0.40), raw仅观测(vx=0.00, ω=0.00), 距离=7.72m, 队列=0
[INFO] [1774659780.936264059] [usv_02.velocity_controller_node]: 🚀 纯RL导航中: rl(vx=0.12, ω=-0.40) -> final(vx=0.12, ω=-0.40), raw仅观测(vx=0.05, ω=0.40), 距离=3.14m, 队列=0
[INFO] [1774659782.103742229] [usv_01.velocity_controller_node]: 🚀 纯RL导航中: rl(vx=0.40, ω=0.40) -> final(vx=0.40, ω=0.40), raw仅观测(vx=0.39, ω=0.02), 距离=9.44m, 队列=0
[INFO] [1774659782.112666883] [usv_01.velocity_controller_node]: 🚀 纯RL导航中: rl(vx=0.40, ω=0.40) -> final(vx=0.40, ω=0.40), raw仅观测(vx=0.25, ω=0.28), 距离=8.97m, 队列=0
[INFO] [1774659782.119823306] [usv_03.velocity_controller_node]: 🚀 纯RL导航中: rl(vx=0.12, ω=0.30) -> final(vx=0.12, ω=0.30), raw仅观测(vx=0.00, ω=0.00), 距离=6.05m, 队列=0
[INFO] [1774659782.386833396] [usv_02.velocity_controller_node]: 🚀 纯RL导航中: rl(vx=0.40, ω=-0.40) -> final(vx=0.40, ω=-0.40), raw仅观测(vx=0.39, ω=-0.02), 距离=2.87m, 队列=0
[INFO] [1774659782.657483349] [usv_03.velocity_controller_node]: 🚀 纯RL导航中: rl(vx=0.40, ω=-0.40) -> final(vx=0.40, ω=-0.40), raw仅观测(vx=0.00, ω=0.00), 距离=7.16m, 队列=0
[INFO] [1774659782.928237103] [usv_02.velocity_controller_node]: 🚀 纯RL导航中: rl(vx=0.40, ω=0.40) -> final(vx=0.40, ω=0.40), raw仅观测(vx=0.05, ω=0.40), 距离=2.63m, 队列=0
[INFO] [1774659784.090210422] [usv_01.velocity_controller_node]: 🚀 纯RL导航中: rl(vx=0.40, ω=0.40) -> final(vx=0.40, ω=0.40), raw仅观测(vx=0.21, ω=-0.27), 距离=8.59m, 队列=0
[INFO] [1774659784.105734191] [usv_01.velocity_controller_node]: 🚀 纯RL导航中: rl(vx=0.12, ω=-0.40) -> final(vx=0.12, ω=-0.40), raw仅观测(vx=0.19, ω=0.37), 距离=8.70m, 队列=0
[INFO] [1774659784.113444724] [usv_03.velocity_controller_node]: 🚀 纯RL导航中: rl(vx=0.40, ω=-0.31) -> final(vx=0.40, ω=-0.31), raw仅观测(vx=0.00, ω=0.00), 距离=5.86m, 队列=0
[INFO] [1774659784.392259945] [usv_02.velocity_controller_node]: 🚀 纯RL导航中: rl(vx=0.12, ω=-0.28) -> final(vx=0.12, ω=-0.28), raw仅观测(vx=0.25, ω=0.28), 距离=2.18m, 队列=0
[INFO] [1774659784.660844188] [usv_03.velocity_controller_node]: 🚀 纯RL导航中: rl(vx=0.12, ω=0.40) -> final(vx=0.12, ω=0.40), raw仅观测(vx=0.00, ω=0.00), 距离=6.57m, 队列=0
[INFO] [1774659784.933472102] [usv_02.velocity_controller_node]: 🚀 纯RL导航中: rl(vx=0.40, ω=0.40) -> final(vx=0.40, ω=0.40), raw仅观测(vx=0.05, ω=0.40), 距离=2.14m, 队列=0
[INFO] [1774659786.083338382] [usv_01.velocity_controller_node]: 🚀 纯RL导航中: rl(vx=0.12, ω=-0.40) -> final(vx=0.12, ω=-0.40), raw仅观测(vx=0.00, ω=0.00), 距离=7.80m, 队列=0
[INFO] [1774659786.109066027] [usv_01.velocity_controller_node]: 🚀 纯RL导航中: rl(vx=0.40, ω=-0.40) -> final(vx=0.40, ω=-0.40), raw仅观测(vx=0.12, ω=0.40), 距离=8.28m, 队列=0
[INFO] [1774659786.112430185] [usv_03.velocity_controller_node]: 🚀 纯RL导航中: rl(vx=0.12, ω=0.40) -> final(vx=0.12, ω=0.40), raw仅观测(vx=0.00, ω=0.00), 距离=5.72m, 队列=0
[INFO] [1774659786.386058416] [usv_02.velocity_controller_node]: 🚀 纯RL导航中: rl(vx=0.12, ω=0.40) -> final(vx=0.12, ω=0.40), raw仅观测(vx=0.24, ω=0.11), 距离=1.62m, 队列=0
[INFO] [1774659786.673584087] [usv_03.velocity_controller_node]: 🚀 纯RL导航中: rl(vx=0.40, ω=-0.32) -> final(vx=0.40, ω=-0.32), raw仅观测(vx=0.00, ω=0.00), 距离=6.18m, 队列=0
[INFO] [1774659786.962160976] [usv_02.velocity_controller_node]: 🚀 纯RL导航中: rl(vx=0.12, ω=0.40) -> final(vx=0.12, ω=0.40), raw仅观测(vx=0.05, ω=0.40), 距离=1.79m, 队列=0
[INFO] [1774659788.108804101] [usv_01.velocity_controller_node]: 🚀 纯RL导航中: rl(vx=0.12, ω=0.40) -> final(vx=0.12, ω=0.40), raw仅观测(vx=0.00, ω=0.00), 距离=7.64m, 队列=0
[INFO] [1774659788.116884141] [usv_03.velocity_controller_node]: 🚀 纯RL导航中: rl(vx=0.40, ω=-0.40) -> final(vx=0.40, ω=-0.40), raw仅观测(vx=0.00, ω=0.00), 距离=5.58m, 队列=0
[INFO] [1774659788.121251816] [usv_01.velocity_controller_node]: 🚀 纯RL导航中: rl(vx=0.12, ω=-0.40) -> final(vx=0.12, ω=-0.40), raw仅观测(vx=0.00, ω=0.00), 距离=7.25m, 队列=0
[INFO] [1774659788.395412956] [usv_02.velocity_controller_node]: 🚀 纯RL导航中: rl(vx=0.40, ω=-0.40) -> final(vx=0.40, ω=-0.40), raw仅观测(vx=0.08, ω=0.14), 距离=1.13m, 队列=0
[INFO] [1774659788.682364517] [usv_03.velocity_controller_node]: 🚀 纯RL导航中: rl(vx=0.12, ω=-0.40) -> final(vx=0.12, ω=-0.40), raw仅观测(vx=0.00, ω=0.00), 距离=5.50m, 队列=0
[INFO] [1774659788.951303967] [usv_02.velocity_controller_node]: 🚀 纯RL导航中: rl(vx=0.40, ω=0.40) -> final(vx=0.40, ω=0.40), raw仅观测(vx=0.00, ω=0.00), 距离=1.52m, 队列=0
[INFO] [1774659790.123998842] [usv_01.velocity_controller_node]: 🚀 纯RL导航中: rl(vx=0.12, ω=0.40) -> final(vx=0.12, ω=0.40), raw仅观测(vx=0.00, ω=0.00), 距离=6.57m, 队列=0
[INFO] [1774659790.166394575] [usv_03.velocity_controller_node]: 🚀 纯RL导航中: rl(vx=0.40, ω=0.40) -> final(vx=0.40, ω=0.40), raw仅观测(vx=0.00, ω=0.00), 距离=5.61m, 队列=0
[INFO] [1774659790.173689501] [usv_01.velocity_controller_node]: 🚀 纯RL导航中: rl(vx=0.37, ω=-0.40) -> final(vx=0.37, ω=-0.40), raw仅观测(vx=0.00, ω=0.00), 距离=7.42m, 队列=0
[INFO] [1774659790.384487946] [usv_02.velocity_controller_node]: 🚀 纯RL导航中: rl(vx=0.40, ω=0.40) -> final(vx=0.40, ω=0.40), raw仅观测(vx=0.00, ω=0.00), 距离=0.40m, 队列=0
[INFO] [1774659790.659531301] [usv_03.velocity_controller_node]: 🚀 纯RL导航中: rl(vx=0.40, ω=0.40) -> final(vx=0.40, ω=0.40), raw仅观测(vx=0.00, ω=0.00), 距离=5.20m, 队列=0
[INFO] [1774659790.979485933] [usv_02.velocity_controller_node]: 🚀 纯RL导航中: rl(vx=0.40, ω=-0.40) -> final(vx=0.40, ω=-0.40), raw仅观测(vx=0.00, ω=0.00), 距离=1.16m, 队列=0
[INFO] [1774659792.125778751] [usv_01.velocity_controller_node]: 🚀 纯RL导航中: rl(vx=0.12, ω=0.34) -> final(vx=0.12, ω=0.34), raw仅观测(vx=0.00, ω=0.00), 距离=6.00m, 队列=0
[INFO] [1774659792.136706040] [usv_01.velocity_controller_node]: 🚀 纯RL导航中: rl(vx=0.40, ω=-0.40) -> final(vx=0.40, ω=-0.40), raw仅观测(vx=0.00, ω=0.00), 距离=6.86m, 队列=0
[INFO] [1774659792.181217709] [usv_03.velocity_controller_node]: 🚀 纯RL导航中: rl(vx=0.12, ω=-0.40) -> final(vx=0.12, ω=-0.40), raw仅观测(vx=0.00, ω=0.00), 距离=5.87m, 队列=0
[INFO] [1774659792.376960093] [usv_02.velocity_controller_node]: 🚀 纯RL导航中: rl(vx=0.12, ω=0.40) -> final(vx=0.12, ω=0.40), raw仅观测(vx=0.00, ω=0.00), 距离=0.27m, 队列=0
[INFO] [1774659792.662382828] [usv_03.velocity_controller_node]: 🚀 纯RL导航中: rl(vx=0.40, ω=-0.40) -> final(vx=0.40, ω=-0.40), raw仅观测(vx=0.00, ω=0.00), 距离=4.30m, 队列=0
[INFO] [1774659792.974484724] [usv_02.velocity_controller_node]: 🚀 纯RL导航中: rl(vx=0.12, ω=-0.40) -> final(vx=0.12, ω=-0.40), raw仅观测(vx=0.00, ω=0.00), 距离=0.73m, 队列=0
[INFO] [1774659794.212844333] [usv_01.velocity_controller_node]: 🚀 纯RL导航中: rl(vx=0.40, ω=0.40) -> final(vx=0.40, ω=0.40), raw仅观测(vx=0.00, ω=0.00), 距离=5.53m, 队列=0
[INFO] [1774659794.225435150] [usv_03.velocity_controller_node]: 🚀 纯RL导航中: rl(vx=0.40, ω=-0.40) -> final(vx=0.40, ω=-0.40), raw仅观测(vx=0.00, ω=0.00), 距离=5.95m, 队列=0
[INFO] [1774659794.231208150] [usv_01.velocity_controller_node]: 🚀 纯RL导航中: rl(vx=0.40, ω=-0.40) -> final(vx=0.40, ω=-0.40), raw仅观测(vx=0.00, ω=0.00), 距离=6.47m, 队列=0
[INFO] [1774659794.476927498] [usv_02.velocity_controller_node]: 🚀 纯RL导航中: rl(vx=0.17, ω=0.40) -> final(vx=0.17, ω=0.40), raw仅观测(vx=0.00, ω=0.00), 距离=0.89m, 队列=0
[INFO] [1774659794.942261043] [usv_03.velocity_controller_node]: 🚀 纯RL导航中: rl(vx=0.40, ω=0.40) -> final(vx=0.40, ω=0.40), raw仅观测(vx=0.00, ω=0.00), 距离=3.94m, 队列=0
[INFO] [1774659795.080240828] [usv_02.velocity_controller_node]: 🚀 纯RL导航中: rl(vx=0.12, ω=0.40) -> final(vx=0.12, ω=0.40), raw仅观测(vx=0.00, ω=0.00), 距离=0.80m, 队列=0
[INFO] [1774659795.867160833] [usv_01.velocity_controller_node]: 📨 velocity_controller 收到目标 [ID=1019]: (12.15, -0.59), nav_mode=0, control_mode=velocity
[INFO] [1774659795.869956681] [usv_01.velocity_controller_node]: 📨 velocity_controller 收到目标 [ID=1019]: (12.15, -0.59), nav_mode=0, control_mode=velocity
[INFO] [1774659795.873437441] [usv_01.velocity_controller_node]: 📊 导航状态: IDLE → ACTIVE (新导航目标[ID=1019])
[INFO] [1774659795.873994051] [usv_01.velocity_controller_node]: 🎯 新导航目标 [ID=1019]: (12.15, -0.59), 速度=0.40 m/s
[INFO] [1774659795.913175028] [usv_01.velocity_controller_node]: 📨 velocity_controller 收到目标 [ID=1019]: (12.15, -0.59), nav_mode=0, control_mode=velocity
[INFO] [1774659795.984536362] [usv_01.velocity_controller_node]: 📨 velocity_controller 收到目标 [ID=1019]: (12.15, -0.59), nav_mode=0, control_mode=velocity
[INFO] [1774659796.021030193] [usv_01.velocity_controller_node]: 📨 velocity_controller 收到目标 [ID=1019]: (12.15, -0.59), nav_mode=0, control_mode=velocity
[INFO] [1774659796.080909628] [usv_02.velocity_controller_node]: 📨 velocity_controller 收到目标 [ID=2019]: (-0.17, -0.46), nav_mode=0, control_mode=velocity
[INFO] [1774659796.085459407] [usv_02.velocity_controller_node]: 📊 导航状态: IDLE → ACTIVE (新导航目标[ID=2019])
[INFO] [1774659796.085989416] [usv_02.velocity_controller_node]: 🎯 新导航目标 [ID=2019]: (-0.17, -0.46), 速度=0.40 m/s
[INFO] [1774659796.130064778] [usv_02.velocity_controller_node]: 📨 velocity_controller 收到目标 [ID=2019]: (-0.17, -0.46), nav_mode=0, control_mode=velocity
[INFO] [1774659796.180214045] [usv_02.velocity_controller_node]: 📨 velocity_controller 收到目标 [ID=2019]: (-0.17, -0.46), nav_mode=0, control_mode=velocity
[INFO] [1774659796.348929262] [usv_02.velocity_controller_node]: 📨 velocity_controller 收到目标 [ID=2019]: (-0.17, -0.46), nav_mode=0, control_mode=velocity
[INFO] [1774659796.376735242] [usv_01.velocity_controller_node]: 🚀 纯RL导航中: rl(vx=0.12, ω=-0.40) -> final(vx=0.12, ω=-0.40), raw仅观测(vx=0.00, ω=0.00), 距离=4.59m, 队列=0
[INFO] [1774659796.390142574] [usv_03.velocity_controller_node]: 📨 velocity_controller 收到目标 [ID=3019]: (0.36, 13.01), nav_mode=0, control_mode=velocity
[INFO] [1774659796.390500880] [usv_02.velocity_controller_node]: 📨 velocity_controller 收到目标 [ID=2019]: (-0.17, -0.46), nav_mode=0, control_mode=velocity
[INFO] [1774659796.393708236] [usv_03.velocity_controller_node]: 📊 导航状态: IDLE → ACTIVE (新导航目标[ID=3019])
[INFO] [1774659796.426752807] [usv_03.velocity_controller_node]: 🎯 新导航目标 [ID=3019]: (0.36, 13.01), 速度=0.40 m/s
[INFO] [1774659796.452489152] [usv_03.velocity_controller_node]: 📨 velocity_controller 收到目标 [ID=3019]: (0.36, 13.01), nav_mode=0, control_mode=velocity
[INFO] [1774659796.488345872] [usv_03.velocity_controller_node]: 📨 velocity_controller 收到目标 [ID=3019]: (0.36, 13.01), nav_mode=0, control_mode=velocity
[INFO] [1774659796.541068283] [usv_03.velocity_controller_node]: 📨 velocity_controller 收到目标 [ID=3019]: (0.36, 13.01), nav_mode=0, control_mode=velocity
[INFO] [1774659796.574503261] [usv_02.velocity_controller_node]: 🚀 纯RL导航中: rl(vx=0.40, ω=-0.40) -> final(vx=0.40, ω=-0.40), raw仅观测(vx=0.00, ω=0.00), 距离=1.37m, 队列=0
[INFO] [1774659796.588707407] [usv_03.velocity_controller_node]: 📨 velocity_controller 收到目标 [ID=3019]: (0.36, 13.01), nav_mode=0, control_mode=velocity
[INFO] [1774659796.907684121] [usv_01.velocity_controller_node]: 🚀 纯RL导航中: rl(vx=0.12, ω=-0.40) -> final(vx=0.12, ω=-0.40), raw仅观测(vx=0.12, ω=-0.40), 距离=11.51m, 队列=0
[INFO] [1774659797.035699235] [usv_03.velocity_controller_node]: 🚀 纯RL导航中: rl(vx=0.40, ω=-0.15) -> final(vx=0.40, ω=-0.15), raw仅观测(vx=0.00, ω=0.00), 距离=3.49m, 队列=0
[INFO] [1774659797.322308890] [usv_03.velocity_controller_node]: 🚀 纯RL导航中: rl(vx=0.40, ω=0.40) -> final(vx=0.40, ω=0.40), raw仅观测(vx=0.31, ω=-0.30), 距离=2.70m, 队列=0
[INFO] [1774659798.188055057] [usv_02.velocity_controller_node]: 🚀 纯RL导航中: rl(vx=0.40, ω=0.21) -> final(vx=0.40, ω=0.21), raw仅观测(vx=0.23, ω=-0.17), 距离=11.66m, 队列=0
[INFO] [1774659798.437675172] [usv_01.velocity_controller_node]: 🚀 纯RL导航中: rl(vx=0.40, ω=0.40) -> final(vx=0.40, ω=0.40), raw仅观测(vx=0.00, ω=0.00), 距离=4.51m, 队列=0
[INFO] [1774659798.780187394] [usv_02.velocity_controller_node]: 🚀 纯RL导航中: rl(vx=0.40, ω=-0.34) -> final(vx=0.40, ω=-0.34), raw仅观测(vx=0.00, ω=0.00), 距离=1.97m, 队列=0
[INFO] [1774659799.109070179] [usv_03.velocity_controller_node]: 🚀 纯RL导航中: rl(vx=0.12, ω=-0.40) -> final(vx=0.12, ω=-0.40), raw仅观测(vx=0.00, ω=0.00), 距离=2.69m, 队列=0
[INFO] [1774659799.249932915] [usv_01.velocity_controller_node]: 🚀 纯RL导航中: rl(vx=0.12, ω=0.40) -> final(vx=0.12, ω=0.40), raw仅观测(vx=0.24, ω=0.40), 距离=10.78m, 队列=0
[INFO] [1774659799.541233051] [usv_03.velocity_controller_node]: 🚀 纯RL导航中: rl(vx=0.17, ω=0.40) -> final(vx=0.17, ω=0.40), raw仅观测(vx=0.12, ω=-0.40), 距离=2.55m, 队列=0
[INFO] [1774659800.455244149] [usv_02.velocity_controller_node]: 🚀 纯RL导航中: rl(vx=0.40, ω=0.40) -> final(vx=0.40, ω=0.40), raw仅观测(vx=0.24, ω=0.25), 距离=10.81m, 队列=0
[INFO] [1774659800.483558638] [usv_01.velocity_controller_node]: 🚀 纯RL导航中: rl(vx=0.40, ω=-0.31) -> final(vx=0.40, ω=-0.31), raw仅观测(vx=0.00, ω=0.00), 距离=3.87m, 队列=0
[INFO] [1774659800.929518646] [usv_02.velocity_controller_node]: 🚀 纯RL导航中: rl(vx=0.40, ω=-0.40) -> final(vx=0.40, ω=-0.40), raw仅观测(vx=0.00, ω=0.00), 距离=2.37m, 队列=0
[INFO] [1774659801.277204156] [usv_03.velocity_controller_node]: 🚀 纯RL导航中: rl(vx=0.12, ω=-0.40) -> final(vx=0.12, ω=-0.40), raw仅观测(vx=0.00, ω=0.00), 距离=2.22m, 队列=0
[MAPPO][update=1182] total_steps=680832 rollout_steps=192 sample_count=576 rollout_time=25.07s rollout_sps=23.0 update_time=0.08s update_sps=21475.4 update_share=0.32% loss=524.4713 mean_reward=-2.8503 episodes=1 entropy_coef=0.0300 lr=3.00e-05 gpu=cpu
[INFO] [1774659801.521075671] [usv_01.velocity_controller_node]: 🚀 纯RL导航中: rl(vx=0.12, ω=-0.40) -> final(vx=0.12, ω=-0.40), raw仅观测(vx=0.17, ω=0.40), 距离=10.40m, 队列=0
[INFO] [1774659801.840554393] [usv_03.velocity_controller_node]: 🚀 纯RL导航中: rl(vx=0.40, ω=-0.40) -> final(vx=0.40, ω=-0.40), raw仅观测(vx=0.11, ω=-0.40), 距离=2.18m, 队列=0
[INFO] [1774659802.587520903] [usv_01.velocity_controller_node]: 🚀 纯RL导航中: rl(vx=0.12, ω=-0.09) -> final(vx=0.12, ω=-0.09), raw仅观测(vx=0.00, ω=0.00), 距离=3.52m, 队列=0
[INFO] [1774659802.784143002] [usv_02.velocity_controller_node]: 🚀 纯RL导航中: rl(vx=0.23, ω=-0.33) -> final(vx=0.23, ω=-0.33), raw仅观测(vx=0.23, ω=0.25), 距离=10.42m, 队列=0
[INFO] [1774659803.134489857] [usv_02.velocity_controller_node]: 🚀 纯RL导航中: rl(vx=0.40, ω=-0.24) -> final(vx=0.40, ω=-0.24), raw仅观测(vx=0.00, ω=0.00), 距离=2.68m, 队列=0
[INFO] [1774659803.413222075] [usv_03.velocity_controller_node]: 🚀 纯RL导航中: rl(vx=0.12, ω=-0.40) -> final(vx=0.12, ω=-0.40), raw仅观测(vx=0.00, ω=0.00), 距离=1.98m, 队列=0
[INFO] [1774659803.856299033] [usv_01.velocity_controller_node]: 🚀 纯RL导航中: rl(vx=0.40, ω=0.40) -> final(vx=0.40, ω=0.40), raw仅观测(vx=0.17, ω=0.20), 距离=9.82m, 队列=0
[INFO] [1774659804.039340297] [usv_03.velocity_controller_node]: 🚀 纯RL导航中: rl(vx=0.40, ω=-0.40) -> final(vx=0.40, ω=-0.40), raw仅观测(vx=0.12, ω=-0.40), 距离=2.04m, 队列=0
[INFO] [1774659804.589377404] [usv_01.velocity_controller_node]: 🚀 纯RL导航中: rl(vx=0.40, ω=-0.40) -> final(vx=0.40, ω=-0.40), raw仅观测(vx=0.00, ω=0.00), 距离=3.07m, 队列=0
[INFO] [1774659805.073557772] [usv_02.velocity_controller_node]: 🚀 纯RL导航中: rl(vx=0.40, ω=-0.13) -> final(vx=0.40, ω=-0.13), raw仅观测(vx=0.18, ω=0.31), 距离=9.88m, 队列=0
[INFO] [1774659805.175284931] [usv_02.velocity_controller_node]: 🚀 纯RL导航中: rl(vx=0.40, ω=0.40) -> final(vx=0.40, ω=0.40), raw仅观测(vx=0.00, ω=0.00), 距离=3.00m, 队列=0
[INFO] [1774659805.552168345] [usv_03.velocity_controller_node]: 🚀 纯RL导航中: rl(vx=0.40, ω=-0.40) -> final(vx=0.40, ω=-0.40), raw仅观测(vx=0.00, ω=0.00), 距离=1.54m, 队列=0
[INFO] [1774659806.464728217] [usv_03.velocity_controller_node]: 🚀 纯RL导航中: rl(vx=0.12, ω=0.40) -> final(vx=0.12, ω=0.40), raw仅观测(vx=0.05, ω=-0.31), 距离=1.43m, 队列=0
[INFO] [1774659806.499831724] [usv_01.velocity_controller_node]: 🚀 纯RL导航中: rl(vx=0.40, ω=-0.30) -> final(vx=0.40, ω=-0.30), raw仅观测(vx=0.12, ω=0.40), 距离=9.17m, 队列=0
[INFO] [1774659806.858715327] [usv_01.velocity_controller_node]: 🚀 纯RL导航中: rl(vx=0.12, ω=0.40) -> final(vx=0.12, ω=0.40), raw仅观测(vx=0.00, ω=0.00), 距离=2.88m, 队列=0
[INFO] [1774659807.556844594] [usv_02.velocity_controller_node]: 🚀 纯RL导航中: rl(vx=0.40, ω=-0.40) -> final(vx=0.40, ω=-0.40), raw仅观测(vx=0.00, ω=0.00), 距离=3.16m, 队列=0
[INFO] [1774659807.742576304] [usv_02.velocity_controller_node]: 🚀 纯RL导航中: rl(vx=0.40, ω=0.38) -> final(vx=0.40, ω=0.38), raw仅观测(vx=0.15, ω=0.40), 距离=9.28m, 队列=0
[INFO] [1774659807.750305037] [usv_03.velocity_controller_node]: 🚀 纯RL导航中: rl(vx=0.12, ω=-0.03) -> final(vx=0.12, ω=-0.03), raw仅观测(vx=0.00, ω=0.00), 距离=1.60m, 队列=0
[INFO] [1774659808.563663692] [usv_03.velocity_controller_node]: 🚀 纯RL导航中: rl(vx=0.40, ω=-0.40) -> final(vx=0.40, ω=-0.40), raw仅观测(vx=0.00, ω=0.00), 距离=1.24m, 队列=0
[INFO] [1774659808.965334132] [usv_01.velocity_controller_node]: 🚀 纯RL导航中: rl(vx=0.40, ω=-0.30) -> final(vx=0.40, ω=-0.30), raw仅观测(vx=0.13, ω=0.40), 距离=8.78m, 队列=0
[INFO] [1774659809.144556329] [usv_01.velocity_controller_node]: 🚀 纯RL导航中: rl(vx=0.15, ω=-0.40) -> final(vx=0.15, ω=-0.40), raw仅观测(vx=0.00, ω=0.00), 距离=2.73m, 队列=0
[INFO] [1774659809.776270145] [usv_02.velocity_controller_node]: 🚀 纯RL导航中: rl(vx=0.12, ω=-0.06) -> final(vx=0.12, ω=-0.06), raw仅观测(vx=0.00, ω=0.00), 距离=3.23m, 队列=0
[INFO] [1774659809.887777772] [usv_03.velocity_controller_node]: 🚀 纯RL导航中: rl(vx=0.40, ω=0.40) -> final(vx=0.40, ω=0.40), raw仅观测(vx=0.00, ω=0.00), 距离=1.59m, 队列=0
[INFO] [1774659809.982630711] [usv_02.velocity_controller_node]: 🚀 纯RL导航中: rl(vx=0.40, ω=-0.40) -> final(vx=0.40, ω=-0.40), raw仅观测(vx=0.12, ω=-0.40), 距离=8.75m, 队列=0
[INFO] [1774659810.566733404] [usv_03.velocity_controller_node]: 🚀 纯RL导航中: rl(vx=0.20, ω=-0.40) -> final(vx=0.20, ω=-0.40), raw仅观测(vx=0.00, ω=0.00), 距离=0.58m, 队列=0
[INFO] [1774659811.041390706] [usv_01.velocity_controller_node]: 🚀 纯RL导航中: rl(vx=0.12, ω=-0.40) -> final(vx=0.12, ω=-0.40), raw仅观测(vx=0.11, ω=0.40), 距离=8.28m, 队列=0
[INFO] [1774659811.138409683] [usv_01.velocity_controller_node]: 🚀 纯RL导航中: rl(vx=0.40, ω=0.40) -> final(vx=0.40, ω=0.40), raw仅观测(vx=0.00, ω=0.00), 距离=2.49m, 队列=0
[INFO] [1774659811.784943554] [usv_02.velocity_controller_node]: 🚀 纯RL导航中: rl(vx=0.12, ω=-0.40) -> final(vx=0.12, ω=-0.40), raw仅观测(vx=0.00, ω=0.00), 距离=3.41m, 队列=0
[INFO] [1774659811.854868463] [usv_03.velocity_controller_node]: 🚀 纯RL导航中: rl(vx=0.12, ω=-0.21) -> final(vx=0.12, ω=-0.21), raw仅观测(vx=0.00, ω=0.00), 距离=1.86m, 队列=0
[INFO] [1774659812.265112552] [usv_02.velocity_controller_node]: 🚀 纯RL导航中: rl(vx=0.25, ω=0.34) -> final(vx=0.25, ω=0.34), raw仅观测(vx=0.25, ω=-0.38), 距离=8.24m, 队列=0
[INFO] [1774659812.606221746] [usv_03.velocity_controller_node]: 🚀 纯RL导航中: rl(vx=0.12, ω=0.40) -> final(vx=0.12, ω=0.40), raw仅观测(vx=0.00, ω=0.00), 距离=0.10m, 队列=0
[INFO] [1774659813.136597311] [usv_01.velocity_controller_node]: 🚀 纯RL导航中: rl(vx=0.12, ω=-0.40) -> final(vx=0.12, ω=-0.40), raw仅观测(vx=0.00, ω=0.00), 距离=8.06m, 队列=0
[INFO] [1774659813.239814394] [usv_01.velocity_controller_node]: 🚀 纯RL导航中: rl(vx=0.40, ω=-0.39) -> final(vx=0.40, ω=-0.39), raw仅观测(vx=0.00, ω=0.00), 距离=2.44m, 队列=0
[INFO] [1774659813.864756293] [usv_03.velocity_controller_node]: 🚀 纯RL导航中: rl(vx=0.40, ω=0.40) -> final(vx=0.40, ω=0.40), raw仅观测(vx=0.00, ω=0.00), 距离=2.18m, 队列=0
[INFO] [1774659813.882971908] [usv_02.velocity_controller_node]: 🚀 纯RL导航中: rl(vx=0.12, ω=0.40) -> final(vx=0.12, ω=0.40), raw仅观测(vx=0.00, ω=0.00), 距离=3.27m, 队列=0
[INFO] [1774659814.432179598] [usv_02.velocity_controller_node]: 🚀 纯RL导航中: rl(vx=0.40, ω=-0.40) -> final(vx=0.40, ω=-0.40), raw仅观测(vx=0.40, ω=0.29), 距离=7.57m, 队列=0
[INFO] [1774659814.614670851] [usv_03.velocity_controller_node]: 🚀 纯RL导航中: rl(vx=0.12, ω=-0.40) -> final(vx=0.12, ω=-0.40), raw仅观测(vx=0.00, ω=0.00), 距离=0.26m, 队列=0
[INFO] [1774659815.398484895] [usv_01.velocity_controller_node]: 🚀 纯RL导航中: rl(vx=0.40, ω=0.37) -> final(vx=0.40, ω=0.37), raw仅观测(vx=0.00, ω=0.00), 距离=2.37m, 队列=0
[INFO] [1774659815.472998383] [usv_01.velocity_controller_node]: 🚀 纯RL导航中: rl(vx=0.12, ω=-0.33) -> final(vx=0.12, ω=-0.33), raw仅观测(vx=0.00, ω=0.00), 距离=7.71m, 队列=0
[INFO] [1774659815.988324891] [usv_03.velocity_controller_node]: 🚀 纯RL导航中: rl(vx=0.29, ω=0.40) -> final(vx=0.29, ω=0.40), raw仅观测(vx=0.00, ω=0.00), 距离=2.59m, 队列=0
[INFO] [1774659815.988812499] [usv_02.velocity_controller_node]: 🚀 纯RL导航中: rl(vx=0.40, ω=0.09) -> final(vx=0.40, ω=0.09), raw仅观测(vx=0.00, ω=0.00), 距离=3.25m, 队列=0
[INFO] [1774659817.020702740] [usv_03.velocity_controller_node]: 🚀 纯RL导航中: rl(vx=0.40, ω=-0.07) -> final(vx=0.40, ω=-0.07), raw仅观测(vx=0.00, ω=0.00), 距离=0.66m, 队列=0
[INFO] [1774659817.200394347] [usv_02.velocity_controller_node]: 🚀 纯RL导航中: rl(vx=0.12, ω=0.40) -> final(vx=0.12, ω=0.40), raw仅观测(vx=0.19, ω=0.32), 距离=6.89m, 队列=0
[INFO] [1774659817.583566872] [usv_01.velocity_controller_node]: 🚀 纯RL导航中: rl(vx=0.12, ω=-0.34) -> final(vx=0.12, ω=-0.34), raw仅观测(vx=0.00, ω=0.00), 距离=2.38m, 队列=0
[INFO] [1774659817.774119766] [usv_01.velocity_controller_node]: 🚀 纯RL导航中: rl(vx=0.40, ω=-0.40) -> final(vx=0.40, ω=-0.40), raw仅观测(vx=0.00, ω=0.00), 距离=7.12m, 队列=0
[INFO] [1774659818.175092699] [usv_02.velocity_controller_node]: 🚀 纯RL导航中: rl(vx=0.40, ω=0.40) -> final(vx=0.40, ω=0.40), raw仅观测(vx=0.00, ω=0.00), 距离=3.54m, 队列=0
[INFO] [1774659818.177207136] [usv_03.velocity_controller_node]: 🚀 纯RL导航中: rl(vx=0.40, ω=0.30) -> final(vx=0.40, ω=0.30), raw仅观测(vx=0.00, ω=0.00), 距离=2.60m, 队列=0
[INFO] [1774659819.061609327] [usv_03.velocity_controller_node]: 🚀 纯RL导航中: rl(vx=0.12, ω=-0.40) -> final(vx=0.12, ω=-0.40), raw仅观测(vx=0.00, ω=0.00), 距离=1.18m, 队列=0
[INFO] [1774659819.330822381] [usv_01.velocity_controller_node]: 📨 velocity_controller 收到目标 [ID=1019]: (12.12, -0.09), nav_mode=0, control_mode=velocity
[INFO] [1774659819.331206388] [usv_01.velocity_controller_node]: 📊 导航状态: IDLE → ACTIVE (新导航目标[ID=1019])
[INFO] [1774659819.331648696] [usv_01.velocity_controller_node]: 🎯 新导航目标 [ID=1019]: (12.12, -0.09), 速度=0.40 m/s
[INFO] [1774659819.381593859] [usv_01.velocity_controller_node]: 📨 velocity_controller 收到目标 [ID=1019]: (12.12, -0.09), nav_mode=0, control_mode=velocity
[INFO] [1774659819.427998162] [usv_01.velocity_controller_node]: 📨 velocity_controller 收到目标 [ID=1019]: (12.12, -0.09), nav_mode=0, control_mode=velocity
[INFO] [1774659819.478154229] [usv_01.velocity_controller_node]: 📨 velocity_controller 收到目标 [ID=1019]: (12.12, -0.09), nav_mode=0, control_mode=velocity
[INFO] [1774659819.559048327] [usv_01.velocity_controller_node]: 📨 velocity_controller 收到目标 [ID=1019]: (12.12, -0.09), nav_mode=0, control_mode=velocity
[INFO] [1774659819.581722319] [usv_02.velocity_controller_node]: 📨 velocity_controller 收到目标 [ID=2019]: (0.31, -0.36), nav_mode=0, control_mode=velocity
[INFO] [1774659819.582120326] [usv_02.velocity_controller_node]: 📊 导航状态: IDLE → ACTIVE (新导航目标[ID=2019])
[INFO] [1774659819.582881639] [usv_02.velocity_controller_node]: 🎯 新导航目标 [ID=2019]: (0.31, -0.36), 速度=0.40 m/s
[INFO] [1774659819.589964462] [usv_02.velocity_controller_node]: 🚀 纯RL导航中: rl(vx=0.40, ω=0.26) -> final(vx=0.40, ω=0.26), raw仅观测(vx=0.25, ω=0.33), 距离=6.52m, 队列=0
[INFO] [1774659819.639689522] [usv_02.velocity_controller_node]: 📨 velocity_controller 收到目标 [ID=2019]: (0.31, -0.36), nav_mode=0, control_mode=velocity
[INFO] [1774659819.694594671] [usv_02.velocity_controller_node]: 📨 velocity_controller 收到目标 [ID=2019]: (0.31, -0.36), nav_mode=0, control_mode=velocity
[INFO] [1774659819.757439358] [usv_02.velocity_controller_node]: 📨 velocity_controller 收到目标 [ID=2019]: (0.31, -0.36), nav_mode=0, control_mode=velocity
[INFO] [1774659819.823632802] [usv_02.velocity_controller_node]: 📨 velocity_controller 收到目标 [ID=2019]: (0.31, -0.36), nav_mode=0, control_mode=velocity
[INFO] [1774659819.839193571] [usv_01.velocity_controller_node]: 🚀 纯RL导航中: rl(vx=0.12, ω=0.40) -> final(vx=0.12, ω=0.40), raw仅观测(vx=0.00, ω=0.00), 距离=6.51m, 队列=0
[INFO] [1774659819.842189323] [usv_03.velocity_controller_node]: 📨 velocity_controller 收到目标 [ID=3019]: (-0.11, 13.16), nav_mode=0, control_mode=velocity
[INFO] [1774659819.857630690] [usv_03.velocity_controller_node]: 📊 导航状态: IDLE → ACTIVE (新导航目标[ID=3019])
[INFO] [1774659819.858175699] [usv_03.velocity_controller_node]: 🎯 新导航目标 [ID=3019]: (-0.11, 13.16), 速度=0.40 m/s
[INFO] [1774659819.893517510] [usv_03.velocity_controller_node]: 📨 velocity_controller 收到目标 [ID=3019]: (-0.11, 13.16), nav_mode=0, control_mode=velocity
[INFO] [1774659819.937993079] [usv_03.velocity_controller_node]: 📨 velocity_controller 收到目标 [ID=3019]: (-0.11, 13.16), nav_mode=0, control_mode=velocity
[INFO] [1774659819.984898490] [usv_03.velocity_controller_node]: 📨 velocity_controller 收到目标 [ID=3019]: (-0.11, 13.16), nav_mode=0, control_mode=velocity
[INFO] [1774659820.090990025] [usv_03.velocity_controller_node]: 📨 velocity_controller 收到目标 [ID=3019]: (-0.11, 13.16), nav_mode=0, control_mode=velocity
[INFO] [1774659820.314581490] [usv_01.velocity_controller_node]: 🚀 纯RL导航中: rl(vx=0.12, ω=0.08) -> final(vx=0.12, ω=0.08), raw仅观测(vx=0.16, ω=-0.40), 距离=12.02m, 队列=0
[INFO] [1774659821.079295212] [usv_02.velocity_controller_node]: 🚀 纯RL导航中: rl(vx=0.40, ω=-0.40) -> final(vx=0.40, ω=-0.40), raw仅观测(vx=0.40, ω=-0.23), 距离=11.35m, 队列=0
[INFO] [1774659821.084162496] [usv_03.velocity_controller_node]: 🚀 纯RL导航中: rl(vx=0.40, ω=0.20) -> final(vx=0.40, ω=0.20), raw仅观测(vx=0.00, ω=0.00), 距离=1.60m, 队列=0
[INFO] [1774659821.162896658] [usv_03.velocity_controller_node]: 🚀 纯RL导航中: rl(vx=0.12, ω=0.40) -> final(vx=0.12, ω=0.40), raw仅观测(vx=0.35, ω=-0.09), 距离=1.92m, 队列=0
[INFO] [1774659821.819396008] [usv_02.velocity_controller_node]: 🚀 纯RL导航中: rl(vx=0.40, ω=0.40) -> final(vx=0.40, ω=0.40), raw仅观测(vx=0.31, ω=0.09), 距离=6.05m, 队列=0
[INFO] [1774659821.894927614] [usv_01.velocity_controller_node]: 🚀 纯RL导航中: rl(vx=0.12, ω=0.40) -> final(vx=0.12, ω=0.40), raw仅观测(vx=0.00, ω=0.00), 距离=6.15m, 队列=0
[INFO] [1774659822.412823468] [usv_01.velocity_controller_node]: 🚀 纯RL导航中: rl(vx=0.12, ω=0.15) -> final(vx=0.12, ω=0.15), raw仅观测(vx=0.12, ω=-0.40), 距离=11.31m, 队列=0
[INFO] [1774659823.113885490] [usv_03.velocity_controller_node]: 🚀 纯RL导航中: rl(vx=0.12, ω=0.01) -> final(vx=0.12, ω=0.01), raw仅观测(vx=0.00, ω=0.00), 距离=2.04m, 队列=0
[INFO] [1774659823.390110065] [usv_02.velocity_controller_node]: 🚀 纯RL导航中: rl(vx=0.40, ω=0.40) -> final(vx=0.40, ω=0.40), raw仅观测(vx=0.12, ω=-0.40), 距离=10.95m, 队列=0
[INFO] [1774659823.420249587] [usv_03.velocity_controller_node]: 🚀 纯RL导航中: rl(vx=0.12, ω=-0.34) -> final(vx=0.12, ω=-0.34), raw仅观测(vx=0.05, ω=-0.34), 距离=1.49m, 队列=0
[INFO] [1774659823.944792056] [usv_01.velocity_controller_node]: 🚀 纯RL导航中: rl(vx=0.40, ω=-0.40) -> final(vx=0.40, ω=-0.40), raw仅观测(vx=0.00, ω=0.00), 距离=5.49m, 队列=0
[INFO] [1774659824.167371005] [usv_02.velocity_controller_node]: 🚀 纯RL导航中: rl(vx=0.40, ω=-0.40) -> final(vx=0.40, ω=-0.40), raw仅观测(vx=0.09, ω=0.40), 距离=5.45m, 队列=0
[INFO] [1774659824.713385546] [usv_01.velocity_controller_node]: 🚀 纯RL导航中: rl(vx=0.40, ω=-0.40) -> final(vx=0.40, ω=-0.40), raw仅观测(vx=0.12, ω=-0.36), 距离=11.02m, 队列=0
[INFO] [1774659825.160365375] [usv_03.velocity_controller_node]: 🚀 纯RL导航中: rl(vx=0.40, ω=-0.40) -> final(vx=0.40, ω=-0.40), raw仅观测(vx=0.00, ω=0.00), 距离=2.64m, 队列=0
[INFO] [1774659825.689406423] [usv_03.velocity_controller_node]: 🚀 纯RL导航中: rl(vx=0.40, ω=-0.40) -> final(vx=0.40, ω=-0.40), raw仅观测(vx=0.07, ω=-0.07), 距离=0.79m, 队列=0
[INFO] [1774659825.761777674] [usv_02.velocity_controller_node]: 🚀 纯RL导航中: rl(vx=0.40, ω=-0.40) -> final(vx=0.40, ω=-0.40), raw仅观测(vx=0.12, ω=-0.40), 距离=10.30m, 队列=0
[INFO] [1774659825.989844918] [usv_01.velocity_controller_node]: 🚀 纯RL导航中: rl(vx=0.40, ω=0.02) -> final(vx=0.40, ω=0.02), raw仅观测(vx=0.00, ω=0.00), 距离=5.23m, 队列=0
[INFO] [1774659826.327086949] [usv_02.velocity_controller_node]: 🚀 纯RL导航中: rl(vx=0.24, ω=-0.40) -> final(vx=0.24, ω=-0.40), raw仅观测(vx=0.24, ω=0.16), 距离=5.15m, 队列=0
[INFO] [1774659827.063727586] [usv_01.velocity_controller_node]: 🚀 纯RL导航中: rl(vx=0.40, ω=0.40) -> final(vx=0.40, ω=0.40), raw仅观测(vx=0.33, ω=0.10), 距离=10.36m, 队列=0
[INFO] [1774659827.161079070] [usv_03.velocity_controller_node]: 🚀 纯RL导航中: rl(vx=0.39, ω=-0.40) -> final(vx=0.39, ω=-0.40), raw仅观测(vx=0.00, ω=0.00), 距离=3.24m, 队列=0
[INFO] [1774659827.767016547] [usv_03.velocity_controller_node]: 🚀 纯RL导航中: rl(vx=0.12, ω=-0.40) -> final(vx=0.12, ω=-0.40), raw仅观测(vx=0.00, ω=0.00), 距离=0.18m, 队列=0
[MAPPO][update=1183] total_steps=681408 rollout_steps=192 sample_count=576 rollout_time=26.50s rollout_sps=21.7 update_time=0.06s update_sps=28447.0 update_share=0.23% loss=196.3654 mean_reward=-2.6448 episodes=1 entropy_coef=0.0300 lr=3.00e-05 gpu=cpu
[INFO] [1774659828.020755435] [usv_01.velocity_controller_node]: 🚀 纯RL导航中: rl(vx=0.40, ω=0.40) -> final(vx=0.40, ω=0.40), raw仅观测(vx=0.00, ω=0.00), 距离=4.86m, 队列=0
[INFO] [1774659828.226403191] [usv_02.velocity_controller_node]: 🚀 纯RL导航中: rl(vx=0.40, ω=0.35) -> final(vx=0.40, ω=0.35), raw仅观测(vx=0.40, ω=-0.02), 距离=9.44m, 队列=0
[INFO] [1774659828.432251550] [usv_02.velocity_controller_node]: 🚀 纯RL导航中: rl(vx=0.25, ω=-0.40) -> final(vx=0.25, ω=-0.40), raw仅观测(vx=0.21, ω=-0.23), 距离=4.72m, 队列=0
[INFO] [1774659829.158478707] [usv_03.velocity_controller_node]: 🚀 纯RL导航中: rl(vx=0.12, ω=0.40) -> final(vx=0.12, ω=0.40), raw仅观测(vx=0.00, ω=0.00), 距离=3.80m, 队列=0
[INFO] [1774659829.207613957] [usv_01.velocity_controller_node]: 🚀 纯RL导航中: rl(vx=0.40, ω=0.40) -> final(vx=0.40, ω=0.40), raw仅观测(vx=0.12, ω=0.40), 距离=9.91m, 队列=0
[INFO] [1774659829.758554883] [usv_03.velocity_controller_node]: 🚀 纯RL导航中: rl(vx=0.40, ω=-0.40) -> final(vx=0.40, ω=-0.40), raw仅观测(vx=0.00, ω=0.00), 距离=0.35m, 队列=0
[INFO] [1774659829.997770720] [usv_01.velocity_controller_node]: 🚀 纯RL导航中: rl(vx=0.40, ω=0.40) -> final(vx=0.40, ω=0.40), raw仅观测(vx=0.00, ω=0.00), 距离=4.46m, 队列=0
[INFO] [1774659830.584007856] [usv_02.velocity_controller_node]: 🚀 纯RL导航中: rl(vx=0.12, ω=0.40) -> final(vx=0.12, ω=0.40), raw仅观测(vx=0.13, ω=0.40), 距离=8.91m, 队列=0
[INFO] [1774659830.649750793] [usv_02.velocity_controller_node]: 🚀 纯RL导航中: rl(vx=0.40, ω=0.40) -> final(vx=0.40, ω=0.40), raw仅观测(vx=0.19, ω=-0.16), 距离=4.42m, 队列=0
[INFO] [1774659831.261736075] [usv_03.velocity_controller_node]: 🚀 纯RL导航中: rl(vx=0.40, ω=0.26) -> final(vx=0.40, ω=0.26), raw仅观测(vx=0.00, ω=0.00), 距离=4.37m, 队列=0
[INFO] [1774659831.302346677] [usv_01.velocity_controller_node]: 🚀 纯RL导航中: rl(vx=0.17, ω=0.40) -> final(vx=0.17, ω=0.40), raw仅观测(vx=0.15, ω=0.34), 距离=9.14m, 队列=0
[INFO] [1774659831.794374185] [usv_03.velocity_controller_node]: 🚀 纯RL导航中: rl(vx=0.40, ω=0.40) -> final(vx=0.40, ω=0.40), raw仅观测(vx=0.00, ω=0.00), 距离=0.93m, 队列=0
[INFO] [1774659832.127824050] [usv_01.velocity_controller_node]: 🚀 纯RL导航中: rl(vx=0.40, ω=0.40) -> final(vx=0.40, ω=0.40), raw仅观测(vx=0.00, ω=0.00), 距离=4.09m, 队列=0
[INFO] [1774659832.830199193] [usv_02.velocity_controller_node]: 🚀 纯RL导航中: rl(vx=0.12, ω=-0.40) -> final(vx=0.12, ω=-0.40), raw仅观测(vx=0.21, ω=0.07), 距离=3.55m, 队列=0
[INFO] [1774659832.904232573] [usv_02.velocity_controller_node]: 🚀 纯RL导航中: rl(vx=0.40, ω=0.40) -> final(vx=0.40, ω=0.40), raw仅观测(vx=0.11, ω=0.40), 距离=8.17m, 队列=0
[INFO] [1774659833.360093455] [usv_03.velocity_controller_node]: 🚀 纯RL导航中: rl(vx=0.12, ω=-0.40) -> final(vx=0.12, ω=-0.40), raw仅观测(vx=0.00, ω=0.00), 距离=4.87m, 队列=0
[INFO] [1774659833.506398484] [usv_01.velocity_controller_node]: 🚀 纯RL导航中: rl(vx=0.12, ω=-0.40) -> final(vx=0.12, ω=-0.40), raw仅观测(vx=0.40, ω=-0.11), 距离=8.74m, 队列=0
